solid ASCII
  facet normal -0.000000e+00 1.196850e-02 9.999284e-01
    outer loop
      vertex   -2.000000e+02 -8.606648e+01 1.083126e+02
      vertex   -1.960000e+02 -8.606648e+01 1.083126e+02
      vertex   -2.000000e+02 -8.582620e+01 1.083098e+02
    endloop
  endfacet
  facet normal -6.824653e-23 1.196850e-02 9.999284e-01
    outer loop
      vertex   -2.000000e+02 -8.582620e+01 1.083098e+02
      vertex   -1.960000e+02 -8.606648e+01 1.083126e+02
      vertex   -1.920000e+02 -8.606648e+01 1.083126e+02
    endloop
  endfacet
  facet normal -0.000000e+00 1.196850e-02 9.999284e-01
    outer loop
      vertex   -2.000000e+02 -8.582620e+01 1.083098e+02
      vertex   -1.920000e+02 -8.606648e+01 1.083126e+02
      vertex   -1.880000e+02 -8.582620e+01 1.083098e+02
    endloop
  endfacet
  facet normal -6.824653e-23 1.196850e-02 9.999284e-01
    outer loop
      vertex   -1.880000e+02 -8.582620e+01 1.083098e+02
      vertex   -1.920000e+02 -8.606648e+01 1.083126e+02
      vertex   -1.880000e+02 -8.606648e+01 1.083126e+02
    endloop
  endfacet
  facet normal 0.000000e+00 2.501677e-01 9.682025e-01
    outer loop
      vertex   -1.880000e+02 -8.606648e+01 1.083126e+02
      vertex   -1.920000e+02 -8.606648e+01 1.083126e+02
      vertex   -1.880000e+02 -8.629914e+01 1.083727e+02
    endloop
  endfacet
  facet normal 0.000000e+00 2.501677e-01 9.682025e-01
    outer loop
      vertex   -1.880000e+02 -8.629914e+01 1.083727e+02
      vertex   -1.920000e+02 -8.606648e+01 1.083126e+02
      vertex   -1.920000e+02 -8.629914e+01 1.083727e+02
    endloop
  endfacet
  facet normal 0.000000e+00 4.739209e-01 8.805674e-01
    outer loop
      vertex   -1.880000e+02 -8.629914e+01 1.083727e+02
      vertex   -1.920000e+02 -8.629914e+01 1.083727e+02
      vertex   -1.880000e+02 -8.651075e+01 1.084866e+02
    endloop
  endfacet
  facet normal 0.000000e+00 4.739209e-01 8.805674e-01
    outer loop
      vertex   -1.880000e+02 -8.651075e+01 1.084866e+02
      vertex   -1.920000e+02 -8.629914e+01 1.083727e+02
      vertex   -1.920000e+02 -8.651075e+01 1.084866e+02
    endloop
  endfacet
  facet normal 0.000000e+00 6.703073e-01 7.420836e-01
    outer loop
      vertex   -1.880000e+02 -8.651075e+01 1.084866e+02
      vertex   -1.920000e+02 -8.651075e+01 1.084866e+02
      vertex   -1.880000e+02 -8.668907e+01 1.086477e+02
    endloop
  endfacet
  facet normal 0.000000e+00 6.703073e-01 7.420836e-01
    outer loop
      vertex   -1.880000e+02 -8.668907e+01 1.086477e+02
      vertex   -1.920000e+02 -8.651075e+01 1.084866e+02
      vertex   -1.920000e+02 -8.668907e+01 1.086477e+02
    endloop
  endfacet
  facet normal 0.000000e+00 8.279866e-01 5.607479e-01
    outer loop
      vertex   -1.880000e+02 -8.668907e+01 1.086477e+02
      vertex   -1.920000e+02 -8.668907e+01 1.086477e+02
      vertex   -1.880000e+02 -8.682382e+01 1.088467e+02
    endloop
  endfacet
  facet normal 0.000000e+00 8.279866e-01 5.607479e-01
    outer loop
      vertex   -1.880000e+02 -8.682382e+01 1.088467e+02
      vertex   -1.920000e+02 -8.668907e+01 1.086477e+02
      vertex   -1.920000e+02 -8.682382e+01 1.088467e+02
    endloop
  endfacet
  facet normal 0.000000e+00 9.378534e-01 3.470316e-01
    outer loop
      vertex   -1.880000e+02 -8.682382e+01 1.088467e+02
      vertex   -1.920000e+02 -8.682382e+01 1.088467e+02
      vertex   -1.880000e+02 -8.690721e+01 1.090720e+02
    endloop
  endfacet
  facet normal 0.000000e+00 9.378534e-01 3.470316e-01
    outer loop
      vertex   -1.880000e+02 -8.690721e+01 1.090720e+02
      vertex   -1.920000e+02 -8.682382e+01 1.088467e+02
      vertex   -1.920000e+02 -8.690721e+01 1.090720e+02
    endloop
  endfacet
  facet normal 0.000000e+00 9.935636e-01 1.132758e-01
    outer loop
      vertex   -1.880000e+02 -8.690721e+01 1.090720e+02
      vertex   -1.920000e+02 -8.690721e+01 1.090720e+02
      vertex   -1.880000e+02 -8.693443e+01 1.093108e+02
    endloop
  endfacet
  facet normal 0.000000e+00 9.935636e-01 1.132758e-01
    outer loop
      vertex   -1.880000e+02 -8.693443e+01 1.093108e+02
      vertex   -1.920000e+02 -8.690721e+01 1.090720e+02
      vertex   -1.920000e+02 -8.693443e+01 1.093108e+02
    endloop
  endfacet
  facet normal 0.000000e+00 9.919000e-01 -1.270211e-01
    outer loop
      vertex   -1.880000e+02 -8.693443e+01 1.093108e+02
      vertex   -1.920000e+02 -8.693443e+01 1.093108e+02
      vertex   -1.880000e+02 -8.690391e+01 1.095492e+02
    endloop
  endfacet
  facet normal 0.000000e+00 9.919000e-01 -1.270211e-01
    outer loop
      vertex   -1.880000e+02 -8.690391e+01 1.095492e+02
      vertex   -1.920000e+02 -8.693443e+01 1.093108e+02
      vertex   -1.920000e+02 -8.690391e+01 1.095492e+02
    endloop
  endfacet
  facet normal 0.000000e+00 9.329588e-01 -3.599832e-01
    outer loop
      vertex   -1.880000e+02 -8.690391e+01 1.095492e+02
      vertex   -1.920000e+02 -8.690391e+01 1.095492e+02
      vertex   -1.880000e+02 -8.681741e+01 1.097733e+02
    endloop
  endfacet
  facet normal -8.975612e-20 9.329588e-01 -3.599832e-01
    outer loop
      vertex   -1.880000e+02 -8.681741e+01 1.097733e+02
      vertex   -1.920000e+02 -8.690391e+01 1.095492e+02
      vertex   -1.960000e+02 -8.690391e+01 1.095492e+02
    endloop
  endfacet
  facet normal 0.000000e+00 9.329588e-01 -3.599832e-01
    outer loop
      vertex   -1.880000e+02 -8.681741e+01 1.097733e+02
      vertex   -1.960000e+02 -8.690391e+01 1.095492e+02
      vertex   -2.000000e+02 -8.681741e+01 1.097733e+02
    endloop
  endfacet
  facet normal -8.975612e-20 9.329588e-01 -3.599832e-01
    outer loop
      vertex   -2.000000e+02 -8.681741e+01 1.097733e+02
      vertex   -1.960000e+02 -8.690391e+01 1.095492e+02
      vertex   -2.000000e+02 -8.690391e+01 1.095492e+02
    endloop
  endfacet
  facet normal 0.000000e+00 9.919000e-01 -1.270211e-01
    outer loop
      vertex   -2.000000e+02 -8.690391e+01 1.095492e+02
      vertex   -1.960000e+02 -8.690391e+01 1.095492e+02
      vertex   -2.000000e+02 -8.693443e+01 1.093108e+02
    endloop
  endfacet
  facet normal 0.000000e+00 9.919000e-01 -1.270211e-01
    outer loop
      vertex   -2.000000e+02 -8.693443e+01 1.093108e+02
      vertex   -1.960000e+02 -8.690391e+01 1.095492e+02
      vertex   -1.960000e+02 -8.693443e+01 1.093108e+02
    endloop
  endfacet
  facet normal -0.000000e+00 9.935636e-01 1.132758e-01
    outer loop
      vertex   -2.000000e+02 -8.693443e+01 1.093108e+02
      vertex   -1.960000e+02 -8.693443e+01 1.093108e+02
      vertex   -2.000000e+02 -8.690721e+01 1.090720e+02
    endloop
  endfacet
  facet normal -0.000000e+00 9.935636e-01 1.132758e-01
    outer loop
      vertex   -2.000000e+02 -8.690721e+01 1.090720e+02
      vertex   -1.960000e+02 -8.693443e+01 1.093108e+02
      vertex   -1.960000e+02 -8.690721e+01 1.090720e+02
    endloop
  endfacet
  facet normal -0.000000e+00 9.378534e-01 3.470316e-01
    outer loop
      vertex   -2.000000e+02 -8.690721e+01 1.090720e+02
      vertex   -1.960000e+02 -8.690721e+01 1.090720e+02
      vertex   -2.000000e+02 -8.682382e+01 1.088467e+02
    endloop
  endfacet
  facet normal -0.000000e+00 9.378534e-01 3.470316e-01
    outer loop
      vertex   -2.000000e+02 -8.682382e+01 1.088467e+02
      vertex   -1.960000e+02 -8.690721e+01 1.090720e+02
      vertex   -1.960000e+02 -8.682382e+01 1.088467e+02
    endloop
  endfacet
  facet normal -0.000000e+00 8.279866e-01 5.607479e-01
    outer loop
      vertex   -2.000000e+02 -8.682382e+01 1.088467e+02
      vertex   -1.960000e+02 -8.682382e+01 1.088467e+02
      vertex   -2.000000e+02 -8.668907e+01 1.086477e+02
    endloop
  endfacet
  facet normal -0.000000e+00 8.279866e-01 5.607479e-01
    outer loop
      vertex   -2.000000e+02 -8.668907e+01 1.086477e+02
      vertex   -1.960000e+02 -8.682382e+01 1.088467e+02
      vertex   -1.960000e+02 -8.668907e+01 1.086477e+02
    endloop
  endfacet
  facet normal -0.000000e+00 6.703073e-01 7.420836e-01
    outer loop
      vertex   -2.000000e+02 -8.668907e+01 1.086477e+02
      vertex   -1.960000e+02 -8.668907e+01 1.086477e+02
      vertex   -2.000000e+02 -8.651075e+01 1.084866e+02
    endloop
  endfacet
  facet normal -0.000000e+00 6.703073e-01 7.420836e-01
    outer loop
      vertex   -2.000000e+02 -8.651075e+01 1.084866e+02
      vertex   -1.960000e+02 -8.668907e+01 1.086477e+02
      vertex   -1.960000e+02 -8.651075e+01 1.084866e+02
    endloop
  endfacet
  facet normal -0.000000e+00 4.739209e-01 8.805674e-01
    outer loop
      vertex   -2.000000e+02 -8.651075e+01 1.084866e+02
      vertex   -1.960000e+02 -8.651075e+01 1.084866e+02
      vertex   -2.000000e+02 -8.629914e+01 1.083727e+02
    endloop
  endfacet
  facet normal -0.000000e+00 4.739209e-01 8.805674e-01
    outer loop
      vertex   -2.000000e+02 -8.629914e+01 1.083727e+02
      vertex   -1.960000e+02 -8.651075e+01 1.084866e+02
      vertex   -1.960000e+02 -8.629914e+01 1.083727e+02
    endloop
  endfacet
  facet normal -0.000000e+00 2.501677e-01 9.682025e-01
    outer loop
      vertex   -2.000000e+02 -8.629914e+01 1.083727e+02
      vertex   -1.960000e+02 -8.629914e+01 1.083727e+02
      vertex   -2.000000e+02 -8.606648e+01 1.083126e+02
    endloop
  endfacet
  facet normal -0.000000e+00 2.501677e-01 9.682025e-01
    outer loop
      vertex   -2.000000e+02 -8.606648e+01 1.083126e+02
      vertex   -1.960000e+02 -8.629914e+01 1.083727e+02
      vertex   -1.960000e+02 -8.606648e+01 1.083126e+02
    endloop
  endfacet
  facet normal 6.824782e-19 2.501677e-01 9.682025e-01
    outer loop
      vertex   -1.920000e+02 -8.629914e+01 1.083727e+02
      vertex   -1.920000e+02 -8.606648e+01 1.083126e+02
      vertex   -1.960000e+02 -8.606648e+01 1.083126e+02
    endloop
  endfacet
  facet normal 0.000000e+00 2.501677e-01 9.682025e-01
    outer loop
      vertex   -1.920000e+02 -8.629914e+01 1.083727e+02
      vertex   -1.960000e+02 -8.606648e+01 1.083126e+02
      vertex   -1.960000e+02 -8.629914e+01 1.083727e+02
    endloop
  endfacet
  facet normal 1.076873e-18 4.739209e-01 8.805674e-01
    outer loop
      vertex   -1.920000e+02 -8.651075e+01 1.084866e+02
      vertex   -1.920000e+02 -8.629914e+01 1.083727e+02
      vertex   -1.960000e+02 -8.629914e+01 1.083727e+02
    endloop
  endfacet
  facet normal 0.000000e+00 4.739209e-01 8.805674e-01
    outer loop
      vertex   -1.920000e+02 -8.651075e+01 1.084866e+02
      vertex   -1.960000e+02 -8.629914e+01 1.083727e+02
      vertex   -1.960000e+02 -8.651075e+01 1.084866e+02
    endloop
  endfacet
  facet normal -1.271790e-18 6.703073e-01 7.420836e-01
    outer loop
      vertex   -1.920000e+02 -8.668907e+01 1.086477e+02
      vertex   -1.920000e+02 -8.651075e+01 1.084866e+02
      vertex   -1.960000e+02 -8.651075e+01 1.084866e+02
    endloop
  endfacet
  facet normal 0.000000e+00 6.703073e-01 7.420836e-01
    outer loop
      vertex   -1.920000e+02 -8.668907e+01 1.086477e+02
      vertex   -1.960000e+02 -8.651075e+01 1.084866e+02
      vertex   -1.960000e+02 -8.668907e+01 1.086477e+02
    endloop
  endfacet
  facet normal 6.797466e-19 8.279866e-01 5.607479e-01
    outer loop
      vertex   -1.920000e+02 -8.682382e+01 1.088467e+02
      vertex   -1.920000e+02 -8.668907e+01 1.086477e+02
      vertex   -1.960000e+02 -8.668907e+01 1.086477e+02
    endloop
  endfacet
  facet normal 0.000000e+00 8.279866e-01 5.607479e-01
    outer loop
      vertex   -1.920000e+02 -8.682382e+01 1.088467e+02
      vertex   -1.960000e+02 -8.668907e+01 1.086477e+02
      vertex   -1.960000e+02 -8.682382e+01 1.088467e+02
    endloop
  endfacet
  facet normal -9.035373e-19 9.378534e-01 3.470316e-01
    outer loop
      vertex   -1.920000e+02 -8.690721e+01 1.090720e+02
      vertex   -1.920000e+02 -8.682382e+01 1.088467e+02
      vertex   -1.960000e+02 -8.682382e+01 1.088467e+02
    endloop
  endfacet
  facet normal 0.000000e+00 9.378534e-01 3.470316e-01
    outer loop
      vertex   -1.920000e+02 -8.690721e+01 1.090720e+02
      vertex   -1.960000e+02 -8.682382e+01 1.088467e+02
      vertex   -1.960000e+02 -8.690721e+01 1.090720e+02
    endloop
  endfacet
  facet normal -3.974618e-20 9.935636e-01 1.132758e-01
    outer loop
      vertex   -1.920000e+02 -8.693443e+01 1.093108e+02
      vertex   -1.920000e+02 -8.690721e+01 1.090720e+02
      vertex   -1.960000e+02 -8.690721e+01 1.090720e+02
    endloop
  endfacet
  facet normal 0.000000e+00 9.935636e-01 1.132758e-01
    outer loop
      vertex   -1.920000e+02 -8.693443e+01 1.093108e+02
      vertex   -1.960000e+02 -8.690721e+01 1.090720e+02
      vertex   -1.960000e+02 -8.693443e+01 1.093108e+02
    endloop
  endfacet
  facet normal -5.762269e-20 9.919000e-01 -1.270211e-01
    outer loop
      vertex   -1.920000e+02 -8.690391e+01 1.095492e+02
      vertex   -1.920000e+02 -8.693443e+01 1.093108e+02
      vertex   -1.960000e+02 -8.693443e+01 1.093108e+02
    endloop
  endfacet
  facet normal 0.000000e+00 9.919000e-01 -1.270211e-01
    outer loop
      vertex   -1.920000e+02 -8.690391e+01 1.095492e+02
      vertex   -1.960000e+02 -8.693443e+01 1.093108e+02
      vertex   -1.960000e+02 -8.690391e+01 1.095492e+02
    endloop
  endfacet
  facet normal 0.000000e+00 8.829476e-01 -4.694716e-01
    outer loop
      vertex   -2.000000e+02 -8.681741e+01 1.097733e+02
      vertex   -2.000000e+02 -8.461705e+01 1.139116e+02
      vertex   -1.880000e+02 -8.681741e+01 1.097733e+02
    endloop
  endfacet
  facet normal -4.751437e-19 8.829476e-01 -4.694716e-01
    outer loop
      vertex   -1.880000e+02 -8.681741e+01 1.097733e+02
      vertex   -2.000000e+02 -8.461705e+01 1.139116e+02
      vertex   -1.880000e+02 -8.461705e+01 1.139116e+02
    endloop
  endfacet
  facet normal -2.480831e-03 9.966818e-01 -8.135842e-02
    outer loop
      vertex   -1.880000e+02 -8.451324e+01 1.142189e+02
      vertex   -1.920000e+02 -8.452970e+01 1.141392e+02
      vertex   -1.880000e+02 -8.450000e+01 1.143811e+02
    endloop
  endfacet
  facet normal -8.562255e-20 9.925462e-01 -1.218693e-01
    outer loop
      vertex   -1.880000e+02 -8.450000e+01 1.143811e+02
      vertex   -1.920000e+02 -8.452970e+01 1.141392e+02
      vertex   -1.960000e+02 -8.452970e+01 1.141392e+02
    endloop
  endfacet
  facet normal 9.936201e-04 9.880432e-01 -1.541740e-01
    outer loop
      vertex   -1.880000e+02 -8.450000e+01 1.143811e+02
      vertex   -1.960000e+02 -8.452970e+01 1.141392e+02
      vertex   -2.000000e+02 -8.451324e+01 1.142189e+02
    endloop
  endfacet
  facet normal -8.287777e-04 9.702954e-01 -2.419218e-01
    outer loop
      vertex   -2.000000e+02 -8.451324e+01 1.142189e+02
      vertex   -1.960000e+02 -8.452970e+01 1.141392e+02
      vertex   -2.000000e+02 -8.455260e+01 1.140610e+02
    endloop
  endfacet
  facet normal 2.480831e-03 9.182133e-01 -3.960785e-01
    outer loop
      vertex   -2.000000e+02 -8.455260e+01 1.140610e+02
      vertex   -1.960000e+02 -8.452970e+01 1.141392e+02
      vertex   -2.000000e+02 -8.461705e+01 1.139116e+02
    endloop
  endfacet
  facet normal -1.652104e-18 9.335804e-01 -3.583679e-01
    outer loop
      vertex   -2.000000e+02 -8.461705e+01 1.139116e+02
      vertex   -1.960000e+02 -8.452970e+01 1.141392e+02
      vertex   -1.920000e+02 -8.452970e+01 1.141392e+02
    endloop
  endfacet
  facet normal -9.936201e-04 9.447707e-01 -3.277306e-01
    outer loop
      vertex   -2.000000e+02 -8.461705e+01 1.139116e+02
      vertex   -1.920000e+02 -8.452970e+01 1.141392e+02
      vertex   -1.880000e+02 -8.455260e+01 1.140610e+02
    endloop
  endfacet
  facet normal 8.287777e-04 9.702954e-01 -2.419218e-01
    outer loop
      vertex   -1.880000e+02 -8.455260e+01 1.140610e+02
      vertex   -1.920000e+02 -8.452970e+01 1.141392e+02
      vertex   -1.880000e+02 -8.451324e+01 1.142189e+02
    endloop
  endfacet
  facet normal 3.701659e-19 9.182161e-01 -3.960798e-01
    outer loop
      vertex   -1.880000e+02 -8.455260e+01 1.140610e+02
      vertex   -1.880000e+02 -8.461705e+01 1.139116e+02
      vertex   -2.000000e+02 -8.461705e+01 1.139116e+02
    endloop
  endfacet
  facet normal 7.045102e-21 9.966849e-01 -8.135867e-02
    outer loop
      vertex   -2.000000e+02 -8.451324e+01 1.142189e+02
      vertex   -2.000000e+02 -8.450000e+01 1.143811e+02
      vertex   -1.880000e+02 -8.450000e+01 1.143811e+02
    endloop
  endfacet
  facet normal -2.747835e-14 1.000000e+00 -5.578583e-14
    outer loop
      vertex   -1.935738e+02 -8.450000e+01 1.171265e+02
      vertex   -1.880000e+02 -8.450000e+01 1.143811e+02
      vertex   -1.940000e+02 -8.450000e+01 1.170817e+02
    endloop
  endfacet
  facet normal 0.000000e+00 1.000000e+00 5.261970e-15
    outer loop
      vertex   -1.940000e+02 -8.450000e+01 1.170817e+02
      vertex   -1.880000e+02 -8.450000e+01 1.143811e+02
      vertex   -2.000000e+02 -8.450000e+01 1.143811e+02
    endloop
  endfacet
  facet normal 2.747835e-14 1.000000e+00 -5.578584e-14
    outer loop
      vertex   -1.940000e+02 -8.450000e+01 1.170817e+02
      vertex   -2.000000e+02 -8.450000e+01 1.143811e+02
      vertex   -1.944262e+02 -8.450000e+01 1.171265e+02
    endloop
  endfacet
  facet normal 0.000000e+00 1.000000e+00 0.000000e+00
    outer loop
      vertex   -1.944262e+02 -8.450000e+01 1.171265e+02
      vertex   -2.000000e+02 -8.450000e+01 1.143811e+02
      vertex   -1.948338e+02 -8.450000e+01 1.172590e+02
    endloop
  endfacet
  facet normal 0.000000e+00 1.000000e+00 0.000000e+00
    outer loop
      vertex   -1.948338e+02 -8.450000e+01 1.172590e+02
      vertex   -2.000000e+02 -8.450000e+01 1.143811e+02
      vertex   -1.952050e+02 -8.450000e+01 1.174733e+02
    endloop
  endfacet
  facet normal 0.000000e+00 1.000000e+00 0.000000e+00
    outer loop
      vertex   -1.952050e+02 -8.450000e+01 1.174733e+02
      vertex   -2.000000e+02 -8.450000e+01 1.143811e+02
      vertex   -1.955234e+02 -8.450000e+01 1.177600e+02
    endloop
  endfacet
  facet normal 0.000000e+00 1.000000e+00 0.000000e+00
    outer loop
      vertex   -1.955234e+02 -8.450000e+01 1.177600e+02
      vertex   -2.000000e+02 -8.450000e+01 1.143811e+02
      vertex   -1.957754e+02 -8.450000e+01 1.181067e+02
    endloop
  endfacet
  facet normal 0.000000e+00 1.000000e+00 0.000000e+00
    outer loop
      vertex   -1.957754e+02 -8.450000e+01 1.181067e+02
      vertex   -2.000000e+02 -8.450000e+01 1.143811e+02
      vertex   -1.959497e+02 -8.450000e+01 1.184983e+02
    endloop
  endfacet
  facet normal 0.000000e+00 1.000000e+00 0.000000e+00
    outer loop
      vertex   -1.959497e+02 -8.450000e+01 1.184983e+02
      vertex   -2.000000e+02 -8.450000e+01 1.143811e+02
      vertex   -1.960388e+02 -8.450000e+01 1.189175e+02
    endloop
  endfacet
  facet normal 0.000000e+00 1.000000e+00 0.000000e+00
    outer loop
      vertex   -1.960388e+02 -8.450000e+01 1.189175e+02
      vertex   -2.000000e+02 -8.450000e+01 1.143811e+02
      vertex   -2.000000e+02 -8.450000e+01 1.238824e+02
    endloop
  endfacet
  facet normal 0.000000e+00 1.000000e+00 -0.000000e+00
    outer loop
      vertex   -1.960388e+02 -8.450000e+01 1.189175e+02
      vertex   -2.000000e+02 -8.450000e+01 1.238824e+02
      vertex   -1.960388e+02 -8.450000e+01 1.193460e+02
    endloop
  endfacet
  facet normal 0.000000e+00 1.000000e+00 -0.000000e+00
    outer loop
      vertex   -1.960388e+02 -8.450000e+01 1.193460e+02
      vertex   -2.000000e+02 -8.450000e+01 1.238824e+02
      vertex   -1.959497e+02 -8.450000e+01 1.197652e+02
    endloop
  endfacet
  facet normal 0.000000e+00 1.000000e+00 -0.000000e+00
    outer loop
      vertex   -1.959497e+02 -8.450000e+01 1.197652e+02
      vertex   -2.000000e+02 -8.450000e+01 1.238824e+02
      vertex   -1.957754e+02 -8.450000e+01 1.201567e+02
    endloop
  endfacet
  facet normal 0.000000e+00 1.000000e+00 -0.000000e+00
    outer loop
      vertex   -1.957754e+02 -8.450000e+01 1.201567e+02
      vertex   -2.000000e+02 -8.450000e+01 1.238824e+02
      vertex   -1.955234e+02 -8.450000e+01 1.205035e+02
    endloop
  endfacet
  facet normal 0.000000e+00 1.000000e+00 -0.000000e+00
    outer loop
      vertex   -1.955234e+02 -8.450000e+01 1.205035e+02
      vertex   -2.000000e+02 -8.450000e+01 1.238824e+02
      vertex   -1.952050e+02 -8.450000e+01 1.207902e+02
    endloop
  endfacet
  facet normal 0.000000e+00 1.000000e+00 -0.000000e+00
    outer loop
      vertex   -1.952050e+02 -8.450000e+01 1.207902e+02
      vertex   -2.000000e+02 -8.450000e+01 1.238824e+02
      vertex   -1.948338e+02 -8.450000e+01 1.210045e+02
    endloop
  endfacet
  facet normal 0.000000e+00 1.000000e+00 -0.000000e+00
    outer loop
      vertex   -1.948338e+02 -8.450000e+01 1.210045e+02
      vertex   -2.000000e+02 -8.450000e+01 1.238824e+02
      vertex   -1.944262e+02 -8.450000e+01 1.211370e+02
    endloop
  endfacet
  facet normal 0.000000e+00 1.000000e+00 -0.000000e+00
    outer loop
      vertex   -1.944262e+02 -8.450000e+01 1.211370e+02
      vertex   -2.000000e+02 -8.450000e+01 1.238824e+02
      vertex   -1.940000e+02 -8.450000e+01 1.211817e+02
    endloop
  endfacet
  facet normal 0.000000e+00 1.000000e+00 -0.000000e+00
    outer loop
      vertex   -1.940000e+02 -8.450000e+01 1.211817e+02
      vertex   -2.000000e+02 -8.450000e+01 1.238824e+02
      vertex   -1.880000e+02 -8.450000e+01 1.238824e+02
    endloop
  endfacet
  facet normal -0.000000e+00 1.000000e+00 0.000000e+00
    outer loop
      vertex   -1.940000e+02 -8.450000e+01 1.211817e+02
      vertex   -1.880000e+02 -8.450000e+01 1.238824e+02
      vertex   -1.935738e+02 -8.450000e+01 1.211370e+02
    endloop
  endfacet
  facet normal -0.000000e+00 1.000000e+00 0.000000e+00
    outer loop
      vertex   -1.935738e+02 -8.450000e+01 1.211370e+02
      vertex   -1.880000e+02 -8.450000e+01 1.238824e+02
      vertex   -1.931662e+02 -8.450000e+01 1.210045e+02
    endloop
  endfacet
  facet normal -0.000000e+00 1.000000e+00 0.000000e+00
    outer loop
      vertex   -1.931662e+02 -8.450000e+01 1.210045e+02
      vertex   -1.880000e+02 -8.450000e+01 1.238824e+02
      vertex   -1.927950e+02 -8.450000e+01 1.207902e+02
    endloop
  endfacet
  facet normal -0.000000e+00 1.000000e+00 0.000000e+00
    outer loop
      vertex   -1.927950e+02 -8.450000e+01 1.207902e+02
      vertex   -1.880000e+02 -8.450000e+01 1.238824e+02
      vertex   -1.924766e+02 -8.450000e+01 1.205035e+02
    endloop
  endfacet
  facet normal -0.000000e+00 1.000000e+00 0.000000e+00
    outer loop
      vertex   -1.924766e+02 -8.450000e+01 1.205035e+02
      vertex   -1.880000e+02 -8.450000e+01 1.238824e+02
      vertex   -1.922246e+02 -8.450000e+01 1.201567e+02
    endloop
  endfacet
  facet normal -0.000000e+00 1.000000e+00 0.000000e+00
    outer loop
      vertex   -1.922246e+02 -8.450000e+01 1.201567e+02
      vertex   -1.880000e+02 -8.450000e+01 1.238824e+02
      vertex   -1.920503e+02 -8.450000e+01 1.197652e+02
    endloop
  endfacet
  facet normal -0.000000e+00 1.000000e+00 0.000000e+00
    outer loop
      vertex   -1.920503e+02 -8.450000e+01 1.197652e+02
      vertex   -1.880000e+02 -8.450000e+01 1.238824e+02
      vertex   -1.919612e+02 -8.450000e+01 1.193460e+02
    endloop
  endfacet
  facet normal -0.000000e+00 1.000000e+00 0.000000e+00
    outer loop
      vertex   -1.919612e+02 -8.450000e+01 1.193460e+02
      vertex   -1.880000e+02 -8.450000e+01 1.238824e+02
      vertex   -1.880000e+02 -8.450000e+01 1.143811e+02
    endloop
  endfacet
  facet normal 0.000000e+00 1.000000e+00 0.000000e+00
    outer loop
      vertex   -1.919612e+02 -8.450000e+01 1.193460e+02
      vertex   -1.880000e+02 -8.450000e+01 1.143811e+02
      vertex   -1.919612e+02 -8.450000e+01 1.189175e+02
    endloop
  endfacet
  facet normal 0.000000e+00 1.000000e+00 0.000000e+00
    outer loop
      vertex   -1.919612e+02 -8.450000e+01 1.189175e+02
      vertex   -1.880000e+02 -8.450000e+01 1.143811e+02
      vertex   -1.920503e+02 -8.450000e+01 1.184983e+02
    endloop
  endfacet
  facet normal 0.000000e+00 1.000000e+00 0.000000e+00
    outer loop
      vertex   -1.920503e+02 -8.450000e+01 1.184983e+02
      vertex   -1.880000e+02 -8.450000e+01 1.143811e+02
      vertex   -1.922246e+02 -8.450000e+01 1.181067e+02
    endloop
  endfacet
  facet normal 0.000000e+00 1.000000e+00 0.000000e+00
    outer loop
      vertex   -1.922246e+02 -8.450000e+01 1.181067e+02
      vertex   -1.880000e+02 -8.450000e+01 1.143811e+02
      vertex   -1.924766e+02 -8.450000e+01 1.177600e+02
    endloop
  endfacet
  facet normal 0.000000e+00 1.000000e+00 0.000000e+00
    outer loop
      vertex   -1.924766e+02 -8.450000e+01 1.177600e+02
      vertex   -1.880000e+02 -8.450000e+01 1.143811e+02
      vertex   -1.927950e+02 -8.450000e+01 1.174733e+02
    endloop
  endfacet
  facet normal 0.000000e+00 1.000000e+00 0.000000e+00
    outer loop
      vertex   -1.927950e+02 -8.450000e+01 1.174733e+02
      vertex   -1.880000e+02 -8.450000e+01 1.143811e+02
      vertex   -1.931662e+02 -8.450000e+01 1.172590e+02
    endloop
  endfacet
  facet normal 0.000000e+00 1.000000e+00 0.000000e+00
    outer loop
      vertex   -1.931662e+02 -8.450000e+01 1.172590e+02
      vertex   -1.880000e+02 -8.450000e+01 1.143811e+02
      vertex   -1.935738e+02 -8.450000e+01 1.171265e+02
    endloop
  endfacet
  facet normal -1.000000e+00 -0.000000e+00 0.000000e+00
    outer loop
      vertex   -2.000000e+02 -8.451324e+01 1.142189e+02
      vertex   -2.000000e+02 -8.455260e+01 1.140610e+02
      vertex   -2.000000e+02 -8.450000e+01 1.143811e+02
    endloop
  endfacet
  facet normal -1.000000e+00 0.000000e+00 0.000000e+00
    outer loop
      vertex   -2.000000e+02 -8.450000e+01 1.143811e+02
      vertex   -2.000000e+02 -8.455260e+01 1.140610e+02
      vertex   -2.000000e+02 -8.461705e+01 1.139116e+02
    endloop
  endfacet
  facet normal -1.000000e+00 -0.000000e+00 0.000000e+00
    outer loop
      vertex   -2.000000e+02 -8.450000e+01 1.143811e+02
      vertex   -2.000000e+02 -8.461705e+01 1.139116e+02
      vertex   -2.000000e+02 -8.461705e+01 1.243519e+02
    endloop
  endfacet
  facet normal -1.000000e+00 -0.000000e+00 0.000000e+00
    outer loop
      vertex   -2.000000e+02 -8.461705e+01 1.243519e+02
      vertex   -2.000000e+02 -8.461705e+01 1.139116e+02
      vertex   -2.000000e+02 -8.681741e+01 1.284902e+02
    endloop
  endfacet
  facet normal -1.000000e+00 0.000000e+00 -0.000000e+00
    outer loop
      vertex   -2.000000e+02 -8.681741e+01 1.284902e+02
      vertex   -2.000000e+02 -8.461705e+01 1.139116e+02
      vertex   -2.000000e+02 -8.681741e+01 1.097733e+02
    endloop
  endfacet
  facet normal -1.000000e+00 0.000000e+00 0.000000e+00
    outer loop
      vertex   -2.000000e+02 -8.681741e+01 1.284902e+02
      vertex   -2.000000e+02 -8.681741e+01 1.097733e+02
      vertex   -2.000000e+02 -8.850000e+01 1.140640e+02
    endloop
  endfacet
  facet normal -1.000000e+00 0.000000e+00 0.000000e+00
    outer loop
      vertex   -2.000000e+02 -8.850000e+01 1.140640e+02
      vertex   -2.000000e+02 -8.681741e+01 1.097733e+02
      vertex   -2.000000e+02 -8.690391e+01 1.095492e+02
    endloop
  endfacet
  facet normal -1.000000e+00 0.000000e+00 0.000000e+00
    outer loop
      vertex   -2.000000e+02 -8.850000e+01 1.140640e+02
      vertex   -2.000000e+02 -8.690391e+01 1.095492e+02
      vertex   -2.000000e+02 -8.693443e+01 1.093108e+02
    endloop
  endfacet
  facet normal -1.000000e+00 0.000000e+00 0.000000e+00
    outer loop
      vertex   -2.000000e+02 -8.850000e+01 1.140640e+02
      vertex   -2.000000e+02 -8.693443e+01 1.093108e+02
      vertex   -2.000000e+02 -8.785558e+01 1.036685e+02
    endloop
  endfacet
  facet normal -1.000000e+00 0.000000e+00 0.000000e+00
    outer loop
      vertex   -2.000000e+02 -8.785558e+01 1.036685e+02
      vertex   -2.000000e+02 -8.693443e+01 1.093108e+02
      vertex   -2.000000e+02 -8.690721e+01 1.090720e+02
    endloop
  endfacet
  facet normal -1.000000e+00 0.000000e+00 0.000000e+00
    outer loop
      vertex   -2.000000e+02 -8.785558e+01 1.036685e+02
      vertex   -2.000000e+02 -8.690721e+01 1.090720e+02
      vertex   -2.000000e+02 -8.704939e+01 1.039780e+02
    endloop
  endfacet
  facet normal -1.000000e+00 0.000000e+00 0.000000e+00
    outer loop
      vertex   -2.000000e+02 -8.704939e+01 1.039780e+02
      vertex   -2.000000e+02 -8.690721e+01 1.090720e+02
      vertex   -2.000000e+02 -8.682382e+01 1.088467e+02
    endloop
  endfacet
  facet normal -1.000000e+00 0.000000e+00 0.000000e+00
    outer loop
      vertex   -2.000000e+02 -8.704939e+01 1.039780e+02
      vertex   -2.000000e+02 -8.682382e+01 1.088467e+02
      vertex   -2.000000e+02 -8.668907e+01 1.086477e+02
    endloop
  endfacet
  facet normal -1.000000e+00 0.000000e+00 -0.000000e+00
    outer loop
      vertex   -2.000000e+02 -8.668907e+01 1.086477e+02
      vertex   -2.000000e+02 -8.651075e+01 1.084866e+02
      vertex   -2.000000e+02 -8.704939e+01 1.039780e+02
    endloop
  endfacet
  facet normal -1.000000e+00 0.000000e+00 0.000000e+00
    outer loop
      vertex   -2.000000e+02 -8.704939e+01 1.039780e+02
      vertex   -2.000000e+02 -8.651075e+01 1.084866e+02
      vertex   -2.000000e+02 -8.621527e+01 1.042015e+02
    endloop
  endfacet
  facet normal -1.000000e+00 0.000000e+00 0.000000e+00
    outer loop
      vertex   -2.000000e+02 -8.621527e+01 1.042015e+02
      vertex   -2.000000e+02 -8.651075e+01 1.084866e+02
      vertex   -2.000000e+02 -8.629914e+01 1.083727e+02
    endloop
  endfacet
  facet normal -1.000000e+00 0.000000e+00 0.000000e+00
    outer loop
      vertex   -2.000000e+02 -8.621527e+01 1.042015e+02
      vertex   -2.000000e+02 -8.629914e+01 1.083727e+02
      vertex   -2.000000e+02 -8.606648e+01 1.083126e+02
    endloop
  endfacet
  facet normal -1.000000e+00 0.000000e+00 -0.000000e+00
    outer loop
      vertex   -2.000000e+02 -8.606648e+01 1.083126e+02
      vertex   -2.000000e+02 -8.582620e+01 1.083098e+02
      vertex   -2.000000e+02 -8.621527e+01 1.042015e+02
    endloop
  endfacet
  facet normal -1.000000e+00 0.000000e+00 0.000000e+00
    outer loop
      vertex   -2.000000e+02 -8.621527e+01 1.042015e+02
      vertex   -2.000000e+02 -8.582620e+01 1.083098e+02
      vertex   -2.000000e+02 -8.536236e+01 1.043366e+02
    endloop
  endfacet
  facet normal -1.000000e+00 0.000000e+00 0.000000e+00
    outer loop
      vertex   -2.000000e+02 -8.536236e+01 1.043366e+02
      vertex   -2.000000e+02 -8.582620e+01 1.083098e+02
      vertex   -2.000000e+02 -8.538510e+01 1.083497e+02
    endloop
  endfacet
  facet normal -1.000000e+00 0.000000e+00 0.000000e+00
    outer loop
      vertex   -2.000000e+02 -8.536236e+01 1.043366e+02
      vertex   -2.000000e+02 -8.538510e+01 1.083497e+02
      vertex   -2.000000e+02 -8.494284e+01 1.083737e+02
    endloop
  endfacet
  facet normal -1.000000e+00 0.000000e+00 -0.000000e+00
    outer loop
      vertex   -2.000000e+02 -8.450000e+01 1.083817e+02
      vertex   -2.000000e+02 -8.450000e+01 1.043817e+02
      vertex   -2.000000e+02 -8.494284e+01 1.083737e+02
    endloop
  endfacet
  facet normal -1.000000e+00 0.000000e+00 -0.000000e+00
    outer loop
      vertex   -2.000000e+02 -8.494284e+01 1.083737e+02
      vertex   -2.000000e+02 -8.450000e+01 1.043817e+02
      vertex   -2.000000e+02 -8.536236e+01 1.043366e+02
    endloop
  endfacet
  facet normal -1.000000e+00 -0.000000e+00 0.000000e+00
    outer loop
      vertex   -2.000000e+02 -8.785558e+01 1.036685e+02
      vertex   -2.000000e+02 -8.862500e+01 1.032765e+02
      vertex   -2.000000e+02 -8.850000e+01 1.140640e+02
    endloop
  endfacet
  facet normal -1.000000e+00 0.000000e+00 0.000000e+00
    outer loop
      vertex   -2.000000e+02 -8.850000e+01 1.140640e+02
      vertex   -2.000000e+02 -8.862500e+01 1.032765e+02
      vertex   -2.000000e+02 -8.934923e+01 1.028061e+02
    endloop
  endfacet
  facet normal -1.000000e+00 0.000000e+00 0.000000e+00
    outer loop
      vertex   -2.000000e+02 -8.850000e+01 1.140640e+02
      vertex   -2.000000e+02 -8.934923e+01 1.028061e+02
      vertex   -2.000000e+02 -9.002033e+01 1.022627e+02
    endloop
  endfacet
  facet normal -1.000000e+00 -0.000000e+00 0.000000e+00
    outer loop
      vertex   -2.000000e+02 -9.002033e+01 1.022627e+02
      vertex   -2.000000e+02 -9.063094e+01 1.016521e+02
      vertex   -2.000000e+02 -8.850000e+01 1.140640e+02
    endloop
  endfacet
  facet normal -1.000000e+00 0.000000e+00 0.000000e+00
    outer loop
      vertex   -2.000000e+02 -8.850000e+01 1.140640e+02
      vertex   -2.000000e+02 -9.063094e+01 1.016521e+02
      vertex   -2.000000e+02 -9.117439e+01 1.009810e+02
    endloop
  endfacet
  facet normal -1.000000e+00 0.000000e+00 0.000000e+00
    outer loop
      vertex   -2.000000e+02 -8.850000e+01 1.140640e+02
      vertex   -2.000000e+02 -9.117439e+01 1.009810e+02
      vertex   -2.000000e+02 -9.378771e+01 1.041193e+02
    endloop
  endfacet
  facet normal -1.000000e+00 0.000000e+00 0.000000e+00
    outer loop
      vertex   -2.000000e+02 -9.378771e+01 1.041193e+02
      vertex   -2.000000e+02 -9.117439e+01 1.009810e+02
      vertex   -2.000000e+02 -9.164471e+01 1.002567e+02
    endloop
  endfacet
  facet normal -1.000000e+00 0.000000e+00 0.000000e+00
    outer loop
      vertex   -2.000000e+02 -9.378771e+01 1.041193e+02
      vertex   -2.000000e+02 -9.164471e+01 1.002567e+02
      vertex   -2.000000e+02 -9.203675e+01 9.948733e+01
    endloop
  endfacet
  facet normal -1.000000e+00 -0.000000e+00 0.000000e+00
    outer loop
      vertex   -2.000000e+02 -9.203675e+01 9.948733e+01
      vertex   -2.000000e+02 -9.234622e+01 9.868114e+01
      vertex   -2.000000e+02 -9.378771e+01 1.041193e+02
    endloop
  endfacet
  facet normal -1.000000e+00 0.000000e+00 0.000000e+00
    outer loop
      vertex   -2.000000e+02 -9.378771e+01 1.041193e+02
      vertex   -2.000000e+02 -9.234622e+01 9.868114e+01
      vertex   -2.000000e+02 -9.256972e+01 9.784702e+01
    endloop
  endfacet
  facet normal -1.000000e+00 0.000000e+00 0.000000e+00
    outer loop
      vertex   -2.000000e+02 -9.378771e+01 1.041193e+02
      vertex   -2.000000e+02 -9.256972e+01 9.784702e+01
      vertex   -2.000000e+02 -9.270481e+01 9.699411e+01
    endloop
  endfacet
  facet normal -1.000000e+00 -0.000000e+00 0.000000e+00
    outer loop
      vertex   -2.000000e+02 -9.270481e+01 9.699411e+01
      vertex   -2.000000e+02 -9.275000e+01 9.613175e+01
      vertex   -2.000000e+02 -9.378771e+01 1.041193e+02
    endloop
  endfacet
  facet normal -1.000000e+00 0.000000e+00 -0.000000e+00
    outer loop
      vertex   -2.000000e+02 -9.378771e+01 1.041193e+02
      vertex   -2.000000e+02 -9.275000e+01 9.613175e+01
      vertex   -2.000000e+02 -9.442860e+01 1.033071e+02
    endloop
  endfacet
  facet normal -1.000000e+00 0.000000e+00 0.000000e+00
    outer loop
      vertex   -2.000000e+02 -9.442860e+01 1.033071e+02
      vertex   -2.000000e+02 -9.275000e+01 9.613175e+01
      vertex   -2.000000e+02 -9.431491e+01 8.880167e+01
    endloop
  endfacet
  facet normal -1.000000e+00 0.000000e+00 -0.000000e+00
    outer loop
      vertex   -2.000000e+02 -9.442860e+01 1.033071e+02
      vertex   -2.000000e+02 -9.431491e+01 8.880167e+01
      vertex   -2.000000e+02 -9.489844e+01 8.965604e+01
    endloop
  endfacet
  facet normal -1.000000e+00 0.000000e+00 0.000000e+00
    outer loop
      vertex   -2.000000e+02 -9.431491e+01 8.880167e+01
      vertex   -2.000000e+02 -9.275000e+01 9.613175e+01
      vertex   -2.000000e+02 -9.366137e+01 8.799960e+01
    endloop
  endfacet
  facet normal -1.000000e+00 0.000000e+00 0.000000e+00
    outer loop
      vertex   -2.000000e+02 -9.366137e+01 8.799960e+01
      vertex   -2.000000e+02 -9.275000e+01 9.613175e+01
      vertex   -2.000000e+02 -9.270481e+01 9.526939e+01
    endloop
  endfacet
  facet normal -1.000000e+00 0.000000e+00 0.000000e+00
    outer loop
      vertex   -2.000000e+02 -9.366137e+01 8.799960e+01
      vertex   -2.000000e+02 -9.270481e+01 9.526939e+01
      vertex   -2.000000e+02 -9.256972e+01 9.441648e+01
    endloop
  endfacet
  facet normal -1.000000e+00 0.000000e+00 0.000000e+00
    outer loop
      vertex   -2.000000e+02 -9.366137e+01 8.799960e+01
      vertex   -2.000000e+02 -9.256972e+01 9.441648e+01
      vertex   -2.000000e+02 -9.294247e+01 8.725553e+01
    endloop
  endfacet
  facet normal -1.000000e+00 0.000000e+00 0.000000e+00
    outer loop
      vertex   -2.000000e+02 -9.294247e+01 8.725553e+01
      vertex   -2.000000e+02 -9.256972e+01 9.441648e+01
      vertex   -2.000000e+02 -9.234622e+01 9.358236e+01
    endloop
  endfacet
  facet normal -1.000000e+00 0.000000e+00 0.000000e+00
    outer loop
      vertex   -2.000000e+02 -9.294247e+01 8.725553e+01
      vertex   -2.000000e+02 -9.234622e+01 9.358236e+01
      vertex   -2.000000e+02 -9.216335e+01 8.657478e+01
    endloop
  endfacet
  facet normal -1.000000e+00 0.000000e+00 0.000000e+00
    outer loop
      vertex   -2.000000e+02 -9.216335e+01 8.657478e+01
      vertex   -2.000000e+02 -9.234622e+01 9.358236e+01
      vertex   -2.000000e+02 -9.203675e+01 9.277617e+01
    endloop
  endfacet
  facet normal -1.000000e+00 0.000000e+00 0.000000e+00
    outer loop
      vertex   -2.000000e+02 -9.216335e+01 8.657478e+01
      vertex   -2.000000e+02 -9.203675e+01 9.277617e+01
      vertex   -2.000000e+02 -9.164471e+01 9.200675e+01
    endloop
  endfacet
  facet normal -1.000000e+00 0.000000e+00 0.000000e+00
    outer loop
      vertex   -2.000000e+02 -9.216335e+01 8.657478e+01
      vertex   -2.000000e+02 -9.164471e+01 9.200675e+01
      vertex   -2.000000e+02 -9.132956e+01 8.596221e+01
    endloop
  endfacet
  facet normal -1.000000e+00 0.000000e+00 0.000000e+00
    outer loop
      vertex   -2.000000e+02 -9.132956e+01 8.596221e+01
      vertex   -2.000000e+02 -9.164471e+01 9.200675e+01
      vertex   -2.000000e+02 -9.117439e+01 9.128252e+01
    endloop
  endfacet
  facet normal -1.000000e+00 0.000000e+00 0.000000e+00
    outer loop
      vertex   -2.000000e+02 -9.132956e+01 8.596221e+01
      vertex   -2.000000e+02 -9.117439e+01 9.128252e+01
      vertex   -2.000000e+02 -9.063094e+01 9.061142e+01
    endloop
  endfacet
  facet normal -1.000000e+00 0.000000e+00 0.000000e+00
    outer loop
      vertex   -2.000000e+02 -9.132956e+01 8.596221e+01
      vertex   -2.000000e+02 -9.063094e+01 9.061142e+01
      vertex   -2.000000e+02 -9.044706e+01 8.542218e+01
    endloop
  endfacet
  facet normal -1.000000e+00 0.000000e+00 0.000000e+00
    outer loop
      vertex   -2.000000e+02 -9.044706e+01 8.542218e+01
      vertex   -2.000000e+02 -9.063094e+01 9.061142e+01
      vertex   -2.000000e+02 -9.002033e+01 9.000081e+01
    endloop
  endfacet
  facet normal -1.000000e+00 0.000000e+00 0.000000e+00
    outer loop
      vertex   -2.000000e+02 -9.044706e+01 8.542218e+01
      vertex   -2.000000e+02 -9.002033e+01 9.000081e+01
      vertex   -2.000000e+02 -8.952213e+01 8.495854e+01
    endloop
  endfacet
  facet normal -1.000000e+00 0.000000e+00 0.000000e+00
    outer loop
      vertex   -2.000000e+02 -8.952213e+01 8.495854e+01
      vertex   -2.000000e+02 -9.002033e+01 9.000081e+01
      vertex   -2.000000e+02 -8.934923e+01 8.945736e+01
    endloop
  endfacet
  facet normal -1.000000e+00 0.000000e+00 0.000000e+00
    outer loop
      vertex   -2.000000e+02 -8.952213e+01 8.495854e+01
      vertex   -2.000000e+02 -8.934923e+01 8.945736e+01
      vertex   -2.000000e+02 -8.862500e+01 8.898704e+01
    endloop
  endfacet
  facet normal -1.000000e+00 0.000000e+00 0.000000e+00
    outer loop
      vertex   -2.000000e+02 -8.952213e+01 8.495854e+01
      vertex   -2.000000e+02 -8.862500e+01 8.898704e+01
      vertex   -2.000000e+02 -8.856138e+01 8.457460e+01
    endloop
  endfacet
  facet normal -1.000000e+00 0.000000e+00 0.000000e+00
    outer loop
      vertex   -2.000000e+02 -8.856138e+01 8.457460e+01
      vertex   -2.000000e+02 -8.862500e+01 8.898704e+01
      vertex   -2.000000e+02 -8.785558e+01 8.859500e+01
    endloop
  endfacet
  facet normal -1.000000e+00 0.000000e+00 0.000000e+00
    outer loop
      vertex   -2.000000e+02 -8.856138e+01 8.457460e+01
      vertex   -2.000000e+02 -8.785558e+01 8.859500e+01
      vertex   -2.000000e+02 -8.757166e+01 8.427311e+01
    endloop
  endfacet
  facet normal -1.000000e+00 0.000000e+00 0.000000e+00
    outer loop
      vertex   -2.000000e+02 -8.757166e+01 8.427311e+01
      vertex   -2.000000e+02 -8.785558e+01 8.859500e+01
      vertex   -2.000000e+02 -8.704939e+01 8.828553e+01
    endloop
  endfacet
  facet normal -1.000000e+00 0.000000e+00 0.000000e+00
    outer loop
      vertex   -2.000000e+02 -8.757166e+01 8.427311e+01
      vertex   -2.000000e+02 -8.704939e+01 8.828553e+01
      vertex   -2.000000e+02 -8.656003e+01 8.405621e+01
    endloop
  endfacet
  facet normal -1.000000e+00 0.000000e+00 0.000000e+00
    outer loop
      vertex   -2.000000e+02 -8.656003e+01 8.405621e+01
      vertex   -2.000000e+02 -8.704939e+01 8.828553e+01
      vertex   -2.000000e+02 -8.621527e+01 8.806203e+01
    endloop
  endfacet
  facet normal -1.000000e+00 0.000000e+00 0.000000e+00
    outer loop
      vertex   -2.000000e+02 -8.656003e+01 8.405621e+01
      vertex   -2.000000e+02 -8.621527e+01 8.806203e+01
      vertex   -2.000000e+02 -8.553370e+01 8.392544e+01
    endloop
  endfacet
  facet normal -1.000000e+00 0.000000e+00 0.000000e+00
    outer loop
      vertex   -2.000000e+02 -8.553370e+01 8.392544e+01
      vertex   -2.000000e+02 -8.621527e+01 8.806203e+01
      vertex   -2.000000e+02 -8.536236e+01 8.792694e+01
    endloop
  endfacet
  facet normal -1.000000e+00 0.000000e+00 0.000000e+00
    outer loop
      vertex   -2.000000e+02 -8.553370e+01 8.392544e+01
      vertex   -2.000000e+02 -8.536236e+01 8.792694e+01
      vertex   -2.000000e+02 -8.450000e+01 8.388175e+01
    endloop
  endfacet
  facet normal -1.000000e+00 0.000000e+00 0.000000e+00
    outer loop
      vertex   -2.000000e+02 -8.450000e+01 8.388175e+01
      vertex   -2.000000e+02 -8.536236e+01 8.792694e+01
      vertex   -2.000000e+02 -8.450000e+01 8.788175e+01
    endloop
  endfacet
  facet normal -1.000000e+00 0.000000e+00 0.000000e+00
    outer loop
      vertex   -2.000000e+02 -9.442860e+01 1.033071e+02
      vertex   -2.000000e+02 -9.489844e+01 8.965604e+01
      vertex   -2.000000e+02 -9.499867e+01 1.024437e+02
    endloop
  endfacet
  facet normal -1.000000e+00 0.000000e+00 -0.000000e+00
    outer loop
      vertex   -2.000000e+02 -9.499867e+01 1.024437e+02
      vertex   -2.000000e+02 -9.489844e+01 8.965604e+01
      vertex   -2.000000e+02 -9.540780e+01 9.055659e+01
    endloop
  endfacet
  facet normal -1.000000e+00 0.000000e+00 0.000000e+00
    outer loop
      vertex   -2.000000e+02 -9.499867e+01 1.024437e+02
      vertex   -2.000000e+02 -9.540780e+01 9.055659e+01
      vertex   -2.000000e+02 -9.549385e+01 1.015352e+02
    endloop
  endfacet
  facet normal -1.000000e+00 0.000000e+00 -0.000000e+00
    outer loop
      vertex   -2.000000e+02 -9.549385e+01 1.015352e+02
      vertex   -2.000000e+02 -9.540780e+01 9.055659e+01
      vertex   -2.000000e+02 -9.583935e+01 9.149692e+01
    endloop
  endfacet
  facet normal -1.000000e+00 0.000000e+00 0.000000e+00
    outer loop
      vertex   -2.000000e+02 -9.549385e+01 1.015352e+02
      vertex   -2.000000e+02 -9.583935e+01 9.149692e+01
      vertex   -2.000000e+02 -9.591061e+01 1.005883e+02
    endloop
  endfacet
  facet normal -1.000000e+00 0.000000e+00 -0.000000e+00
    outer loop
      vertex   -2.000000e+02 -9.591061e+01 1.005883e+02
      vertex   -2.000000e+02 -9.583935e+01 9.149692e+01
      vertex   -2.000000e+02 -9.619001e+01 9.247031e+01
    endloop
  endfacet
  facet normal -1.000000e+00 0.000000e+00 0.000000e+00
    outer loop
      vertex   -2.000000e+02 -9.591061e+01 1.005883e+02
      vertex   -2.000000e+02 -9.619001e+01 9.247031e+01
      vertex   -2.000000e+02 -9.624597e+01 9.960950e+01
    endloop
  endfacet
  facet normal -1.000000e+00 0.000000e+00 -0.000000e+00
    outer loop
      vertex   -2.000000e+02 -9.624597e+01 9.960950e+01
      vertex   -2.000000e+02 -9.619001e+01 9.247031e+01
      vertex   -2.000000e+02 -9.645728e+01 9.346982e+01
    endloop
  endfacet
  facet normal -1.000000e+00 0.000000e+00 0.000000e+00
    outer loop
      vertex   -2.000000e+02 -9.624597e+01 9.960950e+01
      vertex   -2.000000e+02 -9.645728e+01 9.346982e+01
      vertex   -2.000000e+02 -9.649754e+01 9.860593e+01
    endloop
  endfacet
  facet normal -1.000000e+00 0.000000e+00 -0.000000e+00
    outer loop
      vertex   -2.000000e+02 -9.649754e+01 9.860593e+01
      vertex   -2.000000e+02 -9.645728e+01 9.346982e+01
      vertex   -2.000000e+02 -9.663926e+01 9.448831e+01
    endloop
  endfacet
  facet normal -1.000000e+00 0.000000e+00 0.000000e+00
    outer loop
      vertex   -2.000000e+02 -9.649754e+01 9.860593e+01
      vertex   -2.000000e+02 -9.663926e+01 9.448831e+01
      vertex   -2.000000e+02 -9.666353e+01 9.758471e+01
    endloop
  endfacet
  facet normal -1.000000e+00 0.000000e+00 -0.000000e+00
    outer loop
      vertex   -2.000000e+02 -9.666353e+01 9.758471e+01
      vertex   -2.000000e+02 -9.663926e+01 9.448831e+01
      vertex   -2.000000e+02 -9.673464e+01 9.551853e+01
    endloop
  endfacet
  facet normal -1.000000e+00 0.000000e+00 0.000000e+00
    outer loop
      vertex   -2.000000e+02 -9.666353e+01 9.758471e+01
      vertex   -2.000000e+02 -9.673464e+01 9.551853e+01
      vertex   -2.000000e+02 -9.674275e+01 9.655312e+01
    endloop
  endfacet
  facet normal -1.000000e+00 0.000000e+00 0.000000e+00
    outer loop
      vertex   -2.000000e+02 -8.850000e+01 1.140640e+02
      vertex   -2.000000e+02 -8.850000e+01 1.241995e+02
      vertex   -2.000000e+02 -8.681741e+01 1.284902e+02
    endloop
  endfacet
  facet normal -1.000000e+00 -0.000000e+00 0.000000e+00
    outer loop
      vertex   -2.000000e+02 -8.681741e+01 1.284902e+02
      vertex   -2.000000e+02 -8.850000e+01 1.241995e+02
      vertex   -2.000000e+02 -8.690391e+01 1.287143e+02
    endloop
  endfacet
  facet normal -1.000000e+00 -0.000000e+00 0.000000e+00
    outer loop
      vertex   -2.000000e+02 -8.690391e+01 1.287143e+02
      vertex   -2.000000e+02 -8.850000e+01 1.241995e+02
      vertex   -2.000000e+02 -8.693443e+01 1.289527e+02
    endloop
  endfacet
  facet normal -1.000000e+00 -0.000000e+00 0.000000e+00
    outer loop
      vertex   -2.000000e+02 -8.693443e+01 1.289527e+02
      vertex   -2.000000e+02 -8.850000e+01 1.241995e+02
      vertex   -2.000000e+02 -8.785558e+01 1.345950e+02
    endloop
  endfacet
  facet normal -1.000000e+00 0.000000e+00 0.000000e+00
    outer loop
      vertex   -2.000000e+02 -8.693443e+01 1.289527e+02
      vertex   -2.000000e+02 -8.785558e+01 1.345950e+02
      vertex   -2.000000e+02 -8.690721e+01 1.291915e+02
    endloop
  endfacet
  facet normal -1.000000e+00 0.000000e+00 0.000000e+00
    outer loop
      vertex   -2.000000e+02 -8.690721e+01 1.291915e+02
      vertex   -2.000000e+02 -8.785558e+01 1.345950e+02
      vertex   -2.000000e+02 -8.704939e+01 1.342855e+02
    endloop
  endfacet
  facet normal -1.000000e+00 0.000000e+00 0.000000e+00
    outer loop
      vertex   -2.000000e+02 -8.690721e+01 1.291915e+02
      vertex   -2.000000e+02 -8.704939e+01 1.342855e+02
      vertex   -2.000000e+02 -8.682382e+01 1.294168e+02
    endloop
  endfacet
  facet normal -1.000000e+00 0.000000e+00 0.000000e+00
    outer loop
      vertex   -2.000000e+02 -8.682382e+01 1.294168e+02
      vertex   -2.000000e+02 -8.704939e+01 1.342855e+02
      vertex   -2.000000e+02 -8.668907e+01 1.296158e+02
    endloop
  endfacet
  facet normal -1.000000e+00 0.000000e+00 0.000000e+00
    outer loop
      vertex   -2.000000e+02 -8.668907e+01 1.296158e+02
      vertex   -2.000000e+02 -8.704939e+01 1.342855e+02
      vertex   -2.000000e+02 -8.651075e+01 1.297769e+02
    endloop
  endfacet
  facet normal -1.000000e+00 0.000000e+00 0.000000e+00
    outer loop
      vertex   -2.000000e+02 -8.651075e+01 1.297769e+02
      vertex   -2.000000e+02 -8.704939e+01 1.342855e+02
      vertex   -2.000000e+02 -8.621527e+01 1.340620e+02
    endloop
  endfacet
  facet normal -1.000000e+00 0.000000e+00 0.000000e+00
    outer loop
      vertex   -2.000000e+02 -8.651075e+01 1.297769e+02
      vertex   -2.000000e+02 -8.621527e+01 1.340620e+02
      vertex   -2.000000e+02 -8.629914e+01 1.298908e+02
    endloop
  endfacet
  facet normal -1.000000e+00 0.000000e+00 0.000000e+00
    outer loop
      vertex   -2.000000e+02 -8.629914e+01 1.298908e+02
      vertex   -2.000000e+02 -8.621527e+01 1.340620e+02
      vertex   -2.000000e+02 -8.606648e+01 1.299509e+02
    endloop
  endfacet
  facet normal -1.000000e+00 0.000000e+00 0.000000e+00
    outer loop
      vertex   -2.000000e+02 -8.606648e+01 1.299509e+02
      vertex   -2.000000e+02 -8.621527e+01 1.340620e+02
      vertex   -2.000000e+02 -8.582620e+01 1.299537e+02
    endloop
  endfacet
  facet normal -1.000000e+00 0.000000e+00 0.000000e+00
    outer loop
      vertex   -2.000000e+02 -8.582620e+01 1.299537e+02
      vertex   -2.000000e+02 -8.621527e+01 1.340620e+02
      vertex   -2.000000e+02 -8.536236e+01 1.339269e+02
    endloop
  endfacet
  facet normal -1.000000e+00 0.000000e+00 0.000000e+00
    outer loop
      vertex   -2.000000e+02 -8.582620e+01 1.299537e+02
      vertex   -2.000000e+02 -8.536236e+01 1.339269e+02
      vertex   -2.000000e+02 -8.538510e+01 1.299138e+02
    endloop
  endfacet
  facet normal -1.000000e+00 0.000000e+00 0.000000e+00
    outer loop
      vertex   -2.000000e+02 -8.538510e+01 1.299138e+02
      vertex   -2.000000e+02 -8.536236e+01 1.339269e+02
      vertex   -2.000000e+02 -8.494284e+01 1.298898e+02
    endloop
  endfacet
  facet normal -1.000000e+00 0.000000e+00 0.000000e+00
    outer loop
      vertex   -2.000000e+02 -8.494284e+01 1.298898e+02
      vertex   -2.000000e+02 -8.536236e+01 1.339269e+02
      vertex   -2.000000e+02 -8.450000e+01 1.338817e+02
    endloop
  endfacet
  facet normal -1.000000e+00 0.000000e+00 0.000000e+00
    outer loop
      vertex   -2.000000e+02 -8.494284e+01 1.298898e+02
      vertex   -2.000000e+02 -8.450000e+01 1.338817e+02
      vertex   -2.000000e+02 -8.450000e+01 1.298817e+02
    endloop
  endfacet
  facet normal -1.000000e+00 0.000000e+00 0.000000e+00
    outer loop
      vertex   -2.000000e+02 -9.378771e+01 1.341442e+02
      vertex   -2.000000e+02 -9.117439e+01 1.372825e+02
      vertex   -2.000000e+02 -8.850000e+01 1.241995e+02
    endloop
  endfacet
  facet normal -1.000000e+00 0.000000e+00 0.000000e+00
    outer loop
      vertex   -2.000000e+02 -8.850000e+01 1.241995e+02
      vertex   -2.000000e+02 -9.117439e+01 1.372825e+02
      vertex   -2.000000e+02 -9.063094e+01 1.366114e+02
    endloop
  endfacet
  facet normal -1.000000e+00 0.000000e+00 0.000000e+00
    outer loop
      vertex   -2.000000e+02 -8.850000e+01 1.241995e+02
      vertex   -2.000000e+02 -9.063094e+01 1.366114e+02
      vertex   -2.000000e+02 -9.002033e+01 1.360008e+02
    endloop
  endfacet
  facet normal -1.000000e+00 0.000000e+00 0.000000e+00
    outer loop
      vertex   -2.000000e+02 -9.442860e+01 1.349564e+02
      vertex   -2.000000e+02 -9.275000e+01 1.421317e+02
      vertex   -2.000000e+02 -9.378771e+01 1.341442e+02
    endloop
  endfacet
  facet normal -1.000000e+00 0.000000e+00 0.000000e+00
    outer loop
      vertex   -2.000000e+02 -9.378771e+01 1.341442e+02
      vertex   -2.000000e+02 -9.275000e+01 1.421317e+02
      vertex   -2.000000e+02 -9.270481e+01 1.412694e+02
    endloop
  endfacet
  facet normal -1.000000e+00 0.000000e+00 0.000000e+00
    outer loop
      vertex   -2.000000e+02 -9.378771e+01 1.341442e+02
      vertex   -2.000000e+02 -9.270481e+01 1.412694e+02
      vertex   -2.000000e+02 -9.256972e+01 1.404165e+02
    endloop
  endfacet
  facet normal -1.000000e+00 0.000000e+00 0.000000e+00
    outer loop
      vertex   -2.000000e+02 -9.499867e+01 1.358198e+02
      vertex   -2.000000e+02 -9.489844e+01 1.486075e+02
      vertex   -2.000000e+02 -9.442860e+01 1.349564e+02
    endloop
  endfacet
  facet normal -1.000000e+00 0.000000e+00 0.000000e+00
    outer loop
      vertex   -2.000000e+02 -9.442860e+01 1.349564e+02
      vertex   -2.000000e+02 -9.489844e+01 1.486075e+02
      vertex   -2.000000e+02 -9.431491e+01 1.494618e+02
    endloop
  endfacet
  facet normal -1.000000e+00 0.000000e+00 0.000000e+00
    outer loop
      vertex   -2.000000e+02 -9.442860e+01 1.349564e+02
      vertex   -2.000000e+02 -9.431491e+01 1.494618e+02
      vertex   -2.000000e+02 -9.275000e+01 1.421317e+02
    endloop
  endfacet
  facet normal -1.000000e+00 0.000000e+00 0.000000e+00
    outer loop
      vertex   -2.000000e+02 -9.275000e+01 1.421317e+02
      vertex   -2.000000e+02 -9.431491e+01 1.494618e+02
      vertex   -2.000000e+02 -9.366137e+01 1.502639e+02
    endloop
  endfacet
  facet normal -1.000000e+00 0.000000e+00 0.000000e+00
    outer loop
      vertex   -2.000000e+02 -9.275000e+01 1.421317e+02
      vertex   -2.000000e+02 -9.366137e+01 1.502639e+02
      vertex   -2.000000e+02 -9.270481e+01 1.429941e+02
    endloop
  endfacet
  facet normal -1.000000e+00 0.000000e+00 0.000000e+00
    outer loop
      vertex   -2.000000e+02 -9.270481e+01 1.429941e+02
      vertex   -2.000000e+02 -9.366137e+01 1.502639e+02
      vertex   -2.000000e+02 -9.256972e+01 1.438470e+02
    endloop
  endfacet
  facet normal -1.000000e+00 0.000000e+00 0.000000e+00
    outer loop
      vertex   -2.000000e+02 -9.256972e+01 1.438470e+02
      vertex   -2.000000e+02 -9.366137e+01 1.502639e+02
      vertex   -2.000000e+02 -9.294247e+01 1.510080e+02
    endloop
  endfacet
  facet normal -1.000000e+00 0.000000e+00 0.000000e+00
    outer loop
      vertex   -2.000000e+02 -9.256972e+01 1.438470e+02
      vertex   -2.000000e+02 -9.294247e+01 1.510080e+02
      vertex   -2.000000e+02 -9.234622e+01 1.446811e+02
    endloop
  endfacet
  facet normal -1.000000e+00 0.000000e+00 0.000000e+00
    outer loop
      vertex   -2.000000e+02 -9.234622e+01 1.446811e+02
      vertex   -2.000000e+02 -9.294247e+01 1.510080e+02
      vertex   -2.000000e+02 -9.216335e+01 1.516887e+02
    endloop
  endfacet
  facet normal -1.000000e+00 0.000000e+00 0.000000e+00
    outer loop
      vertex   -2.000000e+02 -9.234622e+01 1.446811e+02
      vertex   -2.000000e+02 -9.216335e+01 1.516887e+02
      vertex   -2.000000e+02 -9.203675e+01 1.454873e+02
    endloop
  endfacet
  facet normal -1.000000e+00 0.000000e+00 0.000000e+00
    outer loop
      vertex   -2.000000e+02 -9.203675e+01 1.454873e+02
      vertex   -2.000000e+02 -9.216335e+01 1.516887e+02
      vertex   -2.000000e+02 -9.164471e+01 1.462567e+02
    endloop
  endfacet
  facet normal -1.000000e+00 0.000000e+00 0.000000e+00
    outer loop
      vertex   -2.000000e+02 -9.164471e+01 1.462567e+02
      vertex   -2.000000e+02 -9.216335e+01 1.516887e+02
      vertex   -2.000000e+02 -9.132956e+01 1.523013e+02
    endloop
  endfacet
  facet normal -1.000000e+00 0.000000e+00 0.000000e+00
    outer loop
      vertex   -2.000000e+02 -9.164471e+01 1.462567e+02
      vertex   -2.000000e+02 -9.132956e+01 1.523013e+02
      vertex   -2.000000e+02 -9.117439e+01 1.469810e+02
    endloop
  endfacet
  facet normal -1.000000e+00 0.000000e+00 0.000000e+00
    outer loop
      vertex   -2.000000e+02 -9.117439e+01 1.469810e+02
      vertex   -2.000000e+02 -9.132956e+01 1.523013e+02
      vertex   -2.000000e+02 -9.063094e+01 1.476521e+02
    endloop
  endfacet
  facet normal -1.000000e+00 0.000000e+00 0.000000e+00
    outer loop
      vertex   -2.000000e+02 -9.063094e+01 1.476521e+02
      vertex   -2.000000e+02 -9.132956e+01 1.523013e+02
      vertex   -2.000000e+02 -9.044706e+01 1.528413e+02
    endloop
  endfacet
  facet normal -1.000000e+00 0.000000e+00 0.000000e+00
    outer loop
      vertex   -2.000000e+02 -9.063094e+01 1.476521e+02
      vertex   -2.000000e+02 -9.044706e+01 1.528413e+02
      vertex   -2.000000e+02 -9.002033e+01 1.482627e+02
    endloop
  endfacet
  facet normal -1.000000e+00 0.000000e+00 0.000000e+00
    outer loop
      vertex   -2.000000e+02 -9.002033e+01 1.482627e+02
      vertex   -2.000000e+02 -9.044706e+01 1.528413e+02
      vertex   -2.000000e+02 -8.952213e+01 1.533050e+02
    endloop
  endfacet
  facet normal -1.000000e+00 0.000000e+00 0.000000e+00
    outer loop
      vertex   -2.000000e+02 -9.002033e+01 1.482627e+02
      vertex   -2.000000e+02 -8.952213e+01 1.533050e+02
      vertex   -2.000000e+02 -8.934923e+01 1.488061e+02
    endloop
  endfacet
  facet normal -1.000000e+00 0.000000e+00 0.000000e+00
    outer loop
      vertex   -2.000000e+02 -8.934923e+01 1.488061e+02
      vertex   -2.000000e+02 -8.952213e+01 1.533050e+02
      vertex   -2.000000e+02 -8.862500e+01 1.492765e+02
    endloop
  endfacet
  facet normal -1.000000e+00 0.000000e+00 0.000000e+00
    outer loop
      vertex   -2.000000e+02 -8.862500e+01 1.492765e+02
      vertex   -2.000000e+02 -8.952213e+01 1.533050e+02
      vertex   -2.000000e+02 -8.856138e+01 1.536889e+02
    endloop
  endfacet
  facet normal -1.000000e+00 0.000000e+00 0.000000e+00
    outer loop
      vertex   -2.000000e+02 -8.862500e+01 1.492765e+02
      vertex   -2.000000e+02 -8.856138e+01 1.536889e+02
      vertex   -2.000000e+02 -8.785558e+01 1.496685e+02
    endloop
  endfacet
  facet normal -1.000000e+00 0.000000e+00 0.000000e+00
    outer loop
      vertex   -2.000000e+02 -8.785558e+01 1.496685e+02
      vertex   -2.000000e+02 -8.856138e+01 1.536889e+02
      vertex   -2.000000e+02 -8.757166e+01 1.539904e+02
    endloop
  endfacet
  facet normal -1.000000e+00 0.000000e+00 0.000000e+00
    outer loop
      vertex   -2.000000e+02 -8.785558e+01 1.496685e+02
      vertex   -2.000000e+02 -8.757166e+01 1.539904e+02
      vertex   -2.000000e+02 -8.704939e+01 1.499780e+02
    endloop
  endfacet
  facet normal -1.000000e+00 0.000000e+00 0.000000e+00
    outer loop
      vertex   -2.000000e+02 -8.704939e+01 1.499780e+02
      vertex   -2.000000e+02 -8.757166e+01 1.539904e+02
      vertex   -2.000000e+02 -8.656003e+01 1.542073e+02
    endloop
  endfacet
  facet normal -1.000000e+00 0.000000e+00 0.000000e+00
    outer loop
      vertex   -2.000000e+02 -8.704939e+01 1.499780e+02
      vertex   -2.000000e+02 -8.656003e+01 1.542073e+02
      vertex   -2.000000e+02 -8.621527e+01 1.502015e+02
    endloop
  endfacet
  facet normal -1.000000e+00 0.000000e+00 0.000000e+00
    outer loop
      vertex   -2.000000e+02 -8.621527e+01 1.502015e+02
      vertex   -2.000000e+02 -8.656003e+01 1.542073e+02
      vertex   -2.000000e+02 -8.553370e+01 1.543381e+02
    endloop
  endfacet
  facet normal -1.000000e+00 0.000000e+00 0.000000e+00
    outer loop
      vertex   -2.000000e+02 -8.621527e+01 1.502015e+02
      vertex   -2.000000e+02 -8.553370e+01 1.543381e+02
      vertex   -2.000000e+02 -8.536236e+01 1.503366e+02
    endloop
  endfacet
  facet normal -1.000000e+00 0.000000e+00 0.000000e+00
    outer loop
      vertex   -2.000000e+02 -8.536236e+01 1.503366e+02
      vertex   -2.000000e+02 -8.553370e+01 1.543381e+02
      vertex   -2.000000e+02 -8.450000e+01 1.543817e+02
    endloop
  endfacet
  facet normal -1.000000e+00 0.000000e+00 0.000000e+00
    outer loop
      vertex   -2.000000e+02 -8.536236e+01 1.503366e+02
      vertex   -2.000000e+02 -8.450000e+01 1.543817e+02
      vertex   -2.000000e+02 -8.450000e+01 1.503817e+02
    endloop
  endfacet
  facet normal -1.000000e+00 0.000000e+00 0.000000e+00
    outer loop
      vertex   -2.000000e+02 -9.489844e+01 1.486075e+02
      vertex   -2.000000e+02 -9.499867e+01 1.358198e+02
      vertex   -2.000000e+02 -9.540780e+01 1.477069e+02
    endloop
  endfacet
  facet normal -1.000000e+00 0.000000e+00 -0.000000e+00
    outer loop
      vertex   -2.000000e+02 -9.540780e+01 1.477069e+02
      vertex   -2.000000e+02 -9.499867e+01 1.358198e+02
      vertex   -2.000000e+02 -9.549385e+01 1.367283e+02
    endloop
  endfacet
  facet normal -1.000000e+00 0.000000e+00 0.000000e+00
    outer loop
      vertex   -2.000000e+02 -9.540780e+01 1.477069e+02
      vertex   -2.000000e+02 -9.549385e+01 1.367283e+02
      vertex   -2.000000e+02 -9.583935e+01 1.467666e+02
    endloop
  endfacet
  facet normal -1.000000e+00 0.000000e+00 -0.000000e+00
    outer loop
      vertex   -2.000000e+02 -9.583935e+01 1.467666e+02
      vertex   -2.000000e+02 -9.549385e+01 1.367283e+02
      vertex   -2.000000e+02 -9.591061e+01 1.376752e+02
    endloop
  endfacet
  facet normal -1.000000e+00 0.000000e+00 0.000000e+00
    outer loop
      vertex   -2.000000e+02 -9.583935e+01 1.467666e+02
      vertex   -2.000000e+02 -9.591061e+01 1.376752e+02
      vertex   -2.000000e+02 -9.619001e+01 1.457932e+02
    endloop
  endfacet
  facet normal -1.000000e+00 0.000000e+00 -0.000000e+00
    outer loop
      vertex   -2.000000e+02 -9.619001e+01 1.457932e+02
      vertex   -2.000000e+02 -9.591061e+01 1.376752e+02
      vertex   -2.000000e+02 -9.624597e+01 1.386540e+02
    endloop
  endfacet
  facet normal -1.000000e+00 0.000000e+00 0.000000e+00
    outer loop
      vertex   -2.000000e+02 -9.619001e+01 1.457932e+02
      vertex   -2.000000e+02 -9.624597e+01 1.386540e+02
      vertex   -2.000000e+02 -9.645728e+01 1.447937e+02
    endloop
  endfacet
  facet normal -1.000000e+00 0.000000e+00 -0.000000e+00
    outer loop
      vertex   -2.000000e+02 -9.645728e+01 1.447937e+02
      vertex   -2.000000e+02 -9.624597e+01 1.386540e+02
      vertex   -2.000000e+02 -9.649754e+01 1.396576e+02
    endloop
  endfacet
  facet normal -1.000000e+00 0.000000e+00 0.000000e+00
    outer loop
      vertex   -2.000000e+02 -9.645728e+01 1.447937e+02
      vertex   -2.000000e+02 -9.649754e+01 1.396576e+02
      vertex   -2.000000e+02 -9.663926e+01 1.437752e+02
    endloop
  endfacet
  facet normal -1.000000e+00 0.000000e+00 -0.000000e+00
    outer loop
      vertex   -2.000000e+02 -9.663926e+01 1.437752e+02
      vertex   -2.000000e+02 -9.649754e+01 1.396576e+02
      vertex   -2.000000e+02 -9.666353e+01 1.406788e+02
    endloop
  endfacet
  facet normal -1.000000e+00 0.000000e+00 0.000000e+00
    outer loop
      vertex   -2.000000e+02 -9.663926e+01 1.437752e+02
      vertex   -2.000000e+02 -9.666353e+01 1.406788e+02
      vertex   -2.000000e+02 -9.673464e+01 1.427450e+02
    endloop
  endfacet
  facet normal -1.000000e+00 0.000000e+00 -0.000000e+00
    outer loop
      vertex   -2.000000e+02 -9.673464e+01 1.427450e+02
      vertex   -2.000000e+02 -9.666353e+01 1.406788e+02
      vertex   -2.000000e+02 -9.674275e+01 1.417104e+02
    endloop
  endfacet
  facet normal -1.000000e+00 0.000000e+00 -0.000000e+00
    outer loop
      vertex   -2.000000e+02 -9.256972e+01 1.404165e+02
      vertex   -2.000000e+02 -9.234622e+01 1.395824e+02
      vertex   -2.000000e+02 -9.378771e+01 1.341442e+02
    endloop
  endfacet
  facet normal -1.000000e+00 0.000000e+00 0.000000e+00
    outer loop
      vertex   -2.000000e+02 -9.378771e+01 1.341442e+02
      vertex   -2.000000e+02 -9.234622e+01 1.395824e+02
      vertex   -2.000000e+02 -9.203675e+01 1.387762e+02
    endloop
  endfacet
  facet normal -1.000000e+00 0.000000e+00 0.000000e+00
    outer loop
      vertex   -2.000000e+02 -9.378771e+01 1.341442e+02
      vertex   -2.000000e+02 -9.203675e+01 1.387762e+02
      vertex   -2.000000e+02 -9.164471e+01 1.380067e+02
    endloop
  endfacet
  facet normal -1.000000e+00 0.000000e+00 -0.000000e+00
    outer loop
      vertex   -2.000000e+02 -9.164471e+01 1.380067e+02
      vertex   -2.000000e+02 -9.117439e+01 1.372825e+02
      vertex   -2.000000e+02 -9.378771e+01 1.341442e+02
    endloop
  endfacet
  facet normal -1.000000e+00 0.000000e+00 0.000000e+00
    outer loop
      vertex   -2.000000e+02 -9.002033e+01 1.360008e+02
      vertex   -2.000000e+02 -8.934923e+01 1.354574e+02
      vertex   -2.000000e+02 -8.850000e+01 1.241995e+02
    endloop
  endfacet
  facet normal -1.000000e+00 0.000000e+00 0.000000e+00
    outer loop
      vertex   -2.000000e+02 -8.850000e+01 1.241995e+02
      vertex   -2.000000e+02 -8.934923e+01 1.354574e+02
      vertex   -2.000000e+02 -8.862500e+01 1.349870e+02
    endloop
  endfacet
  facet normal -1.000000e+00 0.000000e+00 0.000000e+00
    outer loop
      vertex   -2.000000e+02 -8.850000e+01 1.241995e+02
      vertex   -2.000000e+02 -8.862500e+01 1.349870e+02
      vertex   -2.000000e+02 -8.785558e+01 1.345950e+02
    endloop
  endfacet
  facet normal -1.000000e+00 0.000000e+00 0.000000e+00
    outer loop
      vertex   -2.000000e+02 -8.450000e+01 1.143811e+02
      vertex   -2.000000e+02 -8.461705e+01 1.243519e+02
      vertex   -2.000000e+02 -8.450000e+01 1.238824e+02
    endloop
  endfacet
  facet normal -1.000000e+00 0.000000e+00 0.000000e+00
    outer loop
      vertex   -2.000000e+02 -8.450000e+01 1.238824e+02
      vertex   -2.000000e+02 -8.461705e+01 1.243519e+02
      vertex   -2.000000e+02 -8.455260e+01 1.242025e+02
    endloop
  endfacet
  facet normal -1.000000e+00 0.000000e+00 0.000000e+00
    outer loop
      vertex   -2.000000e+02 -8.450000e+01 1.238824e+02
      vertex   -2.000000e+02 -8.455260e+01 1.242025e+02
      vertex   -2.000000e+02 -8.451324e+01 1.240446e+02
    endloop
  endfacet
  facet normal -2.480831e-03 9.182133e-01 3.960785e-01
    outer loop
      vertex   -1.880000e+02 -8.455260e+01 1.242025e+02
      vertex   -1.920000e+02 -8.452970e+01 1.241243e+02
      vertex   -1.880000e+02 -8.461705e+01 1.243519e+02
    endloop
  endfacet
  facet normal -1.382925e-18 9.335804e-01 3.583679e-01
    outer loop
      vertex   -1.880000e+02 -8.461705e+01 1.243519e+02
      vertex   -1.920000e+02 -8.452970e+01 1.241243e+02
      vertex   -1.960000e+02 -8.452970e+01 1.241243e+02
    endloop
  endfacet
  facet normal 9.936201e-04 9.447707e-01 3.277306e-01
    outer loop
      vertex   -1.880000e+02 -8.461705e+01 1.243519e+02
      vertex   -1.960000e+02 -8.452970e+01 1.241243e+02
      vertex   -2.000000e+02 -8.455260e+01 1.242025e+02
    endloop
  endfacet
  facet normal -8.287777e-04 9.702954e-01 2.419218e-01
    outer loop
      vertex   -2.000000e+02 -8.455260e+01 1.242025e+02
      vertex   -1.960000e+02 -8.452970e+01 1.241243e+02
      vertex   -2.000000e+02 -8.451324e+01 1.240446e+02
    endloop
  endfacet
  facet normal 2.480831e-03 9.966818e-01 8.135842e-02
    outer loop
      vertex   -2.000000e+02 -8.451324e+01 1.240446e+02
      vertex   -1.960000e+02 -8.452970e+01 1.241243e+02
      vertex   -2.000000e+02 -8.450000e+01 1.238824e+02
    endloop
  endfacet
  facet normal 1.419198e-19 9.925462e-01 1.218693e-01
    outer loop
      vertex   -2.000000e+02 -8.450000e+01 1.238824e+02
      vertex   -1.960000e+02 -8.452970e+01 1.241243e+02
      vertex   -1.920000e+02 -8.452970e+01 1.241243e+02
    endloop
  endfacet
  facet normal -9.936201e-04 9.880432e-01 1.541740e-01
    outer loop
      vertex   -2.000000e+02 -8.450000e+01 1.238824e+02
      vertex   -1.920000e+02 -8.452970e+01 1.241243e+02
      vertex   -1.880000e+02 -8.451324e+01 1.240446e+02
    endloop
  endfacet
  facet normal 8.287777e-04 9.702954e-01 2.419218e-01
    outer loop
      vertex   -1.880000e+02 -8.451324e+01 1.240446e+02
      vertex   -1.920000e+02 -8.452970e+01 1.241243e+02
      vertex   -1.880000e+02 -8.455260e+01 1.242025e+02
    endloop
  endfacet
  facet normal -3.639091e-20 9.966849e-01 8.135867e-02
    outer loop
      vertex   -1.880000e+02 -8.451324e+01 1.240446e+02
      vertex   -1.880000e+02 -8.450000e+01 1.238824e+02
      vertex   -2.000000e+02 -8.450000e+01 1.238824e+02
    endloop
  endfacet
  facet normal -1.056571e-21 9.182161e-01 3.960798e-01
    outer loop
      vertex   -2.000000e+02 -8.455260e+01 1.242025e+02
      vertex   -2.000000e+02 -8.461705e+01 1.243519e+02
      vertex   -1.880000e+02 -8.461705e+01 1.243519e+02
    endloop
  endfacet
  facet normal -0.000000e+00 9.329588e-01 3.599832e-01
    outer loop
      vertex   -2.000000e+02 -8.690391e+01 1.287143e+02
      vertex   -1.960000e+02 -8.690391e+01 1.287143e+02
      vertex   -2.000000e+02 -8.681741e+01 1.284902e+02
    endloop
  endfacet
  facet normal 1.219815e-18 9.329588e-01 3.599832e-01
    outer loop
      vertex   -2.000000e+02 -8.681741e+01 1.284902e+02
      vertex   -1.960000e+02 -8.690391e+01 1.287143e+02
      vertex   -1.920000e+02 -8.690391e+01 1.287143e+02
    endloop
  endfacet
  facet normal -0.000000e+00 9.329588e-01 3.599832e-01
    outer loop
      vertex   -2.000000e+02 -8.681741e+01 1.284902e+02
      vertex   -1.920000e+02 -8.690391e+01 1.287143e+02
      vertex   -1.880000e+02 -8.681741e+01 1.284902e+02
    endloop
  endfacet
  facet normal 1.219815e-18 9.329588e-01 3.599832e-01
    outer loop
      vertex   -1.880000e+02 -8.681741e+01 1.284902e+02
      vertex   -1.920000e+02 -8.690391e+01 1.287143e+02
      vertex   -1.880000e+02 -8.690391e+01 1.287143e+02
    endloop
  endfacet
  facet normal 0.000000e+00 9.919000e-01 1.270211e-01
    outer loop
      vertex   -1.880000e+02 -8.690391e+01 1.287143e+02
      vertex   -1.920000e+02 -8.690391e+01 1.287143e+02
      vertex   -1.880000e+02 -8.693443e+01 1.289527e+02
    endloop
  endfacet
  facet normal 0.000000e+00 9.919000e-01 1.270211e-01
    outer loop
      vertex   -1.880000e+02 -8.693443e+01 1.289527e+02
      vertex   -1.920000e+02 -8.690391e+01 1.287143e+02
      vertex   -1.920000e+02 -8.693443e+01 1.289527e+02
    endloop
  endfacet
  facet normal 0.000000e+00 9.935636e-01 -1.132758e-01
    outer loop
      vertex   -1.880000e+02 -8.693443e+01 1.289527e+02
      vertex   -1.920000e+02 -8.693443e+01 1.289527e+02
      vertex   -1.880000e+02 -8.690721e+01 1.291915e+02
    endloop
  endfacet
  facet normal 0.000000e+00 9.935636e-01 -1.132758e-01
    outer loop
      vertex   -1.880000e+02 -8.690721e+01 1.291915e+02
      vertex   -1.920000e+02 -8.693443e+01 1.289527e+02
      vertex   -1.920000e+02 -8.690721e+01 1.291915e+02
    endloop
  endfacet
  facet normal 0.000000e+00 9.378534e-01 -3.470316e-01
    outer loop
      vertex   -1.880000e+02 -8.690721e+01 1.291915e+02
      vertex   -1.920000e+02 -8.690721e+01 1.291915e+02
      vertex   -1.880000e+02 -8.682382e+01 1.294168e+02
    endloop
  endfacet
  facet normal 0.000000e+00 9.378534e-01 -3.470316e-01
    outer loop
      vertex   -1.880000e+02 -8.682382e+01 1.294168e+02
      vertex   -1.920000e+02 -8.690721e+01 1.291915e+02
      vertex   -1.920000e+02 -8.682382e+01 1.294168e+02
    endloop
  endfacet
  facet normal 0.000000e+00 8.279866e-01 -5.607479e-01
    outer loop
      vertex   -1.880000e+02 -8.682382e+01 1.294168e+02
      vertex   -1.920000e+02 -8.682382e+01 1.294168e+02
      vertex   -1.880000e+02 -8.668907e+01 1.296158e+02
    endloop
  endfacet
  facet normal 0.000000e+00 8.279866e-01 -5.607479e-01
    outer loop
      vertex   -1.880000e+02 -8.668907e+01 1.296158e+02
      vertex   -1.920000e+02 -8.682382e+01 1.294168e+02
      vertex   -1.920000e+02 -8.668907e+01 1.296158e+02
    endloop
  endfacet
  facet normal 0.000000e+00 6.703073e-01 -7.420836e-01
    outer loop
      vertex   -1.880000e+02 -8.668907e+01 1.296158e+02
      vertex   -1.920000e+02 -8.668907e+01 1.296158e+02
      vertex   -1.880000e+02 -8.651075e+01 1.297769e+02
    endloop
  endfacet
  facet normal 0.000000e+00 6.703073e-01 -7.420836e-01
    outer loop
      vertex   -1.880000e+02 -8.651075e+01 1.297769e+02
      vertex   -1.920000e+02 -8.668907e+01 1.296158e+02
      vertex   -1.920000e+02 -8.651075e+01 1.297769e+02
    endloop
  endfacet
  facet normal 0.000000e+00 4.739209e-01 -8.805674e-01
    outer loop
      vertex   -1.880000e+02 -8.651075e+01 1.297769e+02
      vertex   -1.920000e+02 -8.651075e+01 1.297769e+02
      vertex   -1.880000e+02 -8.629914e+01 1.298908e+02
    endloop
  endfacet
  facet normal 0.000000e+00 4.739209e-01 -8.805674e-01
    outer loop
      vertex   -1.880000e+02 -8.629914e+01 1.298908e+02
      vertex   -1.920000e+02 -8.651075e+01 1.297769e+02
      vertex   -1.920000e+02 -8.629914e+01 1.298908e+02
    endloop
  endfacet
  facet normal 0.000000e+00 2.501677e-01 -9.682025e-01
    outer loop
      vertex   -1.880000e+02 -8.629914e+01 1.298908e+02
      vertex   -1.920000e+02 -8.629914e+01 1.298908e+02
      vertex   -1.880000e+02 -8.606648e+01 1.299509e+02
    endloop
  endfacet
  facet normal 0.000000e+00 2.501677e-01 -9.682025e-01
    outer loop
      vertex   -1.880000e+02 -8.606648e+01 1.299509e+02
      vertex   -1.920000e+02 -8.629914e+01 1.298908e+02
      vertex   -1.920000e+02 -8.606648e+01 1.299509e+02
    endloop
  endfacet
  facet normal 0.000000e+00 1.196850e-02 -9.999284e-01
    outer loop
      vertex   -1.880000e+02 -8.606648e+01 1.299509e+02
      vertex   -1.920000e+02 -8.606648e+01 1.299509e+02
      vertex   -1.880000e+02 -8.582620e+01 1.299537e+02
    endloop
  endfacet
  facet normal -4.349860e-20 1.196850e-02 -9.999284e-01
    outer loop
      vertex   -1.880000e+02 -8.582620e+01 1.299537e+02
      vertex   -1.920000e+02 -8.606648e+01 1.299509e+02
      vertex   -1.960000e+02 -8.606648e+01 1.299509e+02
    endloop
  endfacet
  facet normal 0.000000e+00 1.196850e-02 -9.999284e-01
    outer loop
      vertex   -1.880000e+02 -8.582620e+01 1.299537e+02
      vertex   -1.960000e+02 -8.606648e+01 1.299509e+02
      vertex   -2.000000e+02 -8.582620e+01 1.299537e+02
    endloop
  endfacet
  facet normal -4.349860e-20 1.196850e-02 -9.999284e-01
    outer loop
      vertex   -2.000000e+02 -8.582620e+01 1.299537e+02
      vertex   -1.960000e+02 -8.606648e+01 1.299509e+02
      vertex   -2.000000e+02 -8.606648e+01 1.299509e+02
    endloop
  endfacet
  facet normal 0.000000e+00 2.501677e-01 -9.682025e-01
    outer loop
      vertex   -2.000000e+02 -8.606648e+01 1.299509e+02
      vertex   -1.960000e+02 -8.606648e+01 1.299509e+02
      vertex   -2.000000e+02 -8.629914e+01 1.298908e+02
    endloop
  endfacet
  facet normal 0.000000e+00 2.501677e-01 -9.682025e-01
    outer loop
      vertex   -2.000000e+02 -8.629914e+01 1.298908e+02
      vertex   -1.960000e+02 -8.606648e+01 1.299509e+02
      vertex   -1.960000e+02 -8.629914e+01 1.298908e+02
    endloop
  endfacet
  facet normal 0.000000e+00 4.739209e-01 -8.805674e-01
    outer loop
      vertex   -2.000000e+02 -8.629914e+01 1.298908e+02
      vertex   -1.960000e+02 -8.629914e+01 1.298908e+02
      vertex   -2.000000e+02 -8.651075e+01 1.297769e+02
    endloop
  endfacet
  facet normal 0.000000e+00 4.739209e-01 -8.805674e-01
    outer loop
      vertex   -2.000000e+02 -8.651075e+01 1.297769e+02
      vertex   -1.960000e+02 -8.629914e+01 1.298908e+02
      vertex   -1.960000e+02 -8.651075e+01 1.297769e+02
    endloop
  endfacet
  facet normal 0.000000e+00 6.703073e-01 -7.420836e-01
    outer loop
      vertex   -2.000000e+02 -8.651075e+01 1.297769e+02
      vertex   -1.960000e+02 -8.651075e+01 1.297769e+02
      vertex   -2.000000e+02 -8.668907e+01 1.296158e+02
    endloop
  endfacet
  facet normal 0.000000e+00 6.703073e-01 -7.420836e-01
    outer loop
      vertex   -2.000000e+02 -8.668907e+01 1.296158e+02
      vertex   -1.960000e+02 -8.651075e+01 1.297769e+02
      vertex   -1.960000e+02 -8.668907e+01 1.296158e+02
    endloop
  endfacet
  facet normal 0.000000e+00 8.279866e-01 -5.607479e-01
    outer loop
      vertex   -2.000000e+02 -8.668907e+01 1.296158e+02
      vertex   -1.960000e+02 -8.668907e+01 1.296158e+02
      vertex   -2.000000e+02 -8.682382e+01 1.294168e+02
    endloop
  endfacet
  facet normal 0.000000e+00 8.279866e-01 -5.607479e-01
    outer loop
      vertex   -2.000000e+02 -8.682382e+01 1.294168e+02
      vertex   -1.960000e+02 -8.668907e+01 1.296158e+02
      vertex   -1.960000e+02 -8.682382e+01 1.294168e+02
    endloop
  endfacet
  facet normal 0.000000e+00 9.378534e-01 -3.470316e-01
    outer loop
      vertex   -2.000000e+02 -8.682382e+01 1.294168e+02
      vertex   -1.960000e+02 -8.682382e+01 1.294168e+02
      vertex   -2.000000e+02 -8.690721e+01 1.291915e+02
    endloop
  endfacet
  facet normal 0.000000e+00 9.378534e-01 -3.470316e-01
    outer loop
      vertex   -2.000000e+02 -8.690721e+01 1.291915e+02
      vertex   -1.960000e+02 -8.682382e+01 1.294168e+02
      vertex   -1.960000e+02 -8.690721e+01 1.291915e+02
    endloop
  endfacet
  facet normal 0.000000e+00 9.935636e-01 -1.132758e-01
    outer loop
      vertex   -2.000000e+02 -8.690721e+01 1.291915e+02
      vertex   -1.960000e+02 -8.690721e+01 1.291915e+02
      vertex   -2.000000e+02 -8.693443e+01 1.289527e+02
    endloop
  endfacet
  facet normal 0.000000e+00 9.935636e-01 -1.132758e-01
    outer loop
      vertex   -2.000000e+02 -8.693443e+01 1.289527e+02
      vertex   -1.960000e+02 -8.690721e+01 1.291915e+02
      vertex   -1.960000e+02 -8.693443e+01 1.289527e+02
    endloop
  endfacet
  facet normal -0.000000e+00 9.919000e-01 1.270211e-01
    outer loop
      vertex   -2.000000e+02 -8.693443e+01 1.289527e+02
      vertex   -1.960000e+02 -8.693443e+01 1.289527e+02
      vertex   -2.000000e+02 -8.690391e+01 1.287143e+02
    endloop
  endfacet
  facet normal -0.000000e+00 9.919000e-01 1.270211e-01
    outer loop
      vertex   -2.000000e+02 -8.690391e+01 1.287143e+02
      vertex   -1.960000e+02 -8.693443e+01 1.289527e+02
      vertex   -1.960000e+02 -8.690391e+01 1.287143e+02
    endloop
  endfacet
  facet normal -6.903261e-20 9.919000e-01 1.270211e-01
    outer loop
      vertex   -1.920000e+02 -8.693443e+01 1.289527e+02
      vertex   -1.920000e+02 -8.690391e+01 1.287143e+02
      vertex   -1.960000e+02 -8.690391e+01 1.287143e+02
    endloop
  endfacet
  facet normal 0.000000e+00 9.919000e-01 1.270211e-01
    outer loop
      vertex   -1.920000e+02 -8.693443e+01 1.289527e+02
      vertex   -1.960000e+02 -8.690391e+01 1.287143e+02
      vertex   -1.960000e+02 -8.693443e+01 1.289527e+02
    endloop
  endfacet
  facet normal 8.361008e-20 9.935636e-01 -1.132758e-01
    outer loop
      vertex   -1.920000e+02 -8.690721e+01 1.291915e+02
      vertex   -1.920000e+02 -8.693443e+01 1.289527e+02
      vertex   -1.960000e+02 -8.693443e+01 1.289527e+02
    endloop
  endfacet
  facet normal 0.000000e+00 9.935636e-01 -1.132758e-01
    outer loop
      vertex   -1.920000e+02 -8.690721e+01 1.291915e+02
      vertex   -1.960000e+02 -8.693443e+01 1.289527e+02
      vertex   -1.960000e+02 -8.690721e+01 1.291915e+02
    endloop
  endfacet
  facet normal 6.294890e-19 9.378534e-01 -3.470316e-01
    outer loop
      vertex   -1.920000e+02 -8.682382e+01 1.294168e+02
      vertex   -1.920000e+02 -8.690721e+01 1.291915e+02
      vertex   -1.960000e+02 -8.690721e+01 1.291915e+02
    endloop
  endfacet
  facet normal 0.000000e+00 9.378534e-01 -3.470316e-01
    outer loop
      vertex   -1.920000e+02 -8.682382e+01 1.294168e+02
      vertex   -1.960000e+02 -8.690721e+01 1.291915e+02
      vertex   -1.960000e+02 -8.682382e+01 1.294168e+02
    endloop
  endfacet
  facet normal 5.311324e-19 8.279866e-01 -5.607479e-01
    outer loop
      vertex   -1.920000e+02 -8.668907e+01 1.296158e+02
      vertex   -1.920000e+02 -8.682382e+01 1.294168e+02
      vertex   -1.960000e+02 -8.682382e+01 1.294168e+02
    endloop
  endfacet
  facet normal 0.000000e+00 8.279866e-01 -5.607479e-01
    outer loop
      vertex   -1.920000e+02 -8.668907e+01 1.296158e+02
      vertex   -1.960000e+02 -8.682382e+01 1.294168e+02
      vertex   -1.960000e+02 -8.668907e+01 1.296158e+02
    endloop
  endfacet
  facet normal -1.979090e-20 6.703073e-01 -7.420836e-01
    outer loop
      vertex   -1.920000e+02 -8.651075e+01 1.297769e+02
      vertex   -1.920000e+02 -8.668907e+01 1.296158e+02
      vertex   -1.960000e+02 -8.668907e+01 1.296158e+02
    endloop
  endfacet
  facet normal 0.000000e+00 6.703073e-01 -7.420836e-01
    outer loop
      vertex   -1.920000e+02 -8.651075e+01 1.297769e+02
      vertex   -1.960000e+02 -8.668907e+01 1.296158e+02
      vertex   -1.960000e+02 -8.651075e+01 1.297769e+02
    endloop
  endfacet
  facet normal 1.044295e-18 4.739209e-01 -8.805674e-01
    outer loop
      vertex   -1.920000e+02 -8.629914e+01 1.298908e+02
      vertex   -1.920000e+02 -8.651075e+01 1.297769e+02
      vertex   -1.960000e+02 -8.651075e+01 1.297769e+02
    endloop
  endfacet
  facet normal 0.000000e+00 4.739209e-01 -8.805674e-01
    outer loop
      vertex   -1.920000e+02 -8.629914e+01 1.298908e+02
      vertex   -1.960000e+02 -8.651075e+01 1.297769e+02
      vertex   -1.960000e+02 -8.629914e+01 1.298908e+02
    endloop
  endfacet
  facet normal 8.341115e-19 2.501677e-01 -9.682025e-01
    outer loop
      vertex   -1.920000e+02 -8.606648e+01 1.299509e+02
      vertex   -1.920000e+02 -8.629914e+01 1.298908e+02
      vertex   -1.960000e+02 -8.629914e+01 1.298908e+02
    endloop
  endfacet
  facet normal 0.000000e+00 2.501677e-01 -9.682025e-01
    outer loop
      vertex   -1.920000e+02 -8.606648e+01 1.299509e+02
      vertex   -1.960000e+02 -8.629914e+01 1.298908e+02
      vertex   -1.960000e+02 -8.606648e+01 1.299509e+02
    endloop
  endfacet
  facet normal -0.000000e+00 -9.027157e-02 -9.959172e-01
    outer loop
      vertex   -1.880000e+02 -8.582620e+01 1.299537e+02
      vertex   -2.000000e+02 -8.582620e+01 1.299537e+02
      vertex   -1.880000e+02 -8.538510e+01 1.299138e+02
    endloop
  endfacet
  facet normal -0.000000e+00 -9.027157e-02 -9.959172e-01
    outer loop
      vertex   -1.880000e+02 -8.538510e+01 1.299138e+02
      vertex   -2.000000e+02 -8.582620e+01 1.299537e+02
      vertex   -2.000000e+02 -8.538510e+01 1.299138e+02
    endloop
  endfacet
  facet normal -0.000000e+00 -5.421019e-02 -9.985295e-01
    outer loop
      vertex   -1.880000e+02 -8.538510e+01 1.299138e+02
      vertex   -2.000000e+02 -8.538510e+01 1.299138e+02
      vertex   -2.000000e+02 -8.494284e+01 1.298898e+02
    endloop
  endfacet
  facet normal 0.000000e+00 -1.807794e-02 -9.998366e-01
    outer loop
      vertex   -2.000000e+02 -8.450000e+01 1.298817e+02
      vertex   -1.880000e+02 -8.450000e+01 1.298817e+02
      vertex   -2.000000e+02 -8.494284e+01 1.298898e+02
    endloop
  endfacet
  facet normal 0.000000e+00 -1.807794e-02 -9.998366e-01
    outer loop
      vertex   -2.000000e+02 -8.494284e+01 1.298898e+02
      vertex   -1.880000e+02 -8.450000e+01 1.298817e+02
      vertex   -1.880000e+02 -8.494284e+01 1.298898e+02
    endloop
  endfacet
  facet normal 0.000000e+00 -5.421019e-02 -9.985295e-01
    outer loop
      vertex   -2.000000e+02 -8.494284e+01 1.298898e+02
      vertex   -1.880000e+02 -8.494284e+01 1.298898e+02
      vertex   -1.880000e+02 -8.538510e+01 1.299138e+02
    endloop
  endfacet
  facet normal -1.045285e-01 0.000000e+00 9.945219e-01
    outer loop
      vertex   -1.935738e+02 -8.850000e+01 1.171265e+02
      vertex   -1.935738e+02 -8.450000e+01 1.171265e+02
      vertex   -1.940000e+02 -8.850000e+01 1.170817e+02
    endloop
  endfacet
  facet normal -1.045285e-01 0.000000e+00 9.945219e-01
    outer loop
      vertex   -1.940000e+02 -8.850000e+01 1.170817e+02
      vertex   -1.935738e+02 -8.450000e+01 1.171265e+02
      vertex   -1.940000e+02 -8.450000e+01 1.170817e+02
    endloop
  endfacet
  facet normal 1.045285e-01 -0.000000e+00 9.945219e-01
    outer loop
      vertex   -1.940000e+02 -8.850000e+01 1.170817e+02
      vertex   -1.940000e+02 -8.450000e+01 1.170817e+02
      vertex   -1.944262e+02 -8.850000e+01 1.171265e+02
    endloop
  endfacet
  facet normal 1.045285e-01 -0.000000e+00 9.945219e-01
    outer loop
      vertex   -1.944262e+02 -8.850000e+01 1.171265e+02
      vertex   -1.940000e+02 -8.450000e+01 1.170817e+02
      vertex   -1.944262e+02 -8.450000e+01 1.171265e+02
    endloop
  endfacet
  facet normal 3.090170e-01 -0.000000e+00 9.510565e-01
    outer loop
      vertex   -1.944262e+02 -8.850000e+01 1.171265e+02
      vertex   -1.944262e+02 -8.450000e+01 1.171265e+02
      vertex   -1.948338e+02 -8.850000e+01 1.172590e+02
    endloop
  endfacet
  facet normal 3.090170e-01 -0.000000e+00 9.510565e-01
    outer loop
      vertex   -1.948338e+02 -8.850000e+01 1.172590e+02
      vertex   -1.944262e+02 -8.450000e+01 1.171265e+02
      vertex   -1.948338e+02 -8.450000e+01 1.172590e+02
    endloop
  endfacet
  facet normal 5.000000e-01 -0.000000e+00 8.660254e-01
    outer loop
      vertex   -1.948338e+02 -8.850000e+01 1.172590e+02
      vertex   -1.948338e+02 -8.450000e+01 1.172590e+02
      vertex   -1.952050e+02 -8.850000e+01 1.174733e+02
    endloop
  endfacet
  facet normal 5.000000e-01 -0.000000e+00 8.660254e-01
    outer loop
      vertex   -1.952050e+02 -8.850000e+01 1.174733e+02
      vertex   -1.948338e+02 -8.450000e+01 1.172590e+02
      vertex   -1.952050e+02 -8.450000e+01 1.174733e+02
    endloop
  endfacet
  facet normal 6.691306e-01 -0.000000e+00 7.431448e-01
    outer loop
      vertex   -1.952050e+02 -8.850000e+01 1.174733e+02
      vertex   -1.952050e+02 -8.450000e+01 1.174733e+02
      vertex   -1.955234e+02 -8.850000e+01 1.177600e+02
    endloop
  endfacet
  facet normal 6.691306e-01 -0.000000e+00 7.431448e-01
    outer loop
      vertex   -1.955234e+02 -8.850000e+01 1.177600e+02
      vertex   -1.952050e+02 -8.450000e+01 1.174733e+02
      vertex   -1.955234e+02 -8.450000e+01 1.177600e+02
    endloop
  endfacet
  facet normal 8.090170e-01 -0.000000e+00 5.877853e-01
    outer loop
      vertex   -1.955234e+02 -8.850000e+01 1.177600e+02
      vertex   -1.955234e+02 -8.450000e+01 1.177600e+02
      vertex   -1.957754e+02 -8.850000e+01 1.181067e+02
    endloop
  endfacet
  facet normal 8.090170e-01 -0.000000e+00 5.877853e-01
    outer loop
      vertex   -1.957754e+02 -8.850000e+01 1.181067e+02
      vertex   -1.955234e+02 -8.450000e+01 1.177600e+02
      vertex   -1.957754e+02 -8.450000e+01 1.181067e+02
    endloop
  endfacet
  facet normal 9.135455e-01 -0.000000e+00 4.067366e-01
    outer loop
      vertex   -1.957754e+02 -8.850000e+01 1.181067e+02
      vertex   -1.957754e+02 -8.450000e+01 1.181067e+02
      vertex   -1.959497e+02 -8.850000e+01 1.184983e+02
    endloop
  endfacet
  facet normal 9.135455e-01 -0.000000e+00 4.067366e-01
    outer loop
      vertex   -1.959497e+02 -8.850000e+01 1.184983e+02
      vertex   -1.957754e+02 -8.450000e+01 1.181067e+02
      vertex   -1.959497e+02 -8.450000e+01 1.184983e+02
    endloop
  endfacet
  facet normal 9.781476e-01 -0.000000e+00 2.079117e-01
    outer loop
      vertex   -1.959497e+02 -8.850000e+01 1.184983e+02
      vertex   -1.959497e+02 -8.450000e+01 1.184983e+02
      vertex   -1.960388e+02 -8.850000e+01 1.189175e+02
    endloop
  endfacet
  facet normal 9.781476e-01 -0.000000e+00 2.079117e-01
    outer loop
      vertex   -1.960388e+02 -8.850000e+01 1.189175e+02
      vertex   -1.959497e+02 -8.450000e+01 1.184983e+02
      vertex   -1.960388e+02 -8.450000e+01 1.189175e+02
    endloop
  endfacet
  facet normal 1.000000e+00 0.000000e+00 0.000000e+00
    outer loop
      vertex   -1.960388e+02 -8.850000e+01 1.189175e+02
      vertex   -1.960388e+02 -8.450000e+01 1.189175e+02
      vertex   -1.960388e+02 -8.850000e+01 1.193460e+02
    endloop
  endfacet
  facet normal 1.000000e+00 -0.000000e+00 0.000000e+00
    outer loop
      vertex   -1.960388e+02 -8.850000e+01 1.193460e+02
      vertex   -1.960388e+02 -8.450000e+01 1.189175e+02
      vertex   -1.960388e+02 -8.450000e+01 1.193460e+02
    endloop
  endfacet
  facet normal 9.781476e-01 0.000000e+00 -2.079117e-01
    outer loop
      vertex   -1.960388e+02 -8.850000e+01 1.193460e+02
      vertex   -1.960388e+02 -8.450000e+01 1.193460e+02
      vertex   -1.959497e+02 -8.850000e+01 1.197652e+02
    endloop
  endfacet
  facet normal 9.781476e-01 0.000000e+00 -2.079117e-01
    outer loop
      vertex   -1.959497e+02 -8.850000e+01 1.197652e+02
      vertex   -1.960388e+02 -8.450000e+01 1.193460e+02
      vertex   -1.959497e+02 -8.450000e+01 1.197652e+02
    endloop
  endfacet
  facet normal 9.135455e-01 0.000000e+00 -4.067366e-01
    outer loop
      vertex   -1.959497e+02 -8.850000e+01 1.197652e+02
      vertex   -1.959497e+02 -8.450000e+01 1.197652e+02
      vertex   -1.957754e+02 -8.850000e+01 1.201567e+02
    endloop
  endfacet
  facet normal 9.135455e-01 1.445019e-15 -4.067366e-01
    outer loop
      vertex   -1.957754e+02 -8.850000e+01 1.201567e+02
      vertex   -1.959497e+02 -8.450000e+01 1.197652e+02
      vertex   -1.957754e+02 -8.450000e+01 1.201567e+02
    endloop
  endfacet
  facet normal 8.090170e-01 2.088233e-15 -5.877853e-01
    outer loop
      vertex   -1.957754e+02 -8.850000e+01 1.201567e+02
      vertex   -1.957754e+02 -8.450000e+01 1.201567e+02
      vertex   -1.955234e+02 -8.850000e+01 1.205035e+02
    endloop
  endfacet
  facet normal 8.090170e-01 0.000000e+00 -5.877853e-01
    outer loop
      vertex   -1.955234e+02 -8.850000e+01 1.205035e+02
      vertex   -1.957754e+02 -8.450000e+01 1.201567e+02
      vertex   -1.955234e+02 -8.450000e+01 1.205035e+02
    endloop
  endfacet
  facet normal 6.691306e-01 0.000000e+00 -7.431448e-01
    outer loop
      vertex   -1.955234e+02 -8.850000e+01 1.205035e+02
      vertex   -1.955234e+02 -8.450000e+01 1.205035e+02
      vertex   -1.952050e+02 -8.850000e+01 1.207902e+02
    endloop
  endfacet
  facet normal 6.691306e-01 0.000000e+00 -7.431448e-01
    outer loop
      vertex   -1.952050e+02 -8.850000e+01 1.207902e+02
      vertex   -1.955234e+02 -8.450000e+01 1.205035e+02
      vertex   -1.952050e+02 -8.450000e+01 1.207902e+02
    endloop
  endfacet
  facet normal 5.000000e-01 0.000000e+00 -8.660254e-01
    outer loop
      vertex   -1.952050e+02 -8.850000e+01 1.207902e+02
      vertex   -1.952050e+02 -8.450000e+01 1.207902e+02
      vertex   -1.948338e+02 -8.850000e+01 1.210045e+02
    endloop
  endfacet
  facet normal 5.000000e-01 0.000000e+00 -8.660254e-01
    outer loop
      vertex   -1.948338e+02 -8.850000e+01 1.210045e+02
      vertex   -1.952050e+02 -8.450000e+01 1.207902e+02
      vertex   -1.948338e+02 -8.450000e+01 1.210045e+02
    endloop
  endfacet
  facet normal 3.090170e-01 0.000000e+00 -9.510565e-01
    outer loop
      vertex   -1.948338e+02 -8.850000e+01 1.210045e+02
      vertex   -1.948338e+02 -8.450000e+01 1.210045e+02
      vertex   -1.944262e+02 -8.850000e+01 1.211370e+02
    endloop
  endfacet
  facet normal 3.090170e-01 0.000000e+00 -9.510565e-01
    outer loop
      vertex   -1.944262e+02 -8.850000e+01 1.211370e+02
      vertex   -1.948338e+02 -8.450000e+01 1.210045e+02
      vertex   -1.944262e+02 -8.450000e+01 1.211370e+02
    endloop
  endfacet
  facet normal 1.045285e-01 0.000000e+00 -9.945219e-01
    outer loop
      vertex   -1.944262e+02 -8.850000e+01 1.211370e+02
      vertex   -1.944262e+02 -8.450000e+01 1.211370e+02
      vertex   -1.940000e+02 -8.850000e+01 1.211817e+02
    endloop
  endfacet
  facet normal 1.045285e-01 0.000000e+00 -9.945219e-01
    outer loop
      vertex   -1.940000e+02 -8.850000e+01 1.211817e+02
      vertex   -1.944262e+02 -8.450000e+01 1.211370e+02
      vertex   -1.940000e+02 -8.450000e+01 1.211817e+02
    endloop
  endfacet
  facet normal -1.045285e-01 0.000000e+00 -9.945219e-01
    outer loop
      vertex   -1.940000e+02 -8.850000e+01 1.211817e+02
      vertex   -1.940000e+02 -8.450000e+01 1.211817e+02
      vertex   -1.935738e+02 -8.850000e+01 1.211370e+02
    endloop
  endfacet
  facet normal -1.045285e-01 0.000000e+00 -9.945219e-01
    outer loop
      vertex   -1.935738e+02 -8.850000e+01 1.211370e+02
      vertex   -1.940000e+02 -8.450000e+01 1.211817e+02
      vertex   -1.935738e+02 -8.450000e+01 1.211370e+02
    endloop
  endfacet
  facet normal -3.090170e-01 0.000000e+00 -9.510565e-01
    outer loop
      vertex   -1.935738e+02 -8.850000e+01 1.211370e+02
      vertex   -1.935738e+02 -8.450000e+01 1.211370e+02
      vertex   -1.931662e+02 -8.850000e+01 1.210045e+02
    endloop
  endfacet
  facet normal -3.090170e-01 0.000000e+00 -9.510565e-01
    outer loop
      vertex   -1.931662e+02 -8.850000e+01 1.210045e+02
      vertex   -1.935738e+02 -8.450000e+01 1.211370e+02
      vertex   -1.931662e+02 -8.450000e+01 1.210045e+02
    endloop
  endfacet
  facet normal -5.000000e-01 0.000000e+00 -8.660254e-01
    outer loop
      vertex   -1.931662e+02 -8.850000e+01 1.210045e+02
      vertex   -1.931662e+02 -8.450000e+01 1.210045e+02
      vertex   -1.927950e+02 -8.850000e+01 1.207902e+02
    endloop
  endfacet
  facet normal -5.000000e-01 0.000000e+00 -8.660254e-01
    outer loop
      vertex   -1.927950e+02 -8.850000e+01 1.207902e+02
      vertex   -1.931662e+02 -8.450000e+01 1.210045e+02
      vertex   -1.927950e+02 -8.450000e+01 1.207902e+02
    endloop
  endfacet
  facet normal -6.691306e-01 0.000000e+00 -7.431448e-01
    outer loop
      vertex   -1.927950e+02 -8.850000e+01 1.207902e+02
      vertex   -1.927950e+02 -8.450000e+01 1.207902e+02
      vertex   -1.924766e+02 -8.850000e+01 1.205035e+02
    endloop
  endfacet
  facet normal -6.691306e-01 0.000000e+00 -7.431448e-01
    outer loop
      vertex   -1.924766e+02 -8.850000e+01 1.205035e+02
      vertex   -1.927950e+02 -8.450000e+01 1.207902e+02
      vertex   -1.924766e+02 -8.450000e+01 1.205035e+02
    endloop
  endfacet
  facet normal -8.090170e-01 0.000000e+00 -5.877853e-01
    outer loop
      vertex   -1.924766e+02 -8.850000e+01 1.205035e+02
      vertex   -1.924766e+02 -8.450000e+01 1.205035e+02
      vertex   -1.922246e+02 -8.850000e+01 1.201567e+02
    endloop
  endfacet
  facet normal -8.090170e-01 -2.088233e-15 -5.877853e-01
    outer loop
      vertex   -1.922246e+02 -8.850000e+01 1.201567e+02
      vertex   -1.924766e+02 -8.450000e+01 1.205035e+02
      vertex   -1.922246e+02 -8.450000e+01 1.201567e+02
    endloop
  endfacet
  facet normal -9.135455e-01 -1.445019e-15 -4.067366e-01
    outer loop
      vertex   -1.922246e+02 -8.850000e+01 1.201567e+02
      vertex   -1.922246e+02 -8.450000e+01 1.201567e+02
      vertex   -1.920503e+02 -8.850000e+01 1.197652e+02
    endloop
  endfacet
  facet normal -9.135455e-01 0.000000e+00 -4.067366e-01
    outer loop
      vertex   -1.920503e+02 -8.850000e+01 1.197652e+02
      vertex   -1.922246e+02 -8.450000e+01 1.201567e+02
      vertex   -1.920503e+02 -8.450000e+01 1.197652e+02
    endloop
  endfacet
  facet normal -9.781476e-01 0.000000e+00 -2.079117e-01
    outer loop
      vertex   -1.920503e+02 -8.850000e+01 1.197652e+02
      vertex   -1.920503e+02 -8.450000e+01 1.197652e+02
      vertex   -1.919612e+02 -8.850000e+01 1.193460e+02
    endloop
  endfacet
  facet normal -9.781476e-01 0.000000e+00 -2.079117e-01
    outer loop
      vertex   -1.919612e+02 -8.850000e+01 1.193460e+02
      vertex   -1.920503e+02 -8.450000e+01 1.197652e+02
      vertex   -1.919612e+02 -8.450000e+01 1.193460e+02
    endloop
  endfacet
  facet normal -1.000000e+00 0.000000e+00 0.000000e+00
    outer loop
      vertex   -1.919612e+02 -8.850000e+01 1.193460e+02
      vertex   -1.919612e+02 -8.450000e+01 1.193460e+02
      vertex   -1.919612e+02 -8.850000e+01 1.189175e+02
    endloop
  endfacet
  facet normal -1.000000e+00 0.000000e+00 0.000000e+00
    outer loop
      vertex   -1.919612e+02 -8.850000e+01 1.189175e+02
      vertex   -1.919612e+02 -8.450000e+01 1.193460e+02
      vertex   -1.919612e+02 -8.450000e+01 1.189175e+02
    endloop
  endfacet
  facet normal -9.781476e-01 0.000000e+00 2.079117e-01
    outer loop
      vertex   -1.919612e+02 -8.850000e+01 1.189175e+02
      vertex   -1.919612e+02 -8.450000e+01 1.189175e+02
      vertex   -1.920503e+02 -8.850000e+01 1.184983e+02
    endloop
  endfacet
  facet normal -9.781476e-01 0.000000e+00 2.079117e-01
    outer loop
      vertex   -1.920503e+02 -8.850000e+01 1.184983e+02
      vertex   -1.919612e+02 -8.450000e+01 1.189175e+02
      vertex   -1.920503e+02 -8.450000e+01 1.184983e+02
    endloop
  endfacet
  facet normal -9.135455e-01 0.000000e+00 4.067366e-01
    outer loop
      vertex   -1.920503e+02 -8.850000e+01 1.184983e+02
      vertex   -1.920503e+02 -8.450000e+01 1.184983e+02
      vertex   -1.922246e+02 -8.850000e+01 1.181067e+02
    endloop
  endfacet
  facet normal -9.135455e-01 0.000000e+00 4.067366e-01
    outer loop
      vertex   -1.922246e+02 -8.850000e+01 1.181067e+02
      vertex   -1.920503e+02 -8.450000e+01 1.184983e+02
      vertex   -1.922246e+02 -8.450000e+01 1.181067e+02
    endloop
  endfacet
  facet normal -8.090170e-01 0.000000e+00 5.877853e-01
    outer loop
      vertex   -1.922246e+02 -8.850000e+01 1.181067e+02
      vertex   -1.922246e+02 -8.450000e+01 1.181067e+02
      vertex   -1.924766e+02 -8.850000e+01 1.177600e+02
    endloop
  endfacet
  facet normal -8.090170e-01 0.000000e+00 5.877853e-01
    outer loop
      vertex   -1.924766e+02 -8.850000e+01 1.177600e+02
      vertex   -1.922246e+02 -8.450000e+01 1.181067e+02
      vertex   -1.924766e+02 -8.450000e+01 1.177600e+02
    endloop
  endfacet
  facet normal -6.691306e-01 0.000000e+00 7.431448e-01
    outer loop
      vertex   -1.924766e+02 -8.850000e+01 1.177600e+02
      vertex   -1.924766e+02 -8.450000e+01 1.177600e+02
      vertex   -1.927950e+02 -8.850000e+01 1.174733e+02
    endloop
  endfacet
  facet normal -6.691306e-01 0.000000e+00 7.431448e-01
    outer loop
      vertex   -1.927950e+02 -8.850000e+01 1.174733e+02
      vertex   -1.924766e+02 -8.450000e+01 1.177600e+02
      vertex   -1.927950e+02 -8.450000e+01 1.174733e+02
    endloop
  endfacet
  facet normal -5.000000e-01 0.000000e+00 8.660254e-01
    outer loop
      vertex   -1.927950e+02 -8.850000e+01 1.174733e+02
      vertex   -1.927950e+02 -8.450000e+01 1.174733e+02
      vertex   -1.931662e+02 -8.850000e+01 1.172590e+02
    endloop
  endfacet
  facet normal -5.000000e-01 0.000000e+00 8.660254e-01
    outer loop
      vertex   -1.931662e+02 -8.850000e+01 1.172590e+02
      vertex   -1.927950e+02 -8.450000e+01 1.174733e+02
      vertex   -1.931662e+02 -8.450000e+01 1.172590e+02
    endloop
  endfacet
  facet normal -3.090170e-01 0.000000e+00 9.510565e-01
    outer loop
      vertex   -1.931662e+02 -8.850000e+01 1.172590e+02
      vertex   -1.931662e+02 -8.450000e+01 1.172590e+02
      vertex   -1.935738e+02 -8.850000e+01 1.171265e+02
    endloop
  endfacet
  facet normal -3.090170e-01 0.000000e+00 9.510565e-01
    outer loop
      vertex   -1.935738e+02 -8.850000e+01 1.171265e+02
      vertex   -1.931662e+02 -8.450000e+01 1.172590e+02
      vertex   -1.935738e+02 -8.450000e+01 1.171265e+02
    endloop
  endfacet
  facet normal 0.000000e+00 -4.222956e-02 9.991079e-01
    outer loop
      vertex   -1.880000e+02 -8.450000e+01 1.543817e+02
      vertex   -2.000000e+02 -8.450000e+01 1.543817e+02
      vertex   -1.880000e+02 -8.553370e+01 1.543381e+02
    endloop
  endfacet
  facet normal 0.000000e+00 -4.222956e-02 9.991079e-01
    outer loop
      vertex   -1.880000e+02 -8.553370e+01 1.543381e+02
      vertex   -2.000000e+02 -8.450000e+01 1.543817e+02
      vertex   -2.000000e+02 -8.553370e+01 1.543381e+02
    endloop
  endfacet
  facet normal 0.000000e+00 -1.263875e-01 9.919810e-01
    outer loop
      vertex   -1.880000e+02 -8.553370e+01 1.543381e+02
      vertex   -2.000000e+02 -8.553370e+01 1.543381e+02
      vertex   -1.880000e+02 -8.656003e+01 1.542073e+02
    endloop
  endfacet
  facet normal 0.000000e+00 -1.263875e-01 9.919810e-01
    outer loop
      vertex   -1.880000e+02 -8.656003e+01 1.542073e+02
      vertex   -2.000000e+02 -8.553370e+01 1.543381e+02
      vertex   -2.000000e+02 -8.656003e+01 1.542073e+02
    endloop
  endfacet
  facet normal 0.000000e+00 -2.096438e-01 9.777778e-01
    outer loop
      vertex   -1.880000e+02 -8.656003e+01 1.542073e+02
      vertex   -2.000000e+02 -8.656003e+01 1.542073e+02
      vertex   -1.880000e+02 -8.757166e+01 1.539904e+02
    endloop
  endfacet
  facet normal 0.000000e+00 -2.096438e-01 9.777778e-01
    outer loop
      vertex   -1.880000e+02 -8.757166e+01 1.539904e+02
      vertex   -2.000000e+02 -8.656003e+01 1.542073e+02
      vertex   -2.000000e+02 -8.757166e+01 1.539904e+02
    endloop
  endfacet
  facet normal 0.000000e+00 -2.914046e-01 9.565999e-01
    outer loop
      vertex   -1.880000e+02 -8.757166e+01 1.539904e+02
      vertex   -2.000000e+02 -8.757166e+01 1.539904e+02
      vertex   -1.880000e+02 -8.856138e+01 1.536889e+02
    endloop
  endfacet
  facet normal 0.000000e+00 -2.914046e-01 9.565999e-01
    outer loop
      vertex   -1.880000e+02 -8.856138e+01 1.536889e+02
      vertex   -2.000000e+02 -8.757166e+01 1.539904e+02
      vertex   -2.000000e+02 -8.856138e+01 1.536889e+02
    endloop
  endfacet
  facet normal 0.000000e+00 -3.710868e-01 9.285982e-01
    outer loop
      vertex   -1.880000e+02 -8.856138e+01 1.536889e+02
      vertex   -2.000000e+02 -8.856138e+01 1.536889e+02
      vertex   -1.880000e+02 -8.952213e+01 1.533050e+02
    endloop
  endfacet
  facet normal 0.000000e+00 -3.710868e-01 9.285982e-01
    outer loop
      vertex   -1.880000e+02 -8.952213e+01 1.533050e+02
      vertex   -2.000000e+02 -8.856138e+01 1.536889e+02
      vertex   -2.000000e+02 -8.952213e+01 1.533050e+02
    endloop
  endfacet
  facet normal 0.000000e+00 -4.481219e-01 8.939725e-01
    outer loop
      vertex   -1.880000e+02 -8.952213e+01 1.533050e+02
      vertex   -2.000000e+02 -8.952213e+01 1.533050e+02
      vertex   -1.880000e+02 -9.044706e+01 1.528413e+02
    endloop
  endfacet
  facet normal 0.000000e+00 -4.481219e-01 8.939725e-01
    outer loop
      vertex   -1.880000e+02 -9.044706e+01 1.528413e+02
      vertex   -2.000000e+02 -8.952213e+01 1.533050e+02
      vertex   -2.000000e+02 -9.044706e+01 1.528413e+02
    endloop
  endfacet
  facet normal 0.000000e+00 -5.219604e-01 8.529697e-01
    outer loop
      vertex   -1.880000e+02 -9.044706e+01 1.528413e+02
      vertex   -2.000000e+02 -9.044706e+01 1.528413e+02
      vertex   -1.880000e+02 -9.132956e+01 1.523013e+02
    endloop
  endfacet
  facet normal 0.000000e+00 -5.219604e-01 8.529697e-01
    outer loop
      vertex   -1.880000e+02 -9.132956e+01 1.523013e+02
      vertex   -2.000000e+02 -9.044706e+01 1.528413e+02
      vertex   -2.000000e+02 -9.132956e+01 1.523013e+02
    endloop
  endfacet
  facet normal 0.000000e+00 -5.920755e-01 8.058825e-01
    outer loop
      vertex   -1.880000e+02 -9.132956e+01 1.523013e+02
      vertex   -2.000000e+02 -9.132956e+01 1.523013e+02
      vertex   -1.880000e+02 -9.216335e+01 1.516887e+02
    endloop
  endfacet
  facet normal 0.000000e+00 -5.920755e-01 8.058825e-01
    outer loop
      vertex   -1.880000e+02 -9.216335e+01 1.516887e+02
      vertex   -2.000000e+02 -9.132956e+01 1.523013e+02
      vertex   -2.000000e+02 -9.216335e+01 1.516887e+02
    endloop
  endfacet
  facet normal 0.000000e+00 -6.579672e-01 7.530466e-01
    outer loop
      vertex   -1.880000e+02 -9.216335e+01 1.516887e+02
      vertex   -2.000000e+02 -9.216335e+01 1.516887e+02
      vertex   -1.880000e+02 -9.294247e+01 1.510080e+02
    endloop
  endfacet
  facet normal 0.000000e+00 -6.579672e-01 7.530466e-01
    outer loop
      vertex   -1.880000e+02 -9.294247e+01 1.510080e+02
      vertex   -2.000000e+02 -9.216335e+01 1.516887e+02
      vertex   -2.000000e+02 -9.294247e+01 1.510080e+02
    endloop
  endfacet
  facet normal 0.000000e+00 -7.191654e-01 6.948390e-01
    outer loop
      vertex   -1.880000e+02 -9.294247e+01 1.510080e+02
      vertex   -2.000000e+02 -9.294247e+01 1.510080e+02
      vertex   -1.880000e+02 -9.366137e+01 1.502639e+02
    endloop
  endfacet
  facet normal 0.000000e+00 -7.191654e-01 6.948390e-01
    outer loop
      vertex   -1.880000e+02 -9.366137e+01 1.502639e+02
      vertex   -2.000000e+02 -9.294247e+01 1.510080e+02
      vertex   -2.000000e+02 -9.366137e+01 1.502639e+02
    endloop
  endfacet
  facet normal 0.000000e+00 -7.752335e-01 6.316748e-01
    outer loop
      vertex   -1.880000e+02 -9.366137e+01 1.502639e+02
      vertex   -2.000000e+02 -9.366137e+01 1.502639e+02
      vertex   -1.880000e+02 -9.431491e+01 1.494618e+02
    endloop
  endfacet
  facet normal 0.000000e+00 -7.752335e-01 6.316748e-01
    outer loop
      vertex   -1.880000e+02 -9.431491e+01 1.494618e+02
      vertex   -2.000000e+02 -9.366137e+01 1.502639e+02
      vertex   -2.000000e+02 -9.431491e+01 1.494618e+02
    endloop
  endfacet
  facet normal 0.000000e+00 -8.257716e-01 5.640047e-01
    outer loop
      vertex   -1.880000e+02 -9.431491e+01 1.494618e+02
      vertex   -2.000000e+02 -9.431491e+01 1.494618e+02
      vertex   -1.880000e+02 -9.489844e+01 1.486075e+02
    endloop
  endfacet
  facet normal 0.000000e+00 -8.257716e-01 5.640047e-01
    outer loop
      vertex   -1.880000e+02 -9.489844e+01 1.486075e+02
      vertex   -2.000000e+02 -9.431491e+01 1.494618e+02
      vertex   -2.000000e+02 -9.489844e+01 1.486075e+02
    endloop
  endfacet
  facet normal 0.000000e+00 -8.704192e-01 4.923113e-01
    outer loop
      vertex   -1.880000e+02 -9.489844e+01 1.486075e+02
      vertex   -2.000000e+02 -9.489844e+01 1.486075e+02
      vertex   -1.880000e+02 -9.540780e+01 1.477069e+02
    endloop
  endfacet
  facet normal 0.000000e+00 -8.704192e-01 4.923113e-01
    outer loop
      vertex   -1.880000e+02 -9.540780e+01 1.477069e+02
      vertex   -2.000000e+02 -9.489844e+01 1.486075e+02
      vertex   -2.000000e+02 -9.540780e+01 1.477069e+02
    endloop
  endfacet
  facet normal 0.000000e+00 -9.088578e-01 4.171062e-01
    outer loop
      vertex   -1.880000e+02 -9.540780e+01 1.477069e+02
      vertex   -2.000000e+02 -9.540780e+01 1.477069e+02
      vertex   -1.880000e+02 -9.583935e+01 1.467666e+02
    endloop
  endfacet
  facet normal 0.000000e+00 -9.088578e-01 4.171062e-01
    outer loop
      vertex   -1.880000e+02 -9.583935e+01 1.467666e+02
      vertex   -2.000000e+02 -9.540780e+01 1.477069e+02
      vertex   -2.000000e+02 -9.583935e+01 1.467666e+02
    endloop
  endfacet
  facet normal 0.000000e+00 -9.408132e-01 3.389256e-01
    outer loop
      vertex   -1.880000e+02 -9.583935e+01 1.467666e+02
      vertex   -2.000000e+02 -9.583935e+01 1.467666e+02
      vertex   -1.880000e+02 -9.619001e+01 1.457932e+02
    endloop
  endfacet
  facet normal 0.000000e+00 -9.408132e-01 3.389256e-01
    outer loop
      vertex   -1.880000e+02 -9.619001e+01 1.457932e+02
      vertex   -2.000000e+02 -9.583935e+01 1.467666e+02
      vertex   -2.000000e+02 -9.619001e+01 1.457932e+02
    endloop
  endfacet
  facet normal 0.000000e+00 -9.660574e-01 2.583274e-01
    outer loop
      vertex   -1.880000e+02 -9.619001e+01 1.457932e+02
      vertex   -2.000000e+02 -9.619001e+01 1.457932e+02
      vertex   -1.880000e+02 -9.645728e+01 1.447937e+02
    endloop
  endfacet
  facet normal 0.000000e+00 -9.660574e-01 2.583274e-01
    outer loop
      vertex   -1.880000e+02 -9.645728e+01 1.447937e+02
      vertex   -2.000000e+02 -9.619001e+01 1.457932e+02
      vertex   -2.000000e+02 -9.645728e+01 1.447937e+02
    endloop
  endfacet
  facet normal 0.000000e+00 -9.844105e-01 1.758864e-01
    outer loop
      vertex   -1.880000e+02 -9.645728e+01 1.447937e+02
      vertex   -2.000000e+02 -9.645728e+01 1.447937e+02
      vertex   -1.880000e+02 -9.663926e+01 1.437752e+02
    endloop
  endfacet
  facet normal 0.000000e+00 -9.844105e-01 1.758864e-01
    outer loop
      vertex   -1.880000e+02 -9.663926e+01 1.437752e+02
      vertex   -2.000000e+02 -9.645728e+01 1.447937e+02
      vertex   -2.000000e+02 -9.663926e+01 1.437752e+02
    endloop
  endfacet
  facet normal 0.000000e+00 -9.957414e-01 9.219084e-02
    outer loop
      vertex   -1.880000e+02 -9.663926e+01 1.437752e+02
      vertex   -2.000000e+02 -9.663926e+01 1.437752e+02
      vertex   -1.880000e+02 -9.673464e+01 1.427450e+02
    endloop
  endfacet
  facet normal 0.000000e+00 -9.957414e-01 9.219084e-02
    outer loop
      vertex   -1.880000e+02 -9.673464e+01 1.427450e+02
      vertex   -2.000000e+02 -9.663926e+01 1.437752e+02
      vertex   -2.000000e+02 -9.673464e+01 1.427450e+02
    endloop
  endfacet
  facet normal 0.000000e+00 -9.999693e-01 7.837599e-03
    outer loop
      vertex   -1.880000e+02 -9.673464e+01 1.427450e+02
      vertex   -2.000000e+02 -9.673464e+01 1.427450e+02
      vertex   -1.880000e+02 -9.674275e+01 1.417104e+02
    endloop
  endfacet
  facet normal 0.000000e+00 -9.999693e-01 7.837599e-03
    outer loop
      vertex   -1.880000e+02 -9.674275e+01 1.417104e+02
      vertex   -2.000000e+02 -9.673464e+01 1.427450e+02
      vertex   -2.000000e+02 -9.674275e+01 1.417104e+02
    endloop
  endfacet
  facet normal -0.000000e+00 -9.970641e-01 -7.657155e-02
    outer loop
      vertex   -1.880000e+02 -9.674275e+01 1.417104e+02
      vertex   -2.000000e+02 -9.674275e+01 1.417104e+02
      vertex   -1.880000e+02 -9.666353e+01 1.406788e+02
    endloop
  endfacet
  facet normal -0.000000e+00 -9.970641e-01 -7.657155e-02
    outer loop
      vertex   -1.880000e+02 -9.666353e+01 1.406788e+02
      vertex   -2.000000e+02 -9.674275e+01 1.417104e+02
      vertex   -2.000000e+02 -9.666353e+01 1.406788e+02
    endloop
  endfacet
  facet normal -0.000000e+00 -9.870465e-01 -1.604345e-01
    outer loop
      vertex   -1.880000e+02 -9.666353e+01 1.406788e+02
      vertex   -2.000000e+02 -9.666353e+01 1.406788e+02
      vertex   -1.880000e+02 -9.649754e+01 1.396576e+02
    endloop
  endfacet
  facet normal -0.000000e+00 -9.870465e-01 -1.604345e-01
    outer loop
      vertex   -1.880000e+02 -9.649754e+01 1.396576e+02
      vertex   -2.000000e+02 -9.666353e+01 1.406788e+02
      vertex   -2.000000e+02 -9.649754e+01 1.396576e+02
    endloop
  endfacet
  facet normal -0.000000e+00 -9.699880e-01 -2.431530e-01
    outer loop
      vertex   -1.880000e+02 -9.649754e+01 1.396576e+02
      vertex   -2.000000e+02 -9.649754e+01 1.396576e+02
      vertex   -1.880000e+02 -9.624597e+01 1.386540e+02
    endloop
  endfacet
  facet normal -0.000000e+00 -9.699880e-01 -2.431530e-01
    outer loop
      vertex   -1.880000e+02 -9.624597e+01 1.386540e+02
      vertex   -2.000000e+02 -9.649754e+01 1.396576e+02
      vertex   -2.000000e+02 -9.624597e+01 1.386540e+02
    endloop
  endfacet
  facet normal -0.000000e+00 -9.460102e-01 -3.241370e-01
    outer loop
      vertex   -1.880000e+02 -9.624597e+01 1.386540e+02
      vertex   -2.000000e+02 -9.624597e+01 1.386540e+02
      vertex   -1.880000e+02 -9.591061e+01 1.376752e+02
    endloop
  endfacet
  facet normal -0.000000e+00 -9.460102e-01 -3.241370e-01
    outer loop
      vertex   -1.880000e+02 -9.591061e+01 1.376752e+02
      vertex   -2.000000e+02 -9.624597e+01 1.386540e+02
      vertex   -2.000000e+02 -9.591061e+01 1.376752e+02
    endloop
  endfacet
  facet normal -0.000000e+00 -9.152841e-01 -4.028088e-01
    outer loop
      vertex   -1.880000e+02 -9.591061e+01 1.376752e+02
      vertex   -2.000000e+02 -9.591061e+01 1.376752e+02
      vertex   -1.880000e+02 -9.549385e+01 1.367283e+02
    endloop
  endfacet
  facet normal -0.000000e+00 -9.152841e-01 -4.028088e-01
    outer loop
      vertex   -1.880000e+02 -9.549385e+01 1.367283e+02
      vertex   -2.000000e+02 -9.591061e+01 1.376752e+02
      vertex   -2.000000e+02 -9.549385e+01 1.367283e+02
    endloop
  endfacet
  facet normal -0.000000e+00 -8.780291e-01 -4.786073e-01
    outer loop
      vertex   -1.880000e+02 -9.549385e+01 1.367283e+02
      vertex   -2.000000e+02 -9.549385e+01 1.367283e+02
      vertex   -1.880000e+02 -9.499867e+01 1.358198e+02
    endloop
  endfacet
  facet normal -0.000000e+00 -8.780291e-01 -4.786073e-01
    outer loop
      vertex   -1.880000e+02 -9.499867e+01 1.358198e+02
      vertex   -2.000000e+02 -9.549385e+01 1.367283e+02
      vertex   -2.000000e+02 -9.499867e+01 1.358198e+02
    endloop
  endfacet
  facet normal -0.000000e+00 -8.345108e-01 -5.509917e-01
    outer loop
      vertex   -1.880000e+02 -9.499867e+01 1.358198e+02
      vertex   -2.000000e+02 -9.499867e+01 1.358198e+02
      vertex   -1.880000e+02 -9.442860e+01 1.349564e+02
    endloop
  endfacet
  facet normal -0.000000e+00 -8.345108e-01 -5.509917e-01
    outer loop
      vertex   -1.880000e+02 -9.442860e+01 1.349564e+02
      vertex   -2.000000e+02 -9.499867e+01 1.358198e+02
      vertex   -2.000000e+02 -9.442860e+01 1.349564e+02
    endloop
  endfacet
  facet normal -0.000000e+00 -7.850396e-01 -6.194456e-01
    outer loop
      vertex   -1.880000e+02 -9.442860e+01 1.349564e+02
      vertex   -2.000000e+02 -9.442860e+01 1.349564e+02
      vertex   -1.880000e+02 -9.378771e+01 1.341442e+02
    endloop
  endfacet
  facet normal -0.000000e+00 -7.850396e-01 -6.194456e-01
    outer loop
      vertex   -1.880000e+02 -9.378771e+01 1.341442e+02
      vertex   -2.000000e+02 -9.442860e+01 1.349564e+02
      vertex   -2.000000e+02 -9.378771e+01 1.341442e+02
    endloop
  endfacet
  facet normal 0.000000e+00 1.000000e+00 0.000000e+00
    outer loop
      vertex   -2.000000e+02 -8.450000e+01 1.503817e+02
      vertex   -2.000000e+02 -8.450000e+01 1.543817e+02
      vertex   -1.880000e+02 -8.450000e+01 1.503817e+02
    endloop
  endfacet
  facet normal 0.000000e+00 1.000000e+00 -0.000000e+00
    outer loop
      vertex   -1.880000e+02 -8.450000e+01 1.503817e+02
      vertex   -2.000000e+02 -8.450000e+01 1.543817e+02
      vertex   -1.880000e+02 -8.450000e+01 1.543817e+02
    endloop
  endfacet
  facet normal 0.000000e+00 5.233596e-02 9.986295e-01
    outer loop
      vertex   -1.880000e+02 -8.450000e+01 1.338817e+02
      vertex   -2.000000e+02 -8.450000e+01 1.338817e+02
      vertex   -1.880000e+02 -8.536236e+01 1.339269e+02
    endloop
  endfacet
  facet normal 0.000000e+00 5.233596e-02 9.986295e-01
    outer loop
      vertex   -1.880000e+02 -8.536236e+01 1.339269e+02
      vertex   -2.000000e+02 -8.450000e+01 1.338817e+02
      vertex   -2.000000e+02 -8.536236e+01 1.339269e+02
    endloop
  endfacet
  facet normal 0.000000e+00 1.564345e-01 9.876883e-01
    outer loop
      vertex   -1.880000e+02 -8.536236e+01 1.339269e+02
      vertex   -2.000000e+02 -8.536236e+01 1.339269e+02
      vertex   -1.880000e+02 -8.621527e+01 1.340620e+02
    endloop
  endfacet
  facet normal 0.000000e+00 1.564345e-01 9.876883e-01
    outer loop
      vertex   -1.880000e+02 -8.621527e+01 1.340620e+02
      vertex   -2.000000e+02 -8.536236e+01 1.339269e+02
      vertex   -2.000000e+02 -8.621527e+01 1.340620e+02
    endloop
  endfacet
  facet normal 0.000000e+00 2.588190e-01 9.659258e-01
    outer loop
      vertex   -1.880000e+02 -8.621527e+01 1.340620e+02
      vertex   -2.000000e+02 -8.621527e+01 1.340620e+02
      vertex   -1.880000e+02 -8.704939e+01 1.342855e+02
    endloop
  endfacet
  facet normal 0.000000e+00 2.588190e-01 9.659258e-01
    outer loop
      vertex   -1.880000e+02 -8.704939e+01 1.342855e+02
      vertex   -2.000000e+02 -8.621527e+01 1.340620e+02
      vertex   -2.000000e+02 -8.704939e+01 1.342855e+02
    endloop
  endfacet
  facet normal 0.000000e+00 3.583679e-01 9.335804e-01
    outer loop
      vertex   -1.880000e+02 -8.704939e+01 1.342855e+02
      vertex   -2.000000e+02 -8.704939e+01 1.342855e+02
      vertex   -1.880000e+02 -8.785558e+01 1.345950e+02
    endloop
  endfacet
  facet normal 2.211163e-15 3.583679e-01 9.335804e-01
    outer loop
      vertex   -1.880000e+02 -8.785558e+01 1.345950e+02
      vertex   -2.000000e+02 -8.704939e+01 1.342855e+02
      vertex   -2.000000e+02 -8.785558e+01 1.345950e+02
    endloop
  endfacet
  facet normal 2.110327e-15 4.539905e-01 8.910065e-01
    outer loop
      vertex   -1.880000e+02 -8.785558e+01 1.345950e+02
      vertex   -2.000000e+02 -8.785558e+01 1.345950e+02
      vertex   -1.880000e+02 -8.862500e+01 1.349870e+02
    endloop
  endfacet
  facet normal 0.000000e+00 4.539905e-01 8.910065e-01
    outer loop
      vertex   -1.880000e+02 -8.862500e+01 1.349870e+02
      vertex   -2.000000e+02 -8.785558e+01 1.345950e+02
      vertex   -2.000000e+02 -8.862500e+01 1.349870e+02
    endloop
  endfacet
  facet normal 0.000000e+00 5.446390e-01 8.386706e-01
    outer loop
      vertex   -1.880000e+02 -8.862500e+01 1.349870e+02
      vertex   -2.000000e+02 -8.862500e+01 1.349870e+02
      vertex   -1.880000e+02 -8.934923e+01 1.354574e+02
    endloop
  endfacet
  facet normal 0.000000e+00 5.446390e-01 8.386706e-01
    outer loop
      vertex   -1.880000e+02 -8.934923e+01 1.354574e+02
      vertex   -2.000000e+02 -8.862500e+01 1.349870e+02
      vertex   -2.000000e+02 -8.934923e+01 1.354574e+02
    endloop
  endfacet
  facet normal 0.000000e+00 6.293204e-01 7.771460e-01
    outer loop
      vertex   -1.880000e+02 -8.934923e+01 1.354574e+02
      vertex   -2.000000e+02 -8.934923e+01 1.354574e+02
      vertex   -1.880000e+02 -9.002033e+01 1.360008e+02
    endloop
  endfacet
  facet normal 0.000000e+00 6.293204e-01 7.771460e-01
    outer loop
      vertex   -1.880000e+02 -9.002033e+01 1.360008e+02
      vertex   -2.000000e+02 -8.934923e+01 1.354574e+02
      vertex   -2.000000e+02 -9.002033e+01 1.360008e+02
    endloop
  endfacet
  facet normal 0.000000e+00 7.071068e-01 7.071068e-01
    outer loop
      vertex   -1.880000e+02 -9.002033e+01 1.360008e+02
      vertex   -2.000000e+02 -9.002033e+01 1.360008e+02
      vertex   -1.880000e+02 -9.063094e+01 1.366114e+02
    endloop
  endfacet
  facet normal 0.000000e+00 7.071068e-01 7.071068e-01
    outer loop
      vertex   -1.880000e+02 -9.063094e+01 1.366114e+02
      vertex   -2.000000e+02 -9.002033e+01 1.360008e+02
      vertex   -2.000000e+02 -9.063094e+01 1.366114e+02
    endloop
  endfacet
  facet normal 0.000000e+00 7.771460e-01 6.293204e-01
    outer loop
      vertex   -1.880000e+02 -9.063094e+01 1.366114e+02
      vertex   -2.000000e+02 -9.063094e+01 1.366114e+02
      vertex   -1.880000e+02 -9.117439e+01 1.372825e+02
    endloop
  endfacet
  facet normal 0.000000e+00 7.771460e-01 6.293204e-01
    outer loop
      vertex   -1.880000e+02 -9.117439e+01 1.372825e+02
      vertex   -2.000000e+02 -9.063094e+01 1.366114e+02
      vertex   -2.000000e+02 -9.117439e+01 1.372825e+02
    endloop
  endfacet
  facet normal 0.000000e+00 8.386706e-01 5.446390e-01
    outer loop
      vertex   -1.880000e+02 -9.117439e+01 1.372825e+02
      vertex   -2.000000e+02 -9.117439e+01 1.372825e+02
      vertex   -1.880000e+02 -9.164471e+01 1.380067e+02
    endloop
  endfacet
  facet normal 0.000000e+00 8.386706e-01 5.446390e-01
    outer loop
      vertex   -1.880000e+02 -9.164471e+01 1.380067e+02
      vertex   -2.000000e+02 -9.117439e+01 1.372825e+02
      vertex   -2.000000e+02 -9.164471e+01 1.380067e+02
    endloop
  endfacet
  facet normal 0.000000e+00 8.910065e-01 4.539905e-01
    outer loop
      vertex   -1.880000e+02 -9.164471e+01 1.380067e+02
      vertex   -2.000000e+02 -9.164471e+01 1.380067e+02
      vertex   -1.880000e+02 -9.203675e+01 1.387762e+02
    endloop
  endfacet
  facet normal 1.075266e-15 8.910065e-01 4.539905e-01
    outer loop
      vertex   -1.880000e+02 -9.203675e+01 1.387762e+02
      vertex   -2.000000e+02 -9.164471e+01 1.380067e+02
      vertex   -2.000000e+02 -9.203675e+01 1.387762e+02
    endloop
  endfacet
  facet normal 8.487858e-16 9.335804e-01 3.583679e-01
    outer loop
      vertex   -1.880000e+02 -9.203675e+01 1.387762e+02
      vertex   -2.000000e+02 -9.203675e+01 1.387762e+02
      vertex   -1.880000e+02 -9.234622e+01 1.395824e+02
    endloop
  endfacet
  facet normal 0.000000e+00 9.335804e-01 3.583679e-01
    outer loop
      vertex   -1.880000e+02 -9.234622e+01 1.395824e+02
      vertex   -2.000000e+02 -9.203675e+01 1.387762e+02
      vertex   -2.000000e+02 -9.234622e+01 1.395824e+02
    endloop
  endfacet
  facet normal 0.000000e+00 9.659258e-01 2.588190e-01
    outer loop
      vertex   -1.880000e+02 -9.234622e+01 1.395824e+02
      vertex   -2.000000e+02 -9.234622e+01 1.395824e+02
      vertex   -1.880000e+02 -9.256972e+01 1.404165e+02
    endloop
  endfacet
  facet normal 0.000000e+00 9.659258e-01 2.588190e-01
    outer loop
      vertex   -1.880000e+02 -9.256972e+01 1.404165e+02
      vertex   -2.000000e+02 -9.234622e+01 1.395824e+02
      vertex   -2.000000e+02 -9.256972e+01 1.404165e+02
    endloop
  endfacet
  facet normal 0.000000e+00 9.876883e-01 1.564345e-01
    outer loop
      vertex   -1.880000e+02 -9.256972e+01 1.404165e+02
      vertex   -2.000000e+02 -9.256972e+01 1.404165e+02
      vertex   -1.880000e+02 -9.270481e+01 1.412694e+02
    endloop
  endfacet
  facet normal 0.000000e+00 9.876883e-01 1.564345e-01
    outer loop
      vertex   -1.880000e+02 -9.270481e+01 1.412694e+02
      vertex   -2.000000e+02 -9.256972e+01 1.404165e+02
      vertex   -2.000000e+02 -9.270481e+01 1.412694e+02
    endloop
  endfacet
  facet normal 0.000000e+00 9.986295e-01 5.233596e-02
    outer loop
      vertex   -1.880000e+02 -9.270481e+01 1.412694e+02
      vertex   -2.000000e+02 -9.270481e+01 1.412694e+02
      vertex   -1.880000e+02 -9.275000e+01 1.421317e+02
    endloop
  endfacet
  facet normal 0.000000e+00 9.986295e-01 5.233596e-02
    outer loop
      vertex   -1.880000e+02 -9.275000e+01 1.421317e+02
      vertex   -2.000000e+02 -9.270481e+01 1.412694e+02
      vertex   -2.000000e+02 -9.275000e+01 1.421317e+02
    endloop
  endfacet
  facet normal 0.000000e+00 9.986295e-01 -5.233596e-02
    outer loop
      vertex   -1.880000e+02 -9.275000e+01 1.421317e+02
      vertex   -2.000000e+02 -9.275000e+01 1.421317e+02
      vertex   -1.880000e+02 -9.270481e+01 1.429941e+02
    endloop
  endfacet
  facet normal 0.000000e+00 9.986295e-01 -5.233596e-02
    outer loop
      vertex   -1.880000e+02 -9.270481e+01 1.429941e+02
      vertex   -2.000000e+02 -9.275000e+01 1.421317e+02
      vertex   -2.000000e+02 -9.270481e+01 1.429941e+02
    endloop
  endfacet
  facet normal 0.000000e+00 9.876883e-01 -1.564345e-01
    outer loop
      vertex   -1.880000e+02 -9.270481e+01 1.429941e+02
      vertex   -2.000000e+02 -9.270481e+01 1.429941e+02
      vertex   -1.880000e+02 -9.256972e+01 1.438470e+02
    endloop
  endfacet
  facet normal 0.000000e+00 9.876883e-01 -1.564345e-01
    outer loop
      vertex   -1.880000e+02 -9.256972e+01 1.438470e+02
      vertex   -2.000000e+02 -9.270481e+01 1.429941e+02
      vertex   -2.000000e+02 -9.256972e+01 1.438470e+02
    endloop
  endfacet
  facet normal 0.000000e+00 9.659258e-01 -2.588190e-01
    outer loop
      vertex   -1.880000e+02 -9.256972e+01 1.438470e+02
      vertex   -2.000000e+02 -9.256972e+01 1.438470e+02
      vertex   -1.880000e+02 -9.234622e+01 1.446811e+02
    endloop
  endfacet
  facet normal 0.000000e+00 9.659258e-01 -2.588190e-01
    outer loop
      vertex   -1.880000e+02 -9.234622e+01 1.446811e+02
      vertex   -2.000000e+02 -9.256972e+01 1.438470e+02
      vertex   -2.000000e+02 -9.234622e+01 1.446811e+02
    endloop
  endfacet
  facet normal 0.000000e+00 9.335804e-01 -3.583679e-01
    outer loop
      vertex   -1.880000e+02 -9.234622e+01 1.446811e+02
      vertex   -2.000000e+02 -9.234622e+01 1.446811e+02
      vertex   -1.880000e+02 -9.203675e+01 1.454873e+02
    endloop
  endfacet
  facet normal 1.105581e-15 9.335804e-01 -3.583679e-01
    outer loop
      vertex   -1.880000e+02 -9.203675e+01 1.454873e+02
      vertex   -2.000000e+02 -9.234622e+01 1.446811e+02
      vertex   -2.000000e+02 -9.203675e+01 1.454873e+02
    endloop
  endfacet
  facet normal 1.055164e-15 8.910065e-01 -4.539905e-01
    outer loop
      vertex   -1.880000e+02 -9.203675e+01 1.454873e+02
      vertex   -2.000000e+02 -9.203675e+01 1.454873e+02
      vertex   -1.880000e+02 -9.164471e+01 1.462567e+02
    endloop
  endfacet
  facet normal 0.000000e+00 8.910065e-01 -4.539905e-01
    outer loop
      vertex   -1.880000e+02 -9.164471e+01 1.462567e+02
      vertex   -2.000000e+02 -9.203675e+01 1.454873e+02
      vertex   -2.000000e+02 -9.164471e+01 1.462567e+02
    endloop
  endfacet
  facet normal 0.000000e+00 8.386706e-01 -5.446390e-01
    outer loop
      vertex   -1.880000e+02 -9.164471e+01 1.462567e+02
      vertex   -2.000000e+02 -9.164471e+01 1.462567e+02
      vertex   -1.880000e+02 -9.117439e+01 1.469810e+02
    endloop
  endfacet
  facet normal 0.000000e+00 8.386706e-01 -5.446390e-01
    outer loop
      vertex   -1.880000e+02 -9.117439e+01 1.469810e+02
      vertex   -2.000000e+02 -9.164471e+01 1.462567e+02
      vertex   -2.000000e+02 -9.117439e+01 1.469810e+02
    endloop
  endfacet
  facet normal 0.000000e+00 7.771460e-01 -6.293204e-01
    outer loop
      vertex   -1.880000e+02 -9.117439e+01 1.469810e+02
      vertex   -2.000000e+02 -9.117439e+01 1.469810e+02
      vertex   -1.880000e+02 -9.063094e+01 1.476521e+02
    endloop
  endfacet
  facet normal 0.000000e+00 7.771460e-01 -6.293204e-01
    outer loop
      vertex   -1.880000e+02 -9.063094e+01 1.476521e+02
      vertex   -2.000000e+02 -9.117439e+01 1.469810e+02
      vertex   -2.000000e+02 -9.063094e+01 1.476521e+02
    endloop
  endfacet
  facet normal 0.000000e+00 7.071068e-01 -7.071068e-01
    outer loop
      vertex   -1.880000e+02 -9.063094e+01 1.476521e+02
      vertex   -2.000000e+02 -9.063094e+01 1.476521e+02
      vertex   -1.880000e+02 -9.002033e+01 1.482627e+02
    endloop
  endfacet
  facet normal 0.000000e+00 7.071068e-01 -7.071068e-01
    outer loop
      vertex   -1.880000e+02 -9.002033e+01 1.482627e+02
      vertex   -2.000000e+02 -9.063094e+01 1.476521e+02
      vertex   -2.000000e+02 -9.002033e+01 1.482627e+02
    endloop
  endfacet
  facet normal 0.000000e+00 6.293204e-01 -7.771460e-01
    outer loop
      vertex   -1.880000e+02 -9.002033e+01 1.482627e+02
      vertex   -2.000000e+02 -9.002033e+01 1.482627e+02
      vertex   -1.880000e+02 -8.934923e+01 1.488061e+02
    endloop
  endfacet
  facet normal 0.000000e+00 6.293204e-01 -7.771460e-01
    outer loop
      vertex   -1.880000e+02 -8.934923e+01 1.488061e+02
      vertex   -2.000000e+02 -9.002033e+01 1.482627e+02
      vertex   -2.000000e+02 -8.934923e+01 1.488061e+02
    endloop
  endfacet
  facet normal 0.000000e+00 5.446390e-01 -8.386706e-01
    outer loop
      vertex   -1.880000e+02 -8.934923e+01 1.488061e+02
      vertex   -2.000000e+02 -8.934923e+01 1.488061e+02
      vertex   -1.880000e+02 -8.862500e+01 1.492765e+02
    endloop
  endfacet
  facet normal 0.000000e+00 5.446390e-01 -8.386706e-01
    outer loop
      vertex   -1.880000e+02 -8.862500e+01 1.492765e+02
      vertex   -2.000000e+02 -8.934923e+01 1.488061e+02
      vertex   -2.000000e+02 -8.862500e+01 1.492765e+02
    endloop
  endfacet
  facet normal 0.000000e+00 4.539905e-01 -8.910065e-01
    outer loop
      vertex   -1.880000e+02 -8.862500e+01 1.492765e+02
      vertex   -2.000000e+02 -8.862500e+01 1.492765e+02
      vertex   -1.880000e+02 -8.785558e+01 1.496685e+02
    endloop
  endfacet
  facet normal 0.000000e+00 4.539905e-01 -8.910065e-01
    outer loop
      vertex   -1.880000e+02 -8.785558e+01 1.496685e+02
      vertex   -2.000000e+02 -8.862500e+01 1.492765e+02
      vertex   -2.000000e+02 -8.785558e+01 1.496685e+02
    endloop
  endfacet
  facet normal 0.000000e+00 3.583679e-01 -9.335804e-01
    outer loop
      vertex   -1.880000e+02 -8.785558e+01 1.496685e+02
      vertex   -2.000000e+02 -8.785558e+01 1.496685e+02
      vertex   -1.880000e+02 -8.704939e+01 1.499780e+02
    endloop
  endfacet
  facet normal 0.000000e+00 3.583679e-01 -9.335804e-01
    outer loop
      vertex   -1.880000e+02 -8.704939e+01 1.499780e+02
      vertex   -2.000000e+02 -8.785558e+01 1.496685e+02
      vertex   -2.000000e+02 -8.704939e+01 1.499780e+02
    endloop
  endfacet
  facet normal 0.000000e+00 2.588190e-01 -9.659258e-01
    outer loop
      vertex   -1.880000e+02 -8.704939e+01 1.499780e+02
      vertex   -2.000000e+02 -8.704939e+01 1.499780e+02
      vertex   -1.880000e+02 -8.621527e+01 1.502015e+02
    endloop
  endfacet
  facet normal 0.000000e+00 2.588190e-01 -9.659258e-01
    outer loop
      vertex   -1.880000e+02 -8.621527e+01 1.502015e+02
      vertex   -2.000000e+02 -8.704939e+01 1.499780e+02
      vertex   -2.000000e+02 -8.621527e+01 1.502015e+02
    endloop
  endfacet
  facet normal 0.000000e+00 1.564345e-01 -9.876883e-01
    outer loop
      vertex   -1.880000e+02 -8.621527e+01 1.502015e+02
      vertex   -2.000000e+02 -8.621527e+01 1.502015e+02
      vertex   -1.880000e+02 -8.536236e+01 1.503366e+02
    endloop
  endfacet
  facet normal 0.000000e+00 1.564345e-01 -9.876883e-01
    outer loop
      vertex   -1.880000e+02 -8.536236e+01 1.503366e+02
      vertex   -2.000000e+02 -8.621527e+01 1.502015e+02
      vertex   -2.000000e+02 -8.536236e+01 1.503366e+02
    endloop
  endfacet
  facet normal 0.000000e+00 5.233596e-02 -9.986295e-01
    outer loop
      vertex   -1.880000e+02 -8.536236e+01 1.503366e+02
      vertex   -2.000000e+02 -8.536236e+01 1.503366e+02
      vertex   -1.880000e+02 -8.450000e+01 1.503817e+02
    endloop
  endfacet
  facet normal 0.000000e+00 5.233596e-02 -9.986295e-01
    outer loop
      vertex   -1.880000e+02 -8.450000e+01 1.503817e+02
      vertex   -2.000000e+02 -8.536236e+01 1.503366e+02
      vertex   -2.000000e+02 -8.450000e+01 1.503817e+02
    endloop
  endfacet
  facet normal 0.000000e+00 1.000000e+00 0.000000e+00
    outer loop
      vertex   -2.000000e+02 -8.450000e+01 1.298817e+02
      vertex   -2.000000e+02 -8.450000e+01 1.338817e+02
      vertex   -1.880000e+02 -8.450000e+01 1.298817e+02
    endloop
  endfacet
  facet normal 0.000000e+00 1.000000e+00 -0.000000e+00
    outer loop
      vertex   -1.880000e+02 -8.450000e+01 1.298817e+02
      vertex   -2.000000e+02 -8.450000e+01 1.338817e+02
      vertex   -1.880000e+02 -8.450000e+01 1.338817e+02
    endloop
  endfacet
  facet normal -0.000000e+00 8.829476e-01 4.694716e-01
    outer loop
      vertex   -2.000000e+02 -8.461705e+01 1.243519e+02
      vertex   -2.000000e+02 -8.681741e+01 1.284902e+02
      vertex   -1.880000e+02 -8.461705e+01 1.243519e+02
    endloop
  endfacet
  facet normal -1.038412e-17 8.829476e-01 4.694716e-01
    outer loop
      vertex   -1.880000e+02 -8.461705e+01 1.243519e+02
      vertex   -2.000000e+02 -8.681741e+01 1.284902e+02
      vertex   -1.880000e+02 -8.681741e+01 1.284902e+02
    endloop
  endfacet
  facet normal 0.000000e+00 -9.027157e-02 9.959172e-01
    outer loop
      vertex   -2.000000e+02 -8.582620e+01 1.083098e+02
      vertex   -1.880000e+02 -8.582620e+01 1.083098e+02
      vertex   -2.000000e+02 -8.538510e+01 1.083497e+02
    endloop
  endfacet
  facet normal 0.000000e+00 -9.027157e-02 9.959172e-01
    outer loop
      vertex   -2.000000e+02 -8.538510e+01 1.083497e+02
      vertex   -1.880000e+02 -8.582620e+01 1.083098e+02
      vertex   -1.880000e+02 -8.538510e+01 1.083497e+02
    endloop
  endfacet
  facet normal 0.000000e+00 -5.421019e-02 9.985295e-01
    outer loop
      vertex   -2.000000e+02 -8.538510e+01 1.083497e+02
      vertex   -1.880000e+02 -8.538510e+01 1.083497e+02
      vertex   -1.880000e+02 -8.494284e+01 1.083737e+02
    endloop
  endfacet
  facet normal 0.000000e+00 -1.807794e-02 9.998366e-01
    outer loop
      vertex   -1.880000e+02 -8.450000e+01 1.083817e+02
      vertex   -2.000000e+02 -8.450000e+01 1.083817e+02
      vertex   -1.880000e+02 -8.494284e+01 1.083737e+02
    endloop
  endfacet
  facet normal 0.000000e+00 -1.807794e-02 9.998366e-01
    outer loop
      vertex   -1.880000e+02 -8.494284e+01 1.083737e+02
      vertex   -2.000000e+02 -8.450000e+01 1.083817e+02
      vertex   -2.000000e+02 -8.494284e+01 1.083737e+02
    endloop
  endfacet
  facet normal 0.000000e+00 -5.421019e-02 9.985295e-01
    outer loop
      vertex   -1.880000e+02 -8.494284e+01 1.083737e+02
      vertex   -2.000000e+02 -8.494284e+01 1.083737e+02
      vertex   -2.000000e+02 -8.538510e+01 1.083497e+02
    endloop
  endfacet
  facet normal 0.000000e+00 1.000000e+00 0.000000e+00
    outer loop
      vertex   -2.000000e+02 -8.450000e+01 1.043817e+02
      vertex   -2.000000e+02 -8.450000e+01 1.083817e+02
      vertex   -1.880000e+02 -8.450000e+01 1.043817e+02
    endloop
  endfacet
  facet normal 0.000000e+00 1.000000e+00 -0.000000e+00
    outer loop
      vertex   -1.880000e+02 -8.450000e+01 1.043817e+02
      vertex   -2.000000e+02 -8.450000e+01 1.083817e+02
      vertex   -1.880000e+02 -8.450000e+01 1.083817e+02
    endloop
  endfacet
  facet normal 0.000000e+00 5.233596e-02 9.986295e-01
    outer loop
      vertex   -1.880000e+02 -8.450000e+01 8.788175e+01
      vertex   -2.000000e+02 -8.450000e+01 8.788175e+01
      vertex   -1.880000e+02 -8.536236e+01 8.792694e+01
    endloop
  endfacet
  facet normal 0.000000e+00 5.233596e-02 9.986295e-01
    outer loop
      vertex   -1.880000e+02 -8.536236e+01 8.792694e+01
      vertex   -2.000000e+02 -8.450000e+01 8.788175e+01
      vertex   -2.000000e+02 -8.536236e+01 8.792694e+01
    endloop
  endfacet
  facet normal 0.000000e+00 1.564345e-01 9.876883e-01
    outer loop
      vertex   -1.880000e+02 -8.536236e+01 8.792694e+01
      vertex   -2.000000e+02 -8.536236e+01 8.792694e+01
      vertex   -1.880000e+02 -8.621527e+01 8.806203e+01
    endloop
  endfacet
  facet normal 0.000000e+00 1.564345e-01 9.876883e-01
    outer loop
      vertex   -1.880000e+02 -8.621527e+01 8.806203e+01
      vertex   -2.000000e+02 -8.536236e+01 8.792694e+01
      vertex   -2.000000e+02 -8.621527e+01 8.806203e+01
    endloop
  endfacet
  facet normal 0.000000e+00 2.588190e-01 9.659258e-01
    outer loop
      vertex   -1.880000e+02 -8.621527e+01 8.806203e+01
      vertex   -2.000000e+02 -8.621527e+01 8.806203e+01
      vertex   -1.880000e+02 -8.704939e+01 8.828553e+01
    endloop
  endfacet
  facet normal 0.000000e+00 2.588190e-01 9.659258e-01
    outer loop
      vertex   -1.880000e+02 -8.704939e+01 8.828553e+01
      vertex   -2.000000e+02 -8.621527e+01 8.806203e+01
      vertex   -2.000000e+02 -8.704939e+01 8.828553e+01
    endloop
  endfacet
  facet normal 0.000000e+00 3.583679e-01 9.335804e-01
    outer loop
      vertex   -1.880000e+02 -8.704939e+01 8.828553e+01
      vertex   -2.000000e+02 -8.704939e+01 8.828553e+01
      vertex   -1.880000e+02 -8.785558e+01 8.859500e+01
    endloop
  endfacet
  facet normal 1.105581e-15 3.583679e-01 9.335804e-01
    outer loop
      vertex   -1.880000e+02 -8.785558e+01 8.859500e+01
      vertex   -2.000000e+02 -8.704939e+01 8.828553e+01
      vertex   -2.000000e+02 -8.785558e+01 8.859500e+01
    endloop
  endfacet
  facet normal 1.055164e-15 4.539905e-01 8.910065e-01
    outer loop
      vertex   -1.880000e+02 -8.785558e+01 8.859500e+01
      vertex   -2.000000e+02 -8.785558e+01 8.859500e+01
      vertex   -1.880000e+02 -8.862500e+01 8.898704e+01
    endloop
  endfacet
  facet normal 0.000000e+00 4.539905e-01 8.910065e-01
    outer loop
      vertex   -1.880000e+02 -8.862500e+01 8.898704e+01
      vertex   -2.000000e+02 -8.785558e+01 8.859500e+01
      vertex   -2.000000e+02 -8.862500e+01 8.898704e+01
    endloop
  endfacet
  facet normal 0.000000e+00 5.446390e-01 8.386706e-01
    outer loop
      vertex   -1.880000e+02 -8.862500e+01 8.898704e+01
      vertex   -2.000000e+02 -8.862500e+01 8.898704e+01
      vertex   -1.880000e+02 -8.934923e+01 8.945736e+01
    endloop
  endfacet
  facet normal 0.000000e+00 5.446390e-01 8.386706e-01
    outer loop
      vertex   -1.880000e+02 -8.934923e+01 8.945736e+01
      vertex   -2.000000e+02 -8.862500e+01 8.898704e+01
      vertex   -2.000000e+02 -8.934923e+01 8.945736e+01
    endloop
  endfacet
  facet normal 0.000000e+00 6.293204e-01 7.771460e-01
    outer loop
      vertex   -1.880000e+02 -8.934923e+01 8.945736e+01
      vertex   -2.000000e+02 -8.934923e+01 8.945736e+01
      vertex   -1.880000e+02 -9.002033e+01 9.000081e+01
    endloop
  endfacet
  facet normal 0.000000e+00 6.293204e-01 7.771460e-01
    outer loop
      vertex   -1.880000e+02 -9.002033e+01 9.000081e+01
      vertex   -2.000000e+02 -8.934923e+01 8.945736e+01
      vertex   -2.000000e+02 -9.002033e+01 9.000081e+01
    endloop
  endfacet
  facet normal 0.000000e+00 7.071068e-01 7.071068e-01
    outer loop
      vertex   -1.880000e+02 -9.002033e+01 9.000081e+01
      vertex   -2.000000e+02 -9.002033e+01 9.000081e+01
      vertex   -1.880000e+02 -9.063094e+01 9.061142e+01
    endloop
  endfacet
  facet normal 0.000000e+00 7.071068e-01 7.071068e-01
    outer loop
      vertex   -1.880000e+02 -9.063094e+01 9.061142e+01
      vertex   -2.000000e+02 -9.002033e+01 9.000081e+01
      vertex   -2.000000e+02 -9.063094e+01 9.061142e+01
    endloop
  endfacet
  facet normal 0.000000e+00 7.771460e-01 6.293204e-01
    outer loop
      vertex   -1.880000e+02 -9.063094e+01 9.061142e+01
      vertex   -2.000000e+02 -9.063094e+01 9.061142e+01
      vertex   -1.880000e+02 -9.117439e+01 9.128252e+01
    endloop
  endfacet
  facet normal 0.000000e+00 7.771460e-01 6.293204e-01
    outer loop
      vertex   -1.880000e+02 -9.117439e+01 9.128252e+01
      vertex   -2.000000e+02 -9.063094e+01 9.061142e+01
      vertex   -2.000000e+02 -9.117439e+01 9.128252e+01
    endloop
  endfacet
  facet normal 0.000000e+00 8.386706e-01 5.446390e-01
    outer loop
      vertex   -1.880000e+02 -9.117439e+01 9.128252e+01
      vertex   -2.000000e+02 -9.117439e+01 9.128252e+01
      vertex   -1.880000e+02 -9.164471e+01 9.200675e+01
    endloop
  endfacet
  facet normal 0.000000e+00 8.386706e-01 5.446390e-01
    outer loop
      vertex   -1.880000e+02 -9.164471e+01 9.200675e+01
      vertex   -2.000000e+02 -9.117439e+01 9.128252e+01
      vertex   -2.000000e+02 -9.164471e+01 9.200675e+01
    endloop
  endfacet
  facet normal 0.000000e+00 8.910065e-01 4.539905e-01
    outer loop
      vertex   -1.880000e+02 -9.164471e+01 9.200675e+01
      vertex   -2.000000e+02 -9.164471e+01 9.200675e+01
      vertex   -1.880000e+02 -9.203675e+01 9.277617e+01
    endloop
  endfacet
  facet normal 5.376328e-16 8.910065e-01 4.539905e-01
    outer loop
      vertex   -1.880000e+02 -9.203675e+01 9.277617e+01
      vertex   -2.000000e+02 -9.164471e+01 9.200675e+01
      vertex   -2.000000e+02 -9.203675e+01 9.277617e+01
    endloop
  endfacet
  facet normal 4.243929e-16 9.335804e-01 3.583679e-01
    outer loop
      vertex   -1.880000e+02 -9.203675e+01 9.277617e+01
      vertex   -2.000000e+02 -9.203675e+01 9.277617e+01
      vertex   -1.880000e+02 -9.234622e+01 9.358236e+01
    endloop
  endfacet
  facet normal 0.000000e+00 9.335804e-01 3.583679e-01
    outer loop
      vertex   -1.880000e+02 -9.234622e+01 9.358236e+01
      vertex   -2.000000e+02 -9.203675e+01 9.277617e+01
      vertex   -2.000000e+02 -9.234622e+01 9.358236e+01
    endloop
  endfacet
  facet normal 0.000000e+00 9.659258e-01 2.588190e-01
    outer loop
      vertex   -1.880000e+02 -9.234622e+01 9.358236e+01
      vertex   -2.000000e+02 -9.234622e+01 9.358236e+01
      vertex   -1.880000e+02 -9.256972e+01 9.441648e+01
    endloop
  endfacet
  facet normal 0.000000e+00 9.659258e-01 2.588190e-01
    outer loop
      vertex   -1.880000e+02 -9.256972e+01 9.441648e+01
      vertex   -2.000000e+02 -9.234622e+01 9.358236e+01
      vertex   -2.000000e+02 -9.256972e+01 9.441648e+01
    endloop
  endfacet
  facet normal 0.000000e+00 9.876883e-01 1.564345e-01
    outer loop
      vertex   -1.880000e+02 -9.256972e+01 9.441648e+01
      vertex   -2.000000e+02 -9.256972e+01 9.441648e+01
      vertex   -1.880000e+02 -9.270481e+01 9.526939e+01
    endloop
  endfacet
  facet normal 3.705112e-16 9.876883e-01 1.564345e-01
    outer loop
      vertex   -1.880000e+02 -9.270481e+01 9.526939e+01
      vertex   -2.000000e+02 -9.256972e+01 9.441648e+01
      vertex   -2.000000e+02 -9.270481e+01 9.526939e+01
    endloop
  endfacet
  facet normal 1.239564e-16 9.986295e-01 5.233596e-02
    outer loop
      vertex   -1.880000e+02 -9.270481e+01 9.526939e+01
      vertex   -2.000000e+02 -9.270481e+01 9.526939e+01
      vertex   -1.880000e+02 -9.275000e+01 9.613175e+01
    endloop
  endfacet
  facet normal 0.000000e+00 9.986295e-01 5.233596e-02
    outer loop
      vertex   -1.880000e+02 -9.275000e+01 9.613175e+01
      vertex   -2.000000e+02 -9.270481e+01 9.526939e+01
      vertex   -2.000000e+02 -9.275000e+01 9.613175e+01
    endloop
  endfacet
  facet normal 0.000000e+00 9.986295e-01 -5.233596e-02
    outer loop
      vertex   -1.880000e+02 -9.275000e+01 9.613175e+01
      vertex   -2.000000e+02 -9.275000e+01 9.613175e+01
      vertex   -1.880000e+02 -9.270481e+01 9.699411e+01
    endloop
  endfacet
  facet normal 0.000000e+00 9.986295e-01 -5.233596e-02
    outer loop
      vertex   -1.880000e+02 -9.270481e+01 9.699411e+01
      vertex   -2.000000e+02 -9.275000e+01 9.613175e+01
      vertex   -2.000000e+02 -9.270481e+01 9.699411e+01
    endloop
  endfacet
  facet normal 0.000000e+00 9.876883e-01 -1.564345e-01
    outer loop
      vertex   -1.880000e+02 -9.270481e+01 9.699411e+01
      vertex   -2.000000e+02 -9.270481e+01 9.699411e+01
      vertex   -1.880000e+02 -9.256972e+01 9.784702e+01
    endloop
  endfacet
  facet normal 0.000000e+00 9.876883e-01 -1.564345e-01
    outer loop
      vertex   -1.880000e+02 -9.256972e+01 9.784702e+01
      vertex   -2.000000e+02 -9.270481e+01 9.699411e+01
      vertex   -2.000000e+02 -9.256972e+01 9.784702e+01
    endloop
  endfacet
  facet normal 0.000000e+00 9.659258e-01 -2.588190e-01
    outer loop
      vertex   -1.880000e+02 -9.256972e+01 9.784702e+01
      vertex   -2.000000e+02 -9.256972e+01 9.784702e+01
      vertex   -1.880000e+02 -9.234622e+01 9.868114e+01
    endloop
  endfacet
  facet normal 0.000000e+00 9.659258e-01 -2.588190e-01
    outer loop
      vertex   -1.880000e+02 -9.234622e+01 9.868114e+01
      vertex   -2.000000e+02 -9.256972e+01 9.784702e+01
      vertex   -2.000000e+02 -9.234622e+01 9.868114e+01
    endloop
  endfacet
  facet normal 0.000000e+00 9.335804e-01 -3.583679e-01
    outer loop
      vertex   -1.880000e+02 -9.234622e+01 9.868114e+01
      vertex   -2.000000e+02 -9.234622e+01 9.868114e+01
      vertex   -1.880000e+02 -9.203675e+01 9.948733e+01
    endloop
  endfacet
  facet normal 1.105581e-15 9.335804e-01 -3.583679e-01
    outer loop
      vertex   -1.880000e+02 -9.203675e+01 9.948733e+01
      vertex   -2.000000e+02 -9.234622e+01 9.868114e+01
      vertex   -2.000000e+02 -9.203675e+01 9.948733e+01
    endloop
  endfacet
  facet normal 1.055164e-15 8.910065e-01 -4.539905e-01
    outer loop
      vertex   -1.880000e+02 -9.203675e+01 9.948733e+01
      vertex   -2.000000e+02 -9.203675e+01 9.948733e+01
      vertex   -1.880000e+02 -9.164471e+01 1.002567e+02
    endloop
  endfacet
  facet normal 0.000000e+00 8.910065e-01 -4.539905e-01
    outer loop
      vertex   -1.880000e+02 -9.164471e+01 1.002567e+02
      vertex   -2.000000e+02 -9.203675e+01 9.948733e+01
      vertex   -2.000000e+02 -9.164471e+01 1.002567e+02
    endloop
  endfacet
  facet normal 0.000000e+00 8.386706e-01 -5.446390e-01
    outer loop
      vertex   -1.880000e+02 -9.164471e+01 1.002567e+02
      vertex   -2.000000e+02 -9.164471e+01 1.002567e+02
      vertex   -1.880000e+02 -9.117439e+01 1.009810e+02
    endloop
  endfacet
  facet normal 0.000000e+00 8.386706e-01 -5.446390e-01
    outer loop
      vertex   -1.880000e+02 -9.117439e+01 1.009810e+02
      vertex   -2.000000e+02 -9.164471e+01 1.002567e+02
      vertex   -2.000000e+02 -9.117439e+01 1.009810e+02
    endloop
  endfacet
  facet normal 0.000000e+00 7.771460e-01 -6.293204e-01
    outer loop
      vertex   -1.880000e+02 -9.117439e+01 1.009810e+02
      vertex   -2.000000e+02 -9.117439e+01 1.009810e+02
      vertex   -1.880000e+02 -9.063094e+01 1.016521e+02
    endloop
  endfacet
  facet normal 0.000000e+00 7.771460e-01 -6.293204e-01
    outer loop
      vertex   -1.880000e+02 -9.063094e+01 1.016521e+02
      vertex   -2.000000e+02 -9.117439e+01 1.009810e+02
      vertex   -2.000000e+02 -9.063094e+01 1.016521e+02
    endloop
  endfacet
  facet normal 0.000000e+00 7.071068e-01 -7.071068e-01
    outer loop
      vertex   -1.880000e+02 -9.063094e+01 1.016521e+02
      vertex   -2.000000e+02 -9.063094e+01 1.016521e+02
      vertex   -1.880000e+02 -9.002033e+01 1.022627e+02
    endloop
  endfacet
  facet normal 0.000000e+00 7.071068e-01 -7.071068e-01
    outer loop
      vertex   -1.880000e+02 -9.002033e+01 1.022627e+02
      vertex   -2.000000e+02 -9.063094e+01 1.016521e+02
      vertex   -2.000000e+02 -9.002033e+01 1.022627e+02
    endloop
  endfacet
  facet normal 0.000000e+00 6.293204e-01 -7.771460e-01
    outer loop
      vertex   -1.880000e+02 -9.002033e+01 1.022627e+02
      vertex   -2.000000e+02 -9.002033e+01 1.022627e+02
      vertex   -1.880000e+02 -8.934923e+01 1.028061e+02
    endloop
  endfacet
  facet normal 0.000000e+00 6.293204e-01 -7.771460e-01
    outer loop
      vertex   -1.880000e+02 -8.934923e+01 1.028061e+02
      vertex   -2.000000e+02 -9.002033e+01 1.022627e+02
      vertex   -2.000000e+02 -8.934923e+01 1.028061e+02
    endloop
  endfacet
  facet normal 0.000000e+00 5.446390e-01 -8.386706e-01
    outer loop
      vertex   -1.880000e+02 -8.934923e+01 1.028061e+02
      vertex   -2.000000e+02 -8.934923e+01 1.028061e+02
      vertex   -1.880000e+02 -8.862500e+01 1.032765e+02
    endloop
  endfacet
  facet normal 0.000000e+00 5.446390e-01 -8.386706e-01
    outer loop
      vertex   -1.880000e+02 -8.862500e+01 1.032765e+02
      vertex   -2.000000e+02 -8.934923e+01 1.028061e+02
      vertex   -2.000000e+02 -8.862500e+01 1.032765e+02
    endloop
  endfacet
  facet normal 0.000000e+00 4.539905e-01 -8.910065e-01
    outer loop
      vertex   -1.880000e+02 -8.862500e+01 1.032765e+02
      vertex   -2.000000e+02 -8.862500e+01 1.032765e+02
      vertex   -1.880000e+02 -8.785558e+01 1.036685e+02
    endloop
  endfacet
  facet normal 0.000000e+00 4.539905e-01 -8.910065e-01
    outer loop
      vertex   -1.880000e+02 -8.785558e+01 1.036685e+02
      vertex   -2.000000e+02 -8.862500e+01 1.032765e+02
      vertex   -2.000000e+02 -8.785558e+01 1.036685e+02
    endloop
  endfacet
  facet normal 0.000000e+00 3.583679e-01 -9.335804e-01
    outer loop
      vertex   -1.880000e+02 -8.785558e+01 1.036685e+02
      vertex   -2.000000e+02 -8.785558e+01 1.036685e+02
      vertex   -1.880000e+02 -8.704939e+01 1.039780e+02
    endloop
  endfacet
  facet normal 0.000000e+00 3.583679e-01 -9.335804e-01
    outer loop
      vertex   -1.880000e+02 -8.704939e+01 1.039780e+02
      vertex   -2.000000e+02 -8.785558e+01 1.036685e+02
      vertex   -2.000000e+02 -8.704939e+01 1.039780e+02
    endloop
  endfacet
  facet normal 0.000000e+00 2.588190e-01 -9.659258e-01
    outer loop
      vertex   -1.880000e+02 -8.704939e+01 1.039780e+02
      vertex   -2.000000e+02 -8.704939e+01 1.039780e+02
      vertex   -1.880000e+02 -8.621527e+01 1.042015e+02
    endloop
  endfacet
  facet normal 0.000000e+00 2.588190e-01 -9.659258e-01
    outer loop
      vertex   -1.880000e+02 -8.621527e+01 1.042015e+02
      vertex   -2.000000e+02 -8.704939e+01 1.039780e+02
      vertex   -2.000000e+02 -8.621527e+01 1.042015e+02
    endloop
  endfacet
  facet normal 0.000000e+00 1.564345e-01 -9.876883e-01
    outer loop
      vertex   -1.880000e+02 -8.621527e+01 1.042015e+02
      vertex   -2.000000e+02 -8.621527e+01 1.042015e+02
      vertex   -1.880000e+02 -8.536236e+01 1.043366e+02
    endloop
  endfacet
  facet normal 0.000000e+00 1.564345e-01 -9.876883e-01
    outer loop
      vertex   -1.880000e+02 -8.536236e+01 1.043366e+02
      vertex   -2.000000e+02 -8.621527e+01 1.042015e+02
      vertex   -2.000000e+02 -8.536236e+01 1.043366e+02
    endloop
  endfacet
  facet normal 0.000000e+00 5.233596e-02 -9.986295e-01
    outer loop
      vertex   -1.880000e+02 -8.536236e+01 1.043366e+02
      vertex   -2.000000e+02 -8.536236e+01 1.043366e+02
      vertex   -1.880000e+02 -8.450000e+01 1.043817e+02
    endloop
  endfacet
  facet normal 0.000000e+00 5.233596e-02 -9.986295e-01
    outer loop
      vertex   -1.880000e+02 -8.450000e+01 1.043817e+02
      vertex   -2.000000e+02 -8.536236e+01 1.043366e+02
      vertex   -2.000000e+02 -8.450000e+01 1.043817e+02
    endloop
  endfacet
  facet normal 0.000000e+00 1.000000e+00 0.000000e+00
    outer loop
      vertex   -2.000000e+02 -8.450000e+01 8.388175e+01
      vertex   -2.000000e+02 -8.450000e+01 8.788175e+01
      vertex   -1.880000e+02 -8.450000e+01 8.388175e+01
    endloop
  endfacet
  facet normal 0.000000e+00 1.000000e+00 -0.000000e+00
    outer loop
      vertex   -1.880000e+02 -8.450000e+01 8.388175e+01
      vertex   -2.000000e+02 -8.450000e+01 8.788175e+01
      vertex   -1.880000e+02 -8.450000e+01 8.788175e+01
    endloop
  endfacet
  facet normal 0.000000e+00 -7.850396e-01 6.194456e-01
    outer loop
      vertex   -1.880000e+02 -9.378771e+01 1.041193e+02
      vertex   -2.000000e+02 -9.378771e+01 1.041193e+02
      vertex   -1.880000e+02 -9.442860e+01 1.033071e+02
    endloop
  endfacet
  facet normal 0.000000e+00 -7.850396e-01 6.194456e-01
    outer loop
      vertex   -1.880000e+02 -9.442860e+01 1.033071e+02
      vertex   -2.000000e+02 -9.378771e+01 1.041193e+02
      vertex   -2.000000e+02 -9.442860e+01 1.033071e+02
    endloop
  endfacet
  facet normal 0.000000e+00 -8.345108e-01 5.509917e-01
    outer loop
      vertex   -1.880000e+02 -9.442860e+01 1.033071e+02
      vertex   -2.000000e+02 -9.442860e+01 1.033071e+02
      vertex   -1.880000e+02 -9.499867e+01 1.024437e+02
    endloop
  endfacet
  facet normal 0.000000e+00 -8.345108e-01 5.509917e-01
    outer loop
      vertex   -1.880000e+02 -9.499867e+01 1.024437e+02
      vertex   -2.000000e+02 -9.442860e+01 1.033071e+02
      vertex   -2.000000e+02 -9.499867e+01 1.024437e+02
    endloop
  endfacet
  facet normal 0.000000e+00 -8.780291e-01 4.786073e-01
    outer loop
      vertex   -1.880000e+02 -9.499867e+01 1.024437e+02
      vertex   -2.000000e+02 -9.499867e+01 1.024437e+02
      vertex   -1.880000e+02 -9.549385e+01 1.015352e+02
    endloop
  endfacet
  facet normal 0.000000e+00 -8.780291e-01 4.786073e-01
    outer loop
      vertex   -1.880000e+02 -9.549385e+01 1.015352e+02
      vertex   -2.000000e+02 -9.499867e+01 1.024437e+02
      vertex   -2.000000e+02 -9.549385e+01 1.015352e+02
    endloop
  endfacet
  facet normal 0.000000e+00 -9.152841e-01 4.028088e-01
    outer loop
      vertex   -1.880000e+02 -9.549385e+01 1.015352e+02
      vertex   -2.000000e+02 -9.549385e+01 1.015352e+02
      vertex   -1.880000e+02 -9.591061e+01 1.005883e+02
    endloop
  endfacet
  facet normal 0.000000e+00 -9.152841e-01 4.028088e-01
    outer loop
      vertex   -1.880000e+02 -9.591061e+01 1.005883e+02
      vertex   -2.000000e+02 -9.549385e+01 1.015352e+02
      vertex   -2.000000e+02 -9.591061e+01 1.005883e+02
    endloop
  endfacet
  facet normal 0.000000e+00 -9.460102e-01 3.241370e-01
    outer loop
      vertex   -1.880000e+02 -9.591061e+01 1.005883e+02
      vertex   -2.000000e+02 -9.591061e+01 1.005883e+02
      vertex   -1.880000e+02 -9.624597e+01 9.960950e+01
    endloop
  endfacet
  facet normal 0.000000e+00 -9.460102e-01 3.241370e-01
    outer loop
      vertex   -1.880000e+02 -9.624597e+01 9.960950e+01
      vertex   -2.000000e+02 -9.591061e+01 1.005883e+02
      vertex   -2.000000e+02 -9.624597e+01 9.960950e+01
    endloop
  endfacet
  facet normal 0.000000e+00 -9.699880e-01 2.431530e-01
    outer loop
      vertex   -1.880000e+02 -9.624597e+01 9.960950e+01
      vertex   -2.000000e+02 -9.624597e+01 9.960950e+01
      vertex   -1.880000e+02 -9.649754e+01 9.860593e+01
    endloop
  endfacet
  facet normal 0.000000e+00 -9.699880e-01 2.431530e-01
    outer loop
      vertex   -1.880000e+02 -9.649754e+01 9.860593e+01
      vertex   -2.000000e+02 -9.624597e+01 9.960950e+01
      vertex   -2.000000e+02 -9.649754e+01 9.860593e+01
    endloop
  endfacet
  facet normal 0.000000e+00 -9.870465e-01 1.604345e-01
    outer loop
      vertex   -1.880000e+02 -9.649754e+01 9.860593e+01
      vertex   -2.000000e+02 -9.649754e+01 9.860593e+01
      vertex   -1.880000e+02 -9.666353e+01 9.758471e+01
    endloop
  endfacet
  facet normal 0.000000e+00 -9.870465e-01 1.604345e-01
    outer loop
      vertex   -1.880000e+02 -9.666353e+01 9.758471e+01
      vertex   -2.000000e+02 -9.649754e+01 9.860593e+01
      vertex   -2.000000e+02 -9.666353e+01 9.758471e+01
    endloop
  endfacet
  facet normal 0.000000e+00 -9.970641e-01 7.657155e-02
    outer loop
      vertex   -1.880000e+02 -9.666353e+01 9.758471e+01
      vertex   -2.000000e+02 -9.666353e+01 9.758471e+01
      vertex   -1.880000e+02 -9.674275e+01 9.655312e+01
    endloop
  endfacet
  facet normal 0.000000e+00 -9.970641e-01 7.657155e-02
    outer loop
      vertex   -1.880000e+02 -9.674275e+01 9.655312e+01
      vertex   -2.000000e+02 -9.666353e+01 9.758471e+01
      vertex   -2.000000e+02 -9.674275e+01 9.655312e+01
    endloop
  endfacet
  facet normal -0.000000e+00 -9.999693e-01 -7.837599e-03
    outer loop
      vertex   -1.880000e+02 -9.674275e+01 9.655312e+01
      vertex   -2.000000e+02 -9.674275e+01 9.655312e+01
      vertex   -1.880000e+02 -9.673464e+01 9.551853e+01
    endloop
  endfacet
  facet normal -0.000000e+00 -9.999693e-01 -7.837599e-03
    outer loop
      vertex   -1.880000e+02 -9.673464e+01 9.551853e+01
      vertex   -2.000000e+02 -9.674275e+01 9.655312e+01
      vertex   -2.000000e+02 -9.673464e+01 9.551853e+01
    endloop
  endfacet
  facet normal -0.000000e+00 -9.957414e-01 -9.219084e-02
    outer loop
      vertex   -1.880000e+02 -9.673464e+01 9.551853e+01
      vertex   -2.000000e+02 -9.673464e+01 9.551853e+01
      vertex   -1.880000e+02 -9.663926e+01 9.448831e+01
    endloop
  endfacet
  facet normal -0.000000e+00 -9.957414e-01 -9.219084e-02
    outer loop
      vertex   -1.880000e+02 -9.663926e+01 9.448831e+01
      vertex   -2.000000e+02 -9.673464e+01 9.551853e+01
      vertex   -2.000000e+02 -9.663926e+01 9.448831e+01
    endloop
  endfacet
  facet normal -0.000000e+00 -9.844105e-01 -1.758864e-01
    outer loop
      vertex   -1.880000e+02 -9.663926e+01 9.448831e+01
      vertex   -2.000000e+02 -9.663926e+01 9.448831e+01
      vertex   -1.880000e+02 -9.645728e+01 9.346982e+01
    endloop
  endfacet
  facet normal -0.000000e+00 -9.844105e-01 -1.758864e-01
    outer loop
      vertex   -1.880000e+02 -9.645728e+01 9.346982e+01
      vertex   -2.000000e+02 -9.663926e+01 9.448831e+01
      vertex   -2.000000e+02 -9.645728e+01 9.346982e+01
    endloop
  endfacet
  facet normal -0.000000e+00 -9.660574e-01 -2.583274e-01
    outer loop
      vertex   -1.880000e+02 -9.645728e+01 9.346982e+01
      vertex   -2.000000e+02 -9.645728e+01 9.346982e+01
      vertex   -1.880000e+02 -9.619001e+01 9.247031e+01
    endloop
  endfacet
  facet normal -0.000000e+00 -9.660574e-01 -2.583274e-01
    outer loop
      vertex   -1.880000e+02 -9.619001e+01 9.247031e+01
      vertex   -2.000000e+02 -9.645728e+01 9.346982e+01
      vertex   -2.000000e+02 -9.619001e+01 9.247031e+01
    endloop
  endfacet
  facet normal -0.000000e+00 -9.408132e-01 -3.389256e-01
    outer loop
      vertex   -1.880000e+02 -9.619001e+01 9.247031e+01
      vertex   -2.000000e+02 -9.619001e+01 9.247031e+01
      vertex   -1.880000e+02 -9.583935e+01 9.149692e+01
    endloop
  endfacet
  facet normal -0.000000e+00 -9.408132e-01 -3.389256e-01
    outer loop
      vertex   -1.880000e+02 -9.583935e+01 9.149692e+01
      vertex   -2.000000e+02 -9.619001e+01 9.247031e+01
      vertex   -2.000000e+02 -9.583935e+01 9.149692e+01
    endloop
  endfacet
  facet normal -0.000000e+00 -9.088578e-01 -4.171062e-01
    outer loop
      vertex   -1.880000e+02 -9.583935e+01 9.149692e+01
      vertex   -2.000000e+02 -9.583935e+01 9.149692e+01
      vertex   -1.880000e+02 -9.540780e+01 9.055659e+01
    endloop
  endfacet
  facet normal -0.000000e+00 -9.088578e-01 -4.171062e-01
    outer loop
      vertex   -1.880000e+02 -9.540780e+01 9.055659e+01
      vertex   -2.000000e+02 -9.583935e+01 9.149692e+01
      vertex   -2.000000e+02 -9.540780e+01 9.055659e+01
    endloop
  endfacet
  facet normal -0.000000e+00 -8.704192e-01 -4.923113e-01
    outer loop
      vertex   -1.880000e+02 -9.540780e+01 9.055659e+01
      vertex   -2.000000e+02 -9.540780e+01 9.055659e+01
      vertex   -1.880000e+02 -9.489844e+01 8.965604e+01
    endloop
  endfacet
  facet normal -0.000000e+00 -8.704192e-01 -4.923113e-01
    outer loop
      vertex   -1.880000e+02 -9.489844e+01 8.965604e+01
      vertex   -2.000000e+02 -9.540780e+01 9.055659e+01
      vertex   -2.000000e+02 -9.489844e+01 8.965604e+01
    endloop
  endfacet
  facet normal -0.000000e+00 -8.257716e-01 -5.640047e-01
    outer loop
      vertex   -1.880000e+02 -9.489844e+01 8.965604e+01
      vertex   -2.000000e+02 -9.489844e+01 8.965604e+01
      vertex   -1.880000e+02 -9.431491e+01 8.880167e+01
    endloop
  endfacet
  facet normal -0.000000e+00 -8.257716e-01 -5.640047e-01
    outer loop
      vertex   -1.880000e+02 -9.431491e+01 8.880167e+01
      vertex   -2.000000e+02 -9.489844e+01 8.965604e+01
      vertex   -2.000000e+02 -9.431491e+01 8.880167e+01
    endloop
  endfacet
  facet normal -0.000000e+00 -7.752335e-01 -6.316748e-01
    outer loop
      vertex   -1.880000e+02 -9.431491e+01 8.880167e+01
      vertex   -2.000000e+02 -9.431491e+01 8.880167e+01
      vertex   -1.880000e+02 -9.366137e+01 8.799960e+01
    endloop
  endfacet
  facet normal -0.000000e+00 -7.752335e-01 -6.316748e-01
    outer loop
      vertex   -1.880000e+02 -9.366137e+01 8.799960e+01
      vertex   -2.000000e+02 -9.431491e+01 8.880167e+01
      vertex   -2.000000e+02 -9.366137e+01 8.799960e+01
    endloop
  endfacet
  facet normal -0.000000e+00 -7.191654e-01 -6.948390e-01
    outer loop
      vertex   -1.880000e+02 -9.366137e+01 8.799960e+01
      vertex   -2.000000e+02 -9.366137e+01 8.799960e+01
      vertex   -1.880000e+02 -9.294247e+01 8.725553e+01
    endloop
  endfacet
  facet normal -0.000000e+00 -7.191654e-01 -6.948390e-01
    outer loop
      vertex   -1.880000e+02 -9.294247e+01 8.725553e+01
      vertex   -2.000000e+02 -9.366137e+01 8.799960e+01
      vertex   -2.000000e+02 -9.294247e+01 8.725553e+01
    endloop
  endfacet
  facet normal -0.000000e+00 -6.579672e-01 -7.530466e-01
    outer loop
      vertex   -1.880000e+02 -9.294247e+01 8.725553e+01
      vertex   -2.000000e+02 -9.294247e+01 8.725553e+01
      vertex   -1.880000e+02 -9.216335e+01 8.657478e+01
    endloop
  endfacet
  facet normal -0.000000e+00 -6.579672e-01 -7.530466e-01
    outer loop
      vertex   -1.880000e+02 -9.216335e+01 8.657478e+01
      vertex   -2.000000e+02 -9.294247e+01 8.725553e+01
      vertex   -2.000000e+02 -9.216335e+01 8.657478e+01
    endloop
  endfacet
  facet normal -0.000000e+00 -5.920755e-01 -8.058825e-01
    outer loop
      vertex   -1.880000e+02 -9.216335e+01 8.657478e+01
      vertex   -2.000000e+02 -9.216335e+01 8.657478e+01
      vertex   -1.880000e+02 -9.132956e+01 8.596221e+01
    endloop
  endfacet
  facet normal -0.000000e+00 -5.920755e-01 -8.058825e-01
    outer loop
      vertex   -1.880000e+02 -9.132956e+01 8.596221e+01
      vertex   -2.000000e+02 -9.216335e+01 8.657478e+01
      vertex   -2.000000e+02 -9.132956e+01 8.596221e+01
    endloop
  endfacet
  facet normal -0.000000e+00 -5.219604e-01 -8.529697e-01
    outer loop
      vertex   -1.880000e+02 -9.132956e+01 8.596221e+01
      vertex   -2.000000e+02 -9.132956e+01 8.596221e+01
      vertex   -1.880000e+02 -9.044706e+01 8.542218e+01
    endloop
  endfacet
  facet normal -0.000000e+00 -5.219604e-01 -8.529697e-01
    outer loop
      vertex   -1.880000e+02 -9.044706e+01 8.542218e+01
      vertex   -2.000000e+02 -9.132956e+01 8.596221e+01
      vertex   -2.000000e+02 -9.044706e+01 8.542218e+01
    endloop
  endfacet
  facet normal -0.000000e+00 -4.481219e-01 -8.939725e-01
    outer loop
      vertex   -1.880000e+02 -9.044706e+01 8.542218e+01
      vertex   -2.000000e+02 -9.044706e+01 8.542218e+01
      vertex   -1.880000e+02 -8.952213e+01 8.495854e+01
    endloop
  endfacet
  facet normal -0.000000e+00 -4.481219e-01 -8.939725e-01
    outer loop
      vertex   -1.880000e+02 -8.952213e+01 8.495854e+01
      vertex   -2.000000e+02 -9.044706e+01 8.542218e+01
      vertex   -2.000000e+02 -8.952213e+01 8.495854e+01
    endloop
  endfacet
  facet normal -0.000000e+00 -3.710868e-01 -9.285982e-01
    outer loop
      vertex   -1.880000e+02 -8.952213e+01 8.495854e+01
      vertex   -2.000000e+02 -8.952213e+01 8.495854e+01
      vertex   -1.880000e+02 -8.856138e+01 8.457460e+01
    endloop
  endfacet
  facet normal -0.000000e+00 -3.710868e-01 -9.285982e-01
    outer loop
      vertex   -1.880000e+02 -8.856138e+01 8.457460e+01
      vertex   -2.000000e+02 -8.952213e+01 8.495854e+01
      vertex   -2.000000e+02 -8.856138e+01 8.457460e+01
    endloop
  endfacet
  facet normal -0.000000e+00 -2.914046e-01 -9.565999e-01
    outer loop
      vertex   -1.880000e+02 -8.856138e+01 8.457460e+01
      vertex   -2.000000e+02 -8.856138e+01 8.457460e+01
      vertex   -1.880000e+02 -8.757166e+01 8.427311e+01
    endloop
  endfacet
  facet normal -0.000000e+00 -2.914046e-01 -9.565999e-01
    outer loop
      vertex   -1.880000e+02 -8.757166e+01 8.427311e+01
      vertex   -2.000000e+02 -8.856138e+01 8.457460e+01
      vertex   -2.000000e+02 -8.757166e+01 8.427311e+01
    endloop
  endfacet
  facet normal -0.000000e+00 -2.096438e-01 -9.777778e-01
    outer loop
      vertex   -1.880000e+02 -8.757166e+01 8.427311e+01
      vertex   -2.000000e+02 -8.757166e+01 8.427311e+01
      vertex   -1.880000e+02 -8.656003e+01 8.405621e+01
    endloop
  endfacet
  facet normal -0.000000e+00 -2.096438e-01 -9.777778e-01
    outer loop
      vertex   -1.880000e+02 -8.656003e+01 8.405621e+01
      vertex   -2.000000e+02 -8.757166e+01 8.427311e+01
      vertex   -2.000000e+02 -8.656003e+01 8.405621e+01
    endloop
  endfacet
  facet normal -0.000000e+00 -1.263875e-01 -9.919810e-01
    outer loop
      vertex   -1.880000e+02 -8.656003e+01 8.405621e+01
      vertex   -2.000000e+02 -8.656003e+01 8.405621e+01
      vertex   -1.880000e+02 -8.553370e+01 8.392544e+01
    endloop
  endfacet
  facet normal -0.000000e+00 -1.263875e-01 -9.919810e-01
    outer loop
      vertex   -1.880000e+02 -8.553370e+01 8.392544e+01
      vertex   -2.000000e+02 -8.656003e+01 8.405621e+01
      vertex   -2.000000e+02 -8.553370e+01 8.392544e+01
    endloop
  endfacet
  facet normal -0.000000e+00 -4.222956e-02 -9.991079e-01
    outer loop
      vertex   -1.880000e+02 -8.553370e+01 8.392544e+01
      vertex   -2.000000e+02 -8.553370e+01 8.392544e+01
      vertex   -1.880000e+02 -8.450000e+01 8.388175e+01
    endloop
  endfacet
  facet normal -0.000000e+00 -4.222956e-02 -9.991079e-01
    outer loop
      vertex   -1.880000e+02 -8.450000e+01 8.388175e+01
      vertex   -2.000000e+02 -8.553370e+01 8.392544e+01
      vertex   -2.000000e+02 -8.450000e+01 8.388175e+01
    endloop
  endfacet
  facet normal 0.000000e+00 -8.829476e-01 4.694716e-01
    outer loop
      vertex   -2.000000e+02 -8.850000e+01 1.140640e+02
      vertex   -2.000000e+02 -9.378771e+01 1.041193e+02
      vertex   -1.880000e+02 -8.850000e+01 1.140640e+02
    endloop
  endfacet
  facet normal 1.765154e-17 -8.829476e-01 4.694716e-01
    outer loop
      vertex   -1.880000e+02 -8.850000e+01 1.140640e+02
      vertex   -2.000000e+02 -9.378771e+01 1.041193e+02
      vertex   -1.880000e+02 -9.378771e+01 1.041193e+02
    endloop
  endfacet
  facet normal 0.000000e+00 -1.000000e+00 -0.000000e+00
    outer loop
      vertex   -1.944262e+02 -8.850000e+01 1.171265e+02
      vertex   -2.000000e+02 -8.850000e+01 1.140640e+02
      vertex   -1.940000e+02 -8.850000e+01 1.170817e+02
    endloop
  endfacet
  facet normal 0.000000e+00 -1.000000e+00 -0.000000e+00
    outer loop
      vertex   -1.940000e+02 -8.850000e+01 1.170817e+02
      vertex   -2.000000e+02 -8.850000e+01 1.140640e+02
      vertex   -1.880000e+02 -8.850000e+01 1.140640e+02
    endloop
  endfacet
  facet normal 0.000000e+00 -1.000000e+00 0.000000e+00
    outer loop
      vertex   -1.940000e+02 -8.850000e+01 1.170817e+02
      vertex   -1.880000e+02 -8.850000e+01 1.140640e+02
      vertex   -1.935738e+02 -8.850000e+01 1.171265e+02
    endloop
  endfacet
  facet normal 0.000000e+00 -1.000000e+00 0.000000e+00
    outer loop
      vertex   -1.935738e+02 -8.850000e+01 1.171265e+02
      vertex   -1.880000e+02 -8.850000e+01 1.140640e+02
      vertex   -1.931662e+02 -8.850000e+01 1.172590e+02
    endloop
  endfacet
  facet normal 0.000000e+00 -1.000000e+00 0.000000e+00
    outer loop
      vertex   -1.931662e+02 -8.850000e+01 1.172590e+02
      vertex   -1.880000e+02 -8.850000e+01 1.140640e+02
      vertex   -1.927950e+02 -8.850000e+01 1.174733e+02
    endloop
  endfacet
  facet normal 0.000000e+00 -1.000000e+00 0.000000e+00
    outer loop
      vertex   -1.927950e+02 -8.850000e+01 1.174733e+02
      vertex   -1.880000e+02 -8.850000e+01 1.140640e+02
      vertex   -1.924766e+02 -8.850000e+01 1.177600e+02
    endloop
  endfacet
  facet normal 0.000000e+00 -1.000000e+00 0.000000e+00
    outer loop
      vertex   -1.924766e+02 -8.850000e+01 1.177600e+02
      vertex   -1.880000e+02 -8.850000e+01 1.140640e+02
      vertex   -1.922246e+02 -8.850000e+01 1.181067e+02
    endloop
  endfacet
  facet normal 0.000000e+00 -1.000000e+00 0.000000e+00
    outer loop
      vertex   -1.922246e+02 -8.850000e+01 1.181067e+02
      vertex   -1.880000e+02 -8.850000e+01 1.140640e+02
      vertex   -1.920503e+02 -8.850000e+01 1.184983e+02
    endloop
  endfacet
  facet normal 0.000000e+00 -1.000000e+00 0.000000e+00
    outer loop
      vertex   -1.920503e+02 -8.850000e+01 1.184983e+02
      vertex   -1.880000e+02 -8.850000e+01 1.140640e+02
      vertex   -1.919612e+02 -8.850000e+01 1.189175e+02
    endloop
  endfacet
  facet normal -1.717896e-15 -1.000000e+00 -1.402097e-15
    outer loop
      vertex   -1.919612e+02 -8.850000e+01 1.189175e+02
      vertex   -1.880000e+02 -8.850000e+01 1.140640e+02
      vertex   -1.880000e+02 -8.850000e+01 1.241995e+02
    endloop
  endfacet
  facet normal -3.587486e-15 -1.000000e+00 0.000000e+00
    outer loop
      vertex   -1.919612e+02 -8.850000e+01 1.189175e+02
      vertex   -1.880000e+02 -8.850000e+01 1.241995e+02
      vertex   -1.919612e+02 -8.850000e+01 1.193460e+02
    endloop
  endfacet
  facet normal -2.846236e-15 -1.000000e+00 -6.049862e-16
    outer loop
      vertex   -1.919612e+02 -8.850000e+01 1.193460e+02
      vertex   -1.880000e+02 -8.850000e+01 1.241995e+02
      vertex   -1.920503e+02 -8.850000e+01 1.197652e+02
    endloop
  endfacet
  facet normal -2.358812e-15 -1.000000e+00 -1.050211e-15
    outer loop
      vertex   -1.920503e+02 -8.850000e+01 1.197652e+02
      vertex   -1.880000e+02 -8.850000e+01 1.241995e+02
      vertex   -1.922246e+02 -8.850000e+01 1.201567e+02
    endloop
  endfacet
  facet normal -1.984243e-15 -1.000000e+00 -1.441637e-15
    outer loop
      vertex   -1.922246e+02 -8.850000e+01 1.201567e+02
      vertex   -1.880000e+02 -8.850000e+01 1.241995e+02
      vertex   -1.924766e+02 -8.850000e+01 1.205035e+02
    endloop
  endfacet
  facet normal -1.656012e-15 -1.000000e+00 -1.839187e-15
    outer loop
      vertex   -1.924766e+02 -8.850000e+01 1.205035e+02
      vertex   -1.880000e+02 -8.850000e+01 1.241995e+02
      vertex   -1.927950e+02 -8.850000e+01 1.207902e+02
    endloop
  endfacet
  facet normal -1.328117e-15 -1.000000e+00 -2.300367e-15
    outer loop
      vertex   -1.927950e+02 -8.850000e+01 1.207902e+02
      vertex   -1.880000e+02 -8.850000e+01 1.241995e+02
      vertex   -1.931662e+02 -8.850000e+01 1.210045e+02
    endloop
  endfacet
  facet normal -9.474393e-16 -1.000000e+00 -2.915918e-15
    outer loop
      vertex   -1.931662e+02 -8.850000e+01 1.210045e+02
      vertex   -1.880000e+02 -8.850000e+01 1.241995e+02
      vertex   -1.935738e+02 -8.850000e+01 1.211370e+02
    endloop
  endfacet
  facet normal -4.093974e-16 -1.000000e+00 -3.895156e-15
    outer loop
      vertex   -1.935738e+02 -8.850000e+01 1.211370e+02
      vertex   -1.880000e+02 -8.850000e+01 1.241995e+02
      vertex   -1.940000e+02 -8.850000e+01 1.211817e+02
    endloop
  endfacet
  facet normal 0.000000e+00 -1.000000e+00 -4.709144e-15
    outer loop
      vertex   -1.940000e+02 -8.850000e+01 1.211817e+02
      vertex   -1.880000e+02 -8.850000e+01 1.241995e+02
      vertex   -2.000000e+02 -8.850000e+01 1.241995e+02
    endloop
  endfacet
  facet normal 4.093974e-16 -1.000000e+00 -3.895156e-15
    outer loop
      vertex   -1.940000e+02 -8.850000e+01 1.211817e+02
      vertex   -2.000000e+02 -8.850000e+01 1.241995e+02
      vertex   -1.944262e+02 -8.850000e+01 1.211370e+02
    endloop
  endfacet
  facet normal 9.474392e-16 -1.000000e+00 -2.915918e-15
    outer loop
      vertex   -1.944262e+02 -8.850000e+01 1.211370e+02
      vertex   -2.000000e+02 -8.850000e+01 1.241995e+02
      vertex   -1.948338e+02 -8.850000e+01 1.210045e+02
    endloop
  endfacet
  facet normal 1.328117e-15 -1.000000e+00 -2.300366e-15
    outer loop
      vertex   -1.948338e+02 -8.850000e+01 1.210045e+02
      vertex   -2.000000e+02 -8.850000e+01 1.241995e+02
      vertex   -1.952050e+02 -8.850000e+01 1.207902e+02
    endloop
  endfacet
  facet normal 1.656011e-15 -1.000000e+00 -1.839187e-15
    outer loop
      vertex   -1.952050e+02 -8.850000e+01 1.207902e+02
      vertex   -2.000000e+02 -8.850000e+01 1.241995e+02
      vertex   -1.955234e+02 -8.850000e+01 1.205035e+02
    endloop
  endfacet
  facet normal 1.984243e-15 -1.000000e+00 -1.441637e-15
    outer loop
      vertex   -1.955234e+02 -8.850000e+01 1.205035e+02
      vertex   -2.000000e+02 -8.850000e+01 1.241995e+02
      vertex   -1.957754e+02 -8.850000e+01 1.201567e+02
    endloop
  endfacet
  facet normal 2.358812e-15 -1.000000e+00 -1.050211e-15
    outer loop
      vertex   -1.957754e+02 -8.850000e+01 1.201567e+02
      vertex   -2.000000e+02 -8.850000e+01 1.241995e+02
      vertex   -1.959497e+02 -8.850000e+01 1.197652e+02
    endloop
  endfacet
  facet normal 2.846236e-15 -1.000000e+00 -6.049861e-16
    outer loop
      vertex   -1.959497e+02 -8.850000e+01 1.197652e+02
      vertex   -2.000000e+02 -8.850000e+01 1.241995e+02
      vertex   -1.960388e+02 -8.850000e+01 1.193460e+02
    endloop
  endfacet
  facet normal 1.869589e-15 -1.000000e+00 -1.402097e-15
    outer loop
      vertex   -1.960388e+02 -8.850000e+01 1.193460e+02
      vertex   -2.000000e+02 -8.850000e+01 1.241995e+02
      vertex   -2.000000e+02 -8.850000e+01 1.140640e+02
    endloop
  endfacet
  facet normal 0.000000e+00 -1.000000e+00 -0.000000e+00
    outer loop
      vertex   -1.960388e+02 -8.850000e+01 1.193460e+02
      vertex   -2.000000e+02 -8.850000e+01 1.140640e+02
      vertex   -1.960388e+02 -8.850000e+01 1.189175e+02
    endloop
  endfacet
  facet normal 0.000000e+00 -1.000000e+00 -0.000000e+00
    outer loop
      vertex   -1.960388e+02 -8.850000e+01 1.189175e+02
      vertex   -2.000000e+02 -8.850000e+01 1.140640e+02
      vertex   -1.959497e+02 -8.850000e+01 1.184983e+02
    endloop
  endfacet
  facet normal 0.000000e+00 -1.000000e+00 -0.000000e+00
    outer loop
      vertex   -1.959497e+02 -8.850000e+01 1.184983e+02
      vertex   -2.000000e+02 -8.850000e+01 1.140640e+02
      vertex   -1.957754e+02 -8.850000e+01 1.181067e+02
    endloop
  endfacet
  facet normal 0.000000e+00 -1.000000e+00 -0.000000e+00
    outer loop
      vertex   -1.957754e+02 -8.850000e+01 1.181067e+02
      vertex   -2.000000e+02 -8.850000e+01 1.140640e+02
      vertex   -1.955234e+02 -8.850000e+01 1.177600e+02
    endloop
  endfacet
  facet normal 0.000000e+00 -1.000000e+00 -0.000000e+00
    outer loop
      vertex   -1.955234e+02 -8.850000e+01 1.177600e+02
      vertex   -2.000000e+02 -8.850000e+01 1.140640e+02
      vertex   -1.952050e+02 -8.850000e+01 1.174733e+02
    endloop
  endfacet
  facet normal 0.000000e+00 -1.000000e+00 -0.000000e+00
    outer loop
      vertex   -1.952050e+02 -8.850000e+01 1.174733e+02
      vertex   -2.000000e+02 -8.850000e+01 1.140640e+02
      vertex   -1.948338e+02 -8.850000e+01 1.172590e+02
    endloop
  endfacet
  facet normal 0.000000e+00 -1.000000e+00 -0.000000e+00
    outer loop
      vertex   -1.948338e+02 -8.850000e+01 1.172590e+02
      vertex   -2.000000e+02 -8.850000e+01 1.140640e+02
      vertex   -1.944262e+02 -8.850000e+01 1.171265e+02
    endloop
  endfacet
  facet normal 0.000000e+00 -8.829476e-01 -4.694716e-01
    outer loop
      vertex   -2.000000e+02 -9.378771e+01 1.341442e+02
      vertex   -2.000000e+02 -8.850000e+01 1.241995e+02
      vertex   -1.880000e+02 -9.378771e+01 1.341442e+02
    endloop
  endfacet
  facet normal -1.054949e-17 -8.829476e-01 -4.694716e-01
    outer loop
      vertex   -1.880000e+02 -9.378771e+01 1.341442e+02
      vertex   -2.000000e+02 -8.850000e+01 1.241995e+02
      vertex   -1.880000e+02 -8.850000e+01 1.241995e+02
    endloop
  endfacet
  facet normal 1.000000e+00 0.000000e+00 -0.000000e+00
    outer loop
      vertex   -1.880000e+02 -8.455260e+01 1.140610e+02
      vertex   -1.880000e+02 -8.450000e+01 1.143811e+02
      vertex   -1.880000e+02 -8.461705e+01 1.139116e+02
    endloop
  endfacet
  facet normal 1.000000e+00 0.000000e+00 0.000000e+00
    outer loop
      vertex   -1.880000e+02 -8.461705e+01 1.139116e+02
      vertex   -1.880000e+02 -8.450000e+01 1.143811e+02
      vertex   -1.880000e+02 -8.461705e+01 1.243519e+02
    endloop
  endfacet
  facet normal 1.000000e+00 0.000000e+00 -0.000000e+00
    outer loop
      vertex   -1.880000e+02 -8.461705e+01 1.139116e+02
      vertex   -1.880000e+02 -8.461705e+01 1.243519e+02
      vertex   -1.880000e+02 -8.681741e+01 1.284902e+02
    endloop
  endfacet
  facet normal 1.000000e+00 0.000000e+00 0.000000e+00
    outer loop
      vertex   -1.880000e+02 -8.455260e+01 1.140610e+02
      vertex   -1.880000e+02 -8.451324e+01 1.142189e+02
      vertex   -1.880000e+02 -8.450000e+01 1.143811e+02
    endloop
  endfacet
  facet normal 1.000000e+00 0.000000e+00 -0.000000e+00
    outer loop
      vertex   -1.880000e+02 -8.450000e+01 1.143811e+02
      vertex   -1.880000e+02 -8.450000e+01 1.238824e+02
      vertex   -1.880000e+02 -8.461705e+01 1.243519e+02
    endloop
  endfacet
  facet normal 1.000000e+00 0.000000e+00 0.000000e+00
    outer loop
      vertex   -1.880000e+02 -8.461705e+01 1.243519e+02
      vertex   -1.880000e+02 -8.450000e+01 1.238824e+02
      vertex   -1.880000e+02 -8.455260e+01 1.242025e+02
    endloop
  endfacet
  facet normal 1.000000e+00 0.000000e+00 0.000000e+00
    outer loop
      vertex   -1.880000e+02 -8.455260e+01 1.242025e+02
      vertex   -1.880000e+02 -8.450000e+01 1.238824e+02
      vertex   -1.880000e+02 -8.451324e+01 1.240446e+02
    endloop
  endfacet
  facet normal 1.000000e+00 0.000000e+00 0.000000e+00
    outer loop
      vertex   -1.880000e+02 -8.690391e+01 1.287143e+02
      vertex   -1.880000e+02 -8.850000e+01 1.241995e+02
      vertex   -1.880000e+02 -8.681741e+01 1.284902e+02
    endloop
  endfacet
  facet normal 1.000000e+00 0.000000e+00 0.000000e+00
    outer loop
      vertex   -1.880000e+02 -8.681741e+01 1.284902e+02
      vertex   -1.880000e+02 -8.850000e+01 1.241995e+02
      vertex   -1.880000e+02 -8.850000e+01 1.140640e+02
    endloop
  endfacet
  facet normal 1.000000e+00 0.000000e+00 0.000000e+00
    outer loop
      vertex   -1.880000e+02 -8.681741e+01 1.284902e+02
      vertex   -1.880000e+02 -8.850000e+01 1.140640e+02
      vertex   -1.880000e+02 -8.681741e+01 1.097733e+02
    endloop
  endfacet
  facet normal 1.000000e+00 0.000000e+00 0.000000e+00
    outer loop
      vertex   -1.880000e+02 -8.681741e+01 1.097733e+02
      vertex   -1.880000e+02 -8.850000e+01 1.140640e+02
      vertex   -1.880000e+02 -8.690391e+01 1.095492e+02
    endloop
  endfacet
  facet normal 1.000000e+00 0.000000e+00 0.000000e+00
    outer loop
      vertex   -1.880000e+02 -8.690391e+01 1.095492e+02
      vertex   -1.880000e+02 -8.850000e+01 1.140640e+02
      vertex   -1.880000e+02 -8.693443e+01 1.093108e+02
    endloop
  endfacet
  facet normal 1.000000e+00 0.000000e+00 0.000000e+00
    outer loop
      vertex   -1.880000e+02 -8.693443e+01 1.093108e+02
      vertex   -1.880000e+02 -8.850000e+01 1.140640e+02
      vertex   -1.880000e+02 -8.785558e+01 1.036685e+02
    endloop
  endfacet
  facet normal 1.000000e+00 0.000000e+00 0.000000e+00
    outer loop
      vertex   -1.880000e+02 -8.693443e+01 1.093108e+02
      vertex   -1.880000e+02 -8.785558e+01 1.036685e+02
      vertex   -1.880000e+02 -8.690721e+01 1.090720e+02
    endloop
  endfacet
  facet normal 1.000000e+00 0.000000e+00 0.000000e+00
    outer loop
      vertex   -1.880000e+02 -8.690721e+01 1.090720e+02
      vertex   -1.880000e+02 -8.785558e+01 1.036685e+02
      vertex   -1.880000e+02 -8.704939e+01 1.039780e+02
    endloop
  endfacet
  facet normal 1.000000e+00 0.000000e+00 0.000000e+00
    outer loop
      vertex   -1.880000e+02 -8.690721e+01 1.090720e+02
      vertex   -1.880000e+02 -8.704939e+01 1.039780e+02
      vertex   -1.880000e+02 -8.682382e+01 1.088467e+02
    endloop
  endfacet
  facet normal 1.000000e+00 0.000000e+00 0.000000e+00
    outer loop
      vertex   -1.880000e+02 -8.682382e+01 1.088467e+02
      vertex   -1.880000e+02 -8.704939e+01 1.039780e+02
      vertex   -1.880000e+02 -8.668907e+01 1.086477e+02
    endloop
  endfacet
  facet normal 1.000000e+00 0.000000e+00 0.000000e+00
    outer loop
      vertex   -1.880000e+02 -8.668907e+01 1.086477e+02
      vertex   -1.880000e+02 -8.704939e+01 1.039780e+02
      vertex   -1.880000e+02 -8.651075e+01 1.084866e+02
    endloop
  endfacet
  facet normal 1.000000e+00 0.000000e+00 0.000000e+00
    outer loop
      vertex   -1.880000e+02 -8.651075e+01 1.084866e+02
      vertex   -1.880000e+02 -8.704939e+01 1.039780e+02
      vertex   -1.880000e+02 -8.621527e+01 1.042015e+02
    endloop
  endfacet
  facet normal 1.000000e+00 0.000000e+00 0.000000e+00
    outer loop
      vertex   -1.880000e+02 -8.651075e+01 1.084866e+02
      vertex   -1.880000e+02 -8.621527e+01 1.042015e+02
      vertex   -1.880000e+02 -8.629914e+01 1.083727e+02
    endloop
  endfacet
  facet normal 1.000000e+00 0.000000e+00 0.000000e+00
    outer loop
      vertex   -1.880000e+02 -8.629914e+01 1.083727e+02
      vertex   -1.880000e+02 -8.621527e+01 1.042015e+02
      vertex   -1.880000e+02 -8.606648e+01 1.083126e+02
    endloop
  endfacet
  facet normal 1.000000e+00 -1.182319e-13 4.278999e-15
    outer loop
      vertex   -1.880000e+02 -8.606648e+01 1.083126e+02
      vertex   -1.880000e+02 -8.621527e+01 1.042015e+02
      vertex   -1.880000e+02 -8.582620e+01 1.083098e+02
    endloop
  endfacet
  facet normal 1.000000e+00 1.112413e-15 -7.023499e-15
    outer loop
      vertex   -1.880000e+02 -8.582620e+01 1.083098e+02
      vertex   -1.880000e+02 -8.621527e+01 1.042015e+02
      vertex   -1.880000e+02 -8.536236e+01 1.043366e+02
    endloop
  endfacet
  facet normal 1.000000e+00 6.440046e-14 3.648433e-16
    outer loop
      vertex   -1.880000e+02 -8.582620e+01 1.083098e+02
      vertex   -1.880000e+02 -8.536236e+01 1.043366e+02
      vertex   -1.880000e+02 -8.538510e+01 1.083497e+02
    endloop
  endfacet
  facet normal 1.000000e+00 -0.000000e+00 0.000000e+00
    outer loop
      vertex   -1.880000e+02 -8.538510e+01 1.083497e+02
      vertex   -1.880000e+02 -8.536236e+01 1.043366e+02
      vertex   -1.880000e+02 -8.494284e+01 1.083737e+02
    endloop
  endfacet
  facet normal 1.000000e+00 0.000000e+00 0.000000e+00
    outer loop
      vertex   -1.880000e+02 -8.494284e+01 1.083737e+02
      vertex   -1.880000e+02 -8.536236e+01 1.043366e+02
      vertex   -1.880000e+02 -8.450000e+01 1.043817e+02
    endloop
  endfacet
  facet normal 1.000000e+00 -0.000000e+00 0.000000e+00
    outer loop
      vertex   -1.880000e+02 -8.494284e+01 1.083737e+02
      vertex   -1.880000e+02 -8.450000e+01 1.043817e+02
      vertex   -1.880000e+02 -8.450000e+01 1.083817e+02
    endloop
  endfacet
  facet normal 1.000000e+00 0.000000e+00 0.000000e+00
    outer loop
      vertex   -1.880000e+02 -8.690391e+01 1.287143e+02
      vertex   -1.880000e+02 -8.693443e+01 1.289527e+02
      vertex   -1.880000e+02 -8.850000e+01 1.241995e+02
    endloop
  endfacet
  facet normal 1.000000e+00 0.000000e+00 0.000000e+00
    outer loop
      vertex   -1.880000e+02 -8.850000e+01 1.241995e+02
      vertex   -1.880000e+02 -8.693443e+01 1.289527e+02
      vertex   -1.880000e+02 -8.785558e+01 1.345950e+02
    endloop
  endfacet
  facet normal 1.000000e+00 0.000000e+00 -0.000000e+00
    outer loop
      vertex   -1.880000e+02 -8.850000e+01 1.241995e+02
      vertex   -1.880000e+02 -8.785558e+01 1.345950e+02
      vertex   -1.880000e+02 -8.862500e+01 1.349870e+02
    endloop
  endfacet
  facet normal 1.000000e+00 0.000000e+00 -0.000000e+00
    outer loop
      vertex   -1.880000e+02 -8.693443e+01 1.289527e+02
      vertex   -1.880000e+02 -8.690721e+01 1.291915e+02
      vertex   -1.880000e+02 -8.785558e+01 1.345950e+02
    endloop
  endfacet
  facet normal 1.000000e+00 0.000000e+00 0.000000e+00
    outer loop
      vertex   -1.880000e+02 -8.785558e+01 1.345950e+02
      vertex   -1.880000e+02 -8.690721e+01 1.291915e+02
      vertex   -1.880000e+02 -8.704939e+01 1.342855e+02
    endloop
  endfacet
  facet normal 1.000000e+00 0.000000e+00 0.000000e+00
    outer loop
      vertex   -1.880000e+02 -8.704939e+01 1.342855e+02
      vertex   -1.880000e+02 -8.690721e+01 1.291915e+02
      vertex   -1.880000e+02 -8.682382e+01 1.294168e+02
    endloop
  endfacet
  facet normal 1.000000e+00 0.000000e+00 0.000000e+00
    outer loop
      vertex   -1.880000e+02 -8.704939e+01 1.342855e+02
      vertex   -1.880000e+02 -8.682382e+01 1.294168e+02
      vertex   -1.880000e+02 -8.668907e+01 1.296158e+02
    endloop
  endfacet
  facet normal 1.000000e+00 0.000000e+00 -0.000000e+00
    outer loop
      vertex   -1.880000e+02 -8.668907e+01 1.296158e+02
      vertex   -1.880000e+02 -8.651075e+01 1.297769e+02
      vertex   -1.880000e+02 -8.704939e+01 1.342855e+02
    endloop
  endfacet
  facet normal 1.000000e+00 0.000000e+00 0.000000e+00
    outer loop
      vertex   -1.880000e+02 -8.704939e+01 1.342855e+02
      vertex   -1.880000e+02 -8.651075e+01 1.297769e+02
      vertex   -1.880000e+02 -8.621527e+01 1.340620e+02
    endloop
  endfacet
  facet normal 1.000000e+00 0.000000e+00 0.000000e+00
    outer loop
      vertex   -1.880000e+02 -8.621527e+01 1.340620e+02
      vertex   -1.880000e+02 -8.651075e+01 1.297769e+02
      vertex   -1.880000e+02 -8.629914e+01 1.298908e+02
    endloop
  endfacet
  facet normal 1.000000e+00 0.000000e+00 0.000000e+00
    outer loop
      vertex   -1.880000e+02 -8.621527e+01 1.340620e+02
      vertex   -1.880000e+02 -8.629914e+01 1.298908e+02
      vertex   -1.880000e+02 -8.606648e+01 1.299509e+02
    endloop
  endfacet
  facet normal 1.000000e+00 -1.182319e-13 -4.278999e-15
    outer loop
      vertex   -1.880000e+02 -8.606648e+01 1.299509e+02
      vertex   -1.880000e+02 -8.582620e+01 1.299537e+02
      vertex   -1.880000e+02 -8.621527e+01 1.340620e+02
    endloop
  endfacet
  facet normal 1.000000e+00 1.112413e-15 7.023499e-15
    outer loop
      vertex   -1.880000e+02 -8.621527e+01 1.340620e+02
      vertex   -1.880000e+02 -8.582620e+01 1.299537e+02
      vertex   -1.880000e+02 -8.536236e+01 1.339269e+02
    endloop
  endfacet
  facet normal 1.000000e+00 6.440046e-14 -3.648433e-16
    outer loop
      vertex   -1.880000e+02 -8.536236e+01 1.339269e+02
      vertex   -1.880000e+02 -8.582620e+01 1.299537e+02
      vertex   -1.880000e+02 -8.538510e+01 1.299138e+02
    endloop
  endfacet
  facet normal 1.000000e+00 0.000000e+00 0.000000e+00
    outer loop
      vertex   -1.880000e+02 -8.536236e+01 1.339269e+02
      vertex   -1.880000e+02 -8.538510e+01 1.299138e+02
      vertex   -1.880000e+02 -8.494284e+01 1.298898e+02
    endloop
  endfacet
  facet normal 1.000000e+00 0.000000e+00 -0.000000e+00
    outer loop
      vertex   -1.880000e+02 -8.450000e+01 1.298817e+02
      vertex   -1.880000e+02 -8.450000e+01 1.338817e+02
      vertex   -1.880000e+02 -8.494284e+01 1.298898e+02
    endloop
  endfacet
  facet normal 1.000000e+00 0.000000e+00 -0.000000e+00
    outer loop
      vertex   -1.880000e+02 -8.494284e+01 1.298898e+02
      vertex   -1.880000e+02 -8.450000e+01 1.338817e+02
      vertex   -1.880000e+02 -8.536236e+01 1.339269e+02
    endloop
  endfacet
  facet normal 1.000000e+00 0.000000e+00 0.000000e+00
    outer loop
      vertex   -1.880000e+02 -8.862500e+01 1.349870e+02
      vertex   -1.880000e+02 -8.934923e+01 1.354574e+02
      vertex   -1.880000e+02 -8.850000e+01 1.241995e+02
    endloop
  endfacet
  facet normal 1.000000e+00 0.000000e+00 0.000000e+00
    outer loop
      vertex   -1.880000e+02 -8.850000e+01 1.241995e+02
      vertex   -1.880000e+02 -8.934923e+01 1.354574e+02
      vertex   -1.880000e+02 -9.002033e+01 1.360008e+02
    endloop
  endfacet
  facet normal 1.000000e+00 0.000000e+00 0.000000e+00
    outer loop
      vertex   -1.880000e+02 -8.850000e+01 1.241995e+02
      vertex   -1.880000e+02 -9.002033e+01 1.360008e+02
      vertex   -1.880000e+02 -9.063094e+01 1.366114e+02
    endloop
  endfacet
  facet normal 1.000000e+00 0.000000e+00 0.000000e+00
    outer loop
      vertex   -1.880000e+02 -9.063094e+01 1.366114e+02
      vertex   -1.880000e+02 -9.117439e+01 1.372825e+02
      vertex   -1.880000e+02 -8.850000e+01 1.241995e+02
    endloop
  endfacet
  facet normal 1.000000e+00 0.000000e+00 0.000000e+00
    outer loop
      vertex   -1.880000e+02 -8.850000e+01 1.241995e+02
      vertex   -1.880000e+02 -9.117439e+01 1.372825e+02
      vertex   -1.880000e+02 -9.378771e+01 1.341442e+02
    endloop
  endfacet
  facet normal 1.000000e+00 0.000000e+00 0.000000e+00
    outer loop
      vertex   -1.880000e+02 -9.378771e+01 1.341442e+02
      vertex   -1.880000e+02 -9.117439e+01 1.372825e+02
      vertex   -1.880000e+02 -9.164471e+01 1.380067e+02
    endloop
  endfacet
  facet normal 1.000000e+00 0.000000e+00 0.000000e+00
    outer loop
      vertex   -1.880000e+02 -9.378771e+01 1.341442e+02
      vertex   -1.880000e+02 -9.164471e+01 1.380067e+02
      vertex   -1.880000e+02 -9.203675e+01 1.387762e+02
    endloop
  endfacet
  facet normal 1.000000e+00 0.000000e+00 0.000000e+00
    outer loop
      vertex   -1.880000e+02 -9.203675e+01 1.387762e+02
      vertex   -1.880000e+02 -9.234622e+01 1.395824e+02
      vertex   -1.880000e+02 -9.378771e+01 1.341442e+02
    endloop
  endfacet
  facet normal 1.000000e+00 0.000000e+00 0.000000e+00
    outer loop
      vertex   -1.880000e+02 -9.378771e+01 1.341442e+02
      vertex   -1.880000e+02 -9.234622e+01 1.395824e+02
      vertex   -1.880000e+02 -9.256972e+01 1.404165e+02
    endloop
  endfacet
  facet normal 1.000000e+00 0.000000e+00 0.000000e+00
    outer loop
      vertex   -1.880000e+02 -9.378771e+01 1.341442e+02
      vertex   -1.880000e+02 -9.256972e+01 1.404165e+02
      vertex   -1.880000e+02 -9.270481e+01 1.412694e+02
    endloop
  endfacet
  facet normal 1.000000e+00 0.000000e+00 0.000000e+00
    outer loop
      vertex   -1.880000e+02 -9.270481e+01 1.412694e+02
      vertex   -1.880000e+02 -9.275000e+01 1.421317e+02
      vertex   -1.880000e+02 -9.378771e+01 1.341442e+02
    endloop
  endfacet
  facet normal 1.000000e+00 0.000000e+00 -0.000000e+00
    outer loop
      vertex   -1.880000e+02 -9.378771e+01 1.341442e+02
      vertex   -1.880000e+02 -9.275000e+01 1.421317e+02
      vertex   -1.880000e+02 -9.442860e+01 1.349564e+02
    endloop
  endfacet
  facet normal 1.000000e+00 0.000000e+00 0.000000e+00
    outer loop
      vertex   -1.880000e+02 -9.442860e+01 1.349564e+02
      vertex   -1.880000e+02 -9.275000e+01 1.421317e+02
      vertex   -1.880000e+02 -9.431491e+01 1.494618e+02
    endloop
  endfacet
  facet normal 1.000000e+00 0.000000e+00 -0.000000e+00
    outer loop
      vertex   -1.880000e+02 -9.442860e+01 1.349564e+02
      vertex   -1.880000e+02 -9.431491e+01 1.494618e+02
      vertex   -1.880000e+02 -9.489844e+01 1.486075e+02
    endloop
  endfacet
  facet normal 1.000000e+00 -0.000000e+00 0.000000e+00
    outer loop
      vertex   -1.880000e+02 -9.431491e+01 1.494618e+02
      vertex   -1.880000e+02 -9.275000e+01 1.421317e+02
      vertex   -1.880000e+02 -9.366137e+01 1.502639e+02
    endloop
  endfacet
  facet normal 1.000000e+00 0.000000e+00 0.000000e+00
    outer loop
      vertex   -1.880000e+02 -9.366137e+01 1.502639e+02
      vertex   -1.880000e+02 -9.275000e+01 1.421317e+02
      vertex   -1.880000e+02 -9.270481e+01 1.429941e+02
    endloop
  endfacet
  facet normal 1.000000e+00 0.000000e+00 0.000000e+00
    outer loop
      vertex   -1.880000e+02 -9.366137e+01 1.502639e+02
      vertex   -1.880000e+02 -9.270481e+01 1.429941e+02
      vertex   -1.880000e+02 -9.256972e+01 1.438470e+02
    endloop
  endfacet
  facet normal 1.000000e+00 -0.000000e+00 0.000000e+00
    outer loop
      vertex   -1.880000e+02 -9.366137e+01 1.502639e+02
      vertex   -1.880000e+02 -9.256972e+01 1.438470e+02
      vertex   -1.880000e+02 -9.294247e+01 1.510080e+02
    endloop
  endfacet
  facet normal 1.000000e+00 0.000000e+00 0.000000e+00
    outer loop
      vertex   -1.880000e+02 -9.294247e+01 1.510080e+02
      vertex   -1.880000e+02 -9.256972e+01 1.438470e+02
      vertex   -1.880000e+02 -9.234622e+01 1.446811e+02
    endloop
  endfacet
  facet normal 1.000000e+00 -0.000000e+00 0.000000e+00
    outer loop
      vertex   -1.880000e+02 -9.294247e+01 1.510080e+02
      vertex   -1.880000e+02 -9.234622e+01 1.446811e+02
      vertex   -1.880000e+02 -9.216335e+01 1.516887e+02
    endloop
  endfacet
  facet normal 1.000000e+00 0.000000e+00 0.000000e+00
    outer loop
      vertex   -1.880000e+02 -9.216335e+01 1.516887e+02
      vertex   -1.880000e+02 -9.234622e+01 1.446811e+02
      vertex   -1.880000e+02 -9.203675e+01 1.454873e+02
    endloop
  endfacet
  facet normal 1.000000e+00 0.000000e+00 0.000000e+00
    outer loop
      vertex   -1.880000e+02 -9.216335e+01 1.516887e+02
      vertex   -1.880000e+02 -9.203675e+01 1.454873e+02
      vertex   -1.880000e+02 -9.164471e+01 1.462567e+02
    endloop
  endfacet
  facet normal 1.000000e+00 -0.000000e+00 0.000000e+00
    outer loop
      vertex   -1.880000e+02 -9.216335e+01 1.516887e+02
      vertex   -1.880000e+02 -9.164471e+01 1.462567e+02
      vertex   -1.880000e+02 -9.132956e+01 1.523013e+02
    endloop
  endfacet
  facet normal 1.000000e+00 0.000000e+00 0.000000e+00
    outer loop
      vertex   -1.880000e+02 -9.132956e+01 1.523013e+02
      vertex   -1.880000e+02 -9.164471e+01 1.462567e+02
      vertex   -1.880000e+02 -9.117439e+01 1.469810e+02
    endloop
  endfacet
  facet normal 1.000000e+00 0.000000e+00 0.000000e+00
    outer loop
      vertex   -1.880000e+02 -9.132956e+01 1.523013e+02
      vertex   -1.880000e+02 -9.117439e+01 1.469810e+02
      vertex   -1.880000e+02 -9.063094e+01 1.476521e+02
    endloop
  endfacet
  facet normal 1.000000e+00 -0.000000e+00 0.000000e+00
    outer loop
      vertex   -1.880000e+02 -9.132956e+01 1.523013e+02
      vertex   -1.880000e+02 -9.063094e+01 1.476521e+02
      vertex   -1.880000e+02 -9.044706e+01 1.528413e+02
    endloop
  endfacet
  facet normal 1.000000e+00 0.000000e+00 0.000000e+00
    outer loop
      vertex   -1.880000e+02 -9.044706e+01 1.528413e+02
      vertex   -1.880000e+02 -9.063094e+01 1.476521e+02
      vertex   -1.880000e+02 -9.002033e+01 1.482627e+02
    endloop
  endfacet
  facet normal 1.000000e+00 -0.000000e+00 0.000000e+00
    outer loop
      vertex   -1.880000e+02 -9.044706e+01 1.528413e+02
      vertex   -1.880000e+02 -9.002033e+01 1.482627e+02
      vertex   -1.880000e+02 -8.952213e+01 1.533050e+02
    endloop
  endfacet
  facet normal 1.000000e+00 0.000000e+00 0.000000e+00
    outer loop
      vertex   -1.880000e+02 -8.952213e+01 1.533050e+02
      vertex   -1.880000e+02 -9.002033e+01 1.482627e+02
      vertex   -1.880000e+02 -8.934923e+01 1.488061e+02
    endloop
  endfacet
  facet normal 1.000000e+00 0.000000e+00 0.000000e+00
    outer loop
      vertex   -1.880000e+02 -8.952213e+01 1.533050e+02
      vertex   -1.880000e+02 -8.934923e+01 1.488061e+02
      vertex   -1.880000e+02 -8.862500e+01 1.492765e+02
    endloop
  endfacet
  facet normal 1.000000e+00 -0.000000e+00 0.000000e+00
    outer loop
      vertex   -1.880000e+02 -8.952213e+01 1.533050e+02
      vertex   -1.880000e+02 -8.862500e+01 1.492765e+02
      vertex   -1.880000e+02 -8.856138e+01 1.536889e+02
    endloop
  endfacet
  facet normal 1.000000e+00 0.000000e+00 0.000000e+00
    outer loop
      vertex   -1.880000e+02 -8.856138e+01 1.536889e+02
      vertex   -1.880000e+02 -8.862500e+01 1.492765e+02
      vertex   -1.880000e+02 -8.785558e+01 1.496685e+02
    endloop
  endfacet
  facet normal 1.000000e+00 -0.000000e+00 0.000000e+00
    outer loop
      vertex   -1.880000e+02 -8.856138e+01 1.536889e+02
      vertex   -1.880000e+02 -8.785558e+01 1.496685e+02
      vertex   -1.880000e+02 -8.757166e+01 1.539904e+02
    endloop
  endfacet
  facet normal 1.000000e+00 0.000000e+00 0.000000e+00
    outer loop
      vertex   -1.880000e+02 -8.757166e+01 1.539904e+02
      vertex   -1.880000e+02 -8.785558e+01 1.496685e+02
      vertex   -1.880000e+02 -8.704939e+01 1.499780e+02
    endloop
  endfacet
  facet normal 1.000000e+00 -0.000000e+00 0.000000e+00
    outer loop
      vertex   -1.880000e+02 -8.757166e+01 1.539904e+02
      vertex   -1.880000e+02 -8.704939e+01 1.499780e+02
      vertex   -1.880000e+02 -8.656003e+01 1.542073e+02
    endloop
  endfacet
  facet normal 1.000000e+00 0.000000e+00 0.000000e+00
    outer loop
      vertex   -1.880000e+02 -8.656003e+01 1.542073e+02
      vertex   -1.880000e+02 -8.704939e+01 1.499780e+02
      vertex   -1.880000e+02 -8.621527e+01 1.502015e+02
    endloop
  endfacet
  facet normal 1.000000e+00 -0.000000e+00 0.000000e+00
    outer loop
      vertex   -1.880000e+02 -8.656003e+01 1.542073e+02
      vertex   -1.880000e+02 -8.621527e+01 1.502015e+02
      vertex   -1.880000e+02 -8.553370e+01 1.543381e+02
    endloop
  endfacet
  facet normal 1.000000e+00 0.000000e+00 0.000000e+00
    outer loop
      vertex   -1.880000e+02 -8.553370e+01 1.543381e+02
      vertex   -1.880000e+02 -8.621527e+01 1.502015e+02
      vertex   -1.880000e+02 -8.536236e+01 1.503366e+02
    endloop
  endfacet
  facet normal 1.000000e+00 -0.000000e+00 0.000000e+00
    outer loop
      vertex   -1.880000e+02 -8.553370e+01 1.543381e+02
      vertex   -1.880000e+02 -8.536236e+01 1.503366e+02
      vertex   -1.880000e+02 -8.450000e+01 1.543817e+02
    endloop
  endfacet
  facet normal 1.000000e+00 0.000000e+00 0.000000e+00
    outer loop
      vertex   -1.880000e+02 -8.450000e+01 1.543817e+02
      vertex   -1.880000e+02 -8.536236e+01 1.503366e+02
      vertex   -1.880000e+02 -8.450000e+01 1.503817e+02
    endloop
  endfacet
  facet normal 1.000000e+00 0.000000e+00 0.000000e+00
    outer loop
      vertex   -1.880000e+02 -9.442860e+01 1.349564e+02
      vertex   -1.880000e+02 -9.489844e+01 1.486075e+02
      vertex   -1.880000e+02 -9.499867e+01 1.358198e+02
    endloop
  endfacet
  facet normal 1.000000e+00 0.000000e+00 -0.000000e+00
    outer loop
      vertex   -1.880000e+02 -9.499867e+01 1.358198e+02
      vertex   -1.880000e+02 -9.489844e+01 1.486075e+02
      vertex   -1.880000e+02 -9.540780e+01 1.477069e+02
    endloop
  endfacet
  facet normal 1.000000e+00 0.000000e+00 0.000000e+00
    outer loop
      vertex   -1.880000e+02 -9.499867e+01 1.358198e+02
      vertex   -1.880000e+02 -9.540780e+01 1.477069e+02
      vertex   -1.880000e+02 -9.549385e+01 1.367283e+02
    endloop
  endfacet
  facet normal 1.000000e+00 0.000000e+00 -0.000000e+00
    outer loop
      vertex   -1.880000e+02 -9.549385e+01 1.367283e+02
      vertex   -1.880000e+02 -9.540780e+01 1.477069e+02
      vertex   -1.880000e+02 -9.583935e+01 1.467666e+02
    endloop
  endfacet
  facet normal 1.000000e+00 0.000000e+00 0.000000e+00
    outer loop
      vertex   -1.880000e+02 -9.549385e+01 1.367283e+02
      vertex   -1.880000e+02 -9.583935e+01 1.467666e+02
      vertex   -1.880000e+02 -9.591061e+01 1.376752e+02
    endloop
  endfacet
  facet normal 1.000000e+00 0.000000e+00 -0.000000e+00
    outer loop
      vertex   -1.880000e+02 -9.591061e+01 1.376752e+02
      vertex   -1.880000e+02 -9.583935e+01 1.467666e+02
      vertex   -1.880000e+02 -9.619001e+01 1.457932e+02
    endloop
  endfacet
  facet normal 1.000000e+00 0.000000e+00 0.000000e+00
    outer loop
      vertex   -1.880000e+02 -9.591061e+01 1.376752e+02
      vertex   -1.880000e+02 -9.619001e+01 1.457932e+02
      vertex   -1.880000e+02 -9.624597e+01 1.386540e+02
    endloop
  endfacet
  facet normal 1.000000e+00 0.000000e+00 -0.000000e+00
    outer loop
      vertex   -1.880000e+02 -9.624597e+01 1.386540e+02
      vertex   -1.880000e+02 -9.619001e+01 1.457932e+02
      vertex   -1.880000e+02 -9.645728e+01 1.447937e+02
    endloop
  endfacet
  facet normal 1.000000e+00 0.000000e+00 0.000000e+00
    outer loop
      vertex   -1.880000e+02 -9.624597e+01 1.386540e+02
      vertex   -1.880000e+02 -9.645728e+01 1.447937e+02
      vertex   -1.880000e+02 -9.649754e+01 1.396576e+02
    endloop
  endfacet
  facet normal 1.000000e+00 0.000000e+00 -0.000000e+00
    outer loop
      vertex   -1.880000e+02 -9.649754e+01 1.396576e+02
      vertex   -1.880000e+02 -9.645728e+01 1.447937e+02
      vertex   -1.880000e+02 -9.663926e+01 1.437752e+02
    endloop
  endfacet
  facet normal 1.000000e+00 0.000000e+00 0.000000e+00
    outer loop
      vertex   -1.880000e+02 -9.649754e+01 1.396576e+02
      vertex   -1.880000e+02 -9.663926e+01 1.437752e+02
      vertex   -1.880000e+02 -9.666353e+01 1.406788e+02
    endloop
  endfacet
  facet normal 1.000000e+00 0.000000e+00 -0.000000e+00
    outer loop
      vertex   -1.880000e+02 -9.666353e+01 1.406788e+02
      vertex   -1.880000e+02 -9.663926e+01 1.437752e+02
      vertex   -1.880000e+02 -9.673464e+01 1.427450e+02
    endloop
  endfacet
  facet normal 1.000000e+00 0.000000e+00 0.000000e+00
    outer loop
      vertex   -1.880000e+02 -9.666353e+01 1.406788e+02
      vertex   -1.880000e+02 -9.673464e+01 1.427450e+02
      vertex   -1.880000e+02 -9.674275e+01 1.417104e+02
    endloop
  endfacet
  facet normal 1.000000e+00 -0.000000e+00 0.000000e+00
    outer loop
      vertex   -1.880000e+02 -9.378771e+01 1.041193e+02
      vertex   -1.880000e+02 -9.117439e+01 1.009810e+02
      vertex   -1.880000e+02 -8.850000e+01 1.140640e+02
    endloop
  endfacet
  facet normal 1.000000e+00 0.000000e+00 0.000000e+00
    outer loop
      vertex   -1.880000e+02 -8.850000e+01 1.140640e+02
      vertex   -1.880000e+02 -9.117439e+01 1.009810e+02
      vertex   -1.880000e+02 -9.063094e+01 1.016521e+02
    endloop
  endfacet
  facet normal 1.000000e+00 0.000000e+00 0.000000e+00
    outer loop
      vertex   -1.880000e+02 -8.850000e+01 1.140640e+02
      vertex   -1.880000e+02 -9.063094e+01 1.016521e+02
      vertex   -1.880000e+02 -9.002033e+01 1.022627e+02
    endloop
  endfacet
  facet normal 1.000000e+00 -0.000000e+00 0.000000e+00
    outer loop
      vertex   -1.880000e+02 -9.442860e+01 1.033071e+02
      vertex   -1.880000e+02 -9.275000e+01 9.613175e+01
      vertex   -1.880000e+02 -9.378771e+01 1.041193e+02
    endloop
  endfacet
  facet normal 1.000000e+00 0.000000e+00 0.000000e+00
    outer loop
      vertex   -1.880000e+02 -9.378771e+01 1.041193e+02
      vertex   -1.880000e+02 -9.275000e+01 9.613175e+01
      vertex   -1.880000e+02 -9.270481e+01 9.699411e+01
    endloop
  endfacet
  facet normal 1.000000e+00 0.000000e+00 0.000000e+00
    outer loop
      vertex   -1.880000e+02 -9.378771e+01 1.041193e+02
      vertex   -1.880000e+02 -9.270481e+01 9.699411e+01
      vertex   -1.880000e+02 -9.256972e+01 9.784702e+01
    endloop
  endfacet
  facet normal 1.000000e+00 -0.000000e+00 0.000000e+00
    outer loop
      vertex   -1.880000e+02 -9.499867e+01 1.024437e+02
      vertex   -1.880000e+02 -9.489844e+01 8.965604e+01
      vertex   -1.880000e+02 -9.442860e+01 1.033071e+02
    endloop
  endfacet
  facet normal 1.000000e+00 0.000000e+00 0.000000e+00
    outer loop
      vertex   -1.880000e+02 -9.442860e+01 1.033071e+02
      vertex   -1.880000e+02 -9.489844e+01 8.965604e+01
      vertex   -1.880000e+02 -9.431491e+01 8.880167e+01
    endloop
  endfacet
  facet normal 1.000000e+00 0.000000e+00 0.000000e+00
    outer loop
      vertex   -1.880000e+02 -9.442860e+01 1.033071e+02
      vertex   -1.880000e+02 -9.431491e+01 8.880167e+01
      vertex   -1.880000e+02 -9.275000e+01 9.613175e+01
    endloop
  endfacet
  facet normal 1.000000e+00 0.000000e+00 0.000000e+00
    outer loop
      vertex   -1.880000e+02 -9.275000e+01 9.613175e+01
      vertex   -1.880000e+02 -9.431491e+01 8.880167e+01
      vertex   -1.880000e+02 -9.366137e+01 8.799960e+01
    endloop
  endfacet
  facet normal 1.000000e+00 0.000000e+00 0.000000e+00
    outer loop
      vertex   -1.880000e+02 -9.275000e+01 9.613175e+01
      vertex   -1.880000e+02 -9.366137e+01 8.799960e+01
      vertex   -1.880000e+02 -9.270481e+01 9.526939e+01
    endloop
  endfacet
  facet normal 1.000000e+00 0.000000e+00 0.000000e+00
    outer loop
      vertex   -1.880000e+02 -9.270481e+01 9.526939e+01
      vertex   -1.880000e+02 -9.366137e+01 8.799960e+01
      vertex   -1.880000e+02 -9.256972e+01 9.441648e+01
    endloop
  endfacet
  facet normal 1.000000e+00 0.000000e+00 0.000000e+00
    outer loop
      vertex   -1.880000e+02 -9.256972e+01 9.441648e+01
      vertex   -1.880000e+02 -9.366137e+01 8.799960e+01
      vertex   -1.880000e+02 -9.294247e+01 8.725553e+01
    endloop
  endfacet
  facet normal 1.000000e+00 0.000000e+00 0.000000e+00
    outer loop
      vertex   -1.880000e+02 -9.256972e+01 9.441648e+01
      vertex   -1.880000e+02 -9.294247e+01 8.725553e+01
      vertex   -1.880000e+02 -9.234622e+01 9.358236e+01
    endloop
  endfacet
  facet normal 1.000000e+00 0.000000e+00 0.000000e+00
    outer loop
      vertex   -1.880000e+02 -9.234622e+01 9.358236e+01
      vertex   -1.880000e+02 -9.294247e+01 8.725553e+01
      vertex   -1.880000e+02 -9.216335e+01 8.657478e+01
    endloop
  endfacet
  facet normal 1.000000e+00 0.000000e+00 0.000000e+00
    outer loop
      vertex   -1.880000e+02 -9.234622e+01 9.358236e+01
      vertex   -1.880000e+02 -9.216335e+01 8.657478e+01
      vertex   -1.880000e+02 -9.203675e+01 9.277617e+01
    endloop
  endfacet
  facet normal 1.000000e+00 0.000000e+00 0.000000e+00
    outer loop
      vertex   -1.880000e+02 -9.203675e+01 9.277617e+01
      vertex   -1.880000e+02 -9.216335e+01 8.657478e+01
      vertex   -1.880000e+02 -9.164471e+01 9.200675e+01
    endloop
  endfacet
  facet normal 1.000000e+00 0.000000e+00 0.000000e+00
    outer loop
      vertex   -1.880000e+02 -9.164471e+01 9.200675e+01
      vertex   -1.880000e+02 -9.216335e+01 8.657478e+01
      vertex   -1.880000e+02 -9.132956e+01 8.596221e+01
    endloop
  endfacet
  facet normal 1.000000e+00 0.000000e+00 0.000000e+00
    outer loop
      vertex   -1.880000e+02 -9.164471e+01 9.200675e+01
      vertex   -1.880000e+02 -9.132956e+01 8.596221e+01
      vertex   -1.880000e+02 -9.117439e+01 9.128252e+01
    endloop
  endfacet
  facet normal 1.000000e+00 0.000000e+00 0.000000e+00
    outer loop
      vertex   -1.880000e+02 -9.117439e+01 9.128252e+01
      vertex   -1.880000e+02 -9.132956e+01 8.596221e+01
      vertex   -1.880000e+02 -9.063094e+01 9.061142e+01
    endloop
  endfacet
  facet normal 1.000000e+00 0.000000e+00 0.000000e+00
    outer loop
      vertex   -1.880000e+02 -9.063094e+01 9.061142e+01
      vertex   -1.880000e+02 -9.132956e+01 8.596221e+01
      vertex   -1.880000e+02 -9.044706e+01 8.542218e+01
    endloop
  endfacet
  facet normal 1.000000e+00 0.000000e+00 0.000000e+00
    outer loop
      vertex   -1.880000e+02 -9.063094e+01 9.061142e+01
      vertex   -1.880000e+02 -9.044706e+01 8.542218e+01
      vertex   -1.880000e+02 -9.002033e+01 9.000081e+01
    endloop
  endfacet
  facet normal 1.000000e+00 0.000000e+00 0.000000e+00
    outer loop
      vertex   -1.880000e+02 -9.002033e+01 9.000081e+01
      vertex   -1.880000e+02 -9.044706e+01 8.542218e+01
      vertex   -1.880000e+02 -8.952213e+01 8.495854e+01
    endloop
  endfacet
  facet normal 1.000000e+00 0.000000e+00 0.000000e+00
    outer loop
      vertex   -1.880000e+02 -9.002033e+01 9.000081e+01
      vertex   -1.880000e+02 -8.952213e+01 8.495854e+01
      vertex   -1.880000e+02 -8.934923e+01 8.945736e+01
    endloop
  endfacet
  facet normal 1.000000e+00 0.000000e+00 0.000000e+00
    outer loop
      vertex   -1.880000e+02 -8.934923e+01 8.945736e+01
      vertex   -1.880000e+02 -8.952213e+01 8.495854e+01
      vertex   -1.880000e+02 -8.862500e+01 8.898704e+01
    endloop
  endfacet
  facet normal 1.000000e+00 0.000000e+00 0.000000e+00
    outer loop
      vertex   -1.880000e+02 -8.862500e+01 8.898704e+01
      vertex   -1.880000e+02 -8.952213e+01 8.495854e+01
      vertex   -1.880000e+02 -8.856138e+01 8.457460e+01
    endloop
  endfacet
  facet normal 1.000000e+00 0.000000e+00 0.000000e+00
    outer loop
      vertex   -1.880000e+02 -8.862500e+01 8.898704e+01
      vertex   -1.880000e+02 -8.856138e+01 8.457460e+01
      vertex   -1.880000e+02 -8.785558e+01 8.859500e+01
    endloop
  endfacet
  facet normal 1.000000e+00 0.000000e+00 0.000000e+00
    outer loop
      vertex   -1.880000e+02 -8.785558e+01 8.859500e+01
      vertex   -1.880000e+02 -8.856138e+01 8.457460e+01
      vertex   -1.880000e+02 -8.757166e+01 8.427311e+01
    endloop
  endfacet
  facet normal 1.000000e+00 0.000000e+00 0.000000e+00
    outer loop
      vertex   -1.880000e+02 -8.785558e+01 8.859500e+01
      vertex   -1.880000e+02 -8.757166e+01 8.427311e+01
      vertex   -1.880000e+02 -8.704939e+01 8.828553e+01
    endloop
  endfacet
  facet normal 1.000000e+00 0.000000e+00 0.000000e+00
    outer loop
      vertex   -1.880000e+02 -8.704939e+01 8.828553e+01
      vertex   -1.880000e+02 -8.757166e+01 8.427311e+01
      vertex   -1.880000e+02 -8.656003e+01 8.405621e+01
    endloop
  endfacet
  facet normal 1.000000e+00 0.000000e+00 0.000000e+00
    outer loop
      vertex   -1.880000e+02 -8.704939e+01 8.828553e+01
      vertex   -1.880000e+02 -8.656003e+01 8.405621e+01
      vertex   -1.880000e+02 -8.621527e+01 8.806203e+01
    endloop
  endfacet
  facet normal 1.000000e+00 0.000000e+00 0.000000e+00
    outer loop
      vertex   -1.880000e+02 -8.621527e+01 8.806203e+01
      vertex   -1.880000e+02 -8.656003e+01 8.405621e+01
      vertex   -1.880000e+02 -8.553370e+01 8.392544e+01
    endloop
  endfacet
  facet normal 1.000000e+00 0.000000e+00 0.000000e+00
    outer loop
      vertex   -1.880000e+02 -8.621527e+01 8.806203e+01
      vertex   -1.880000e+02 -8.553370e+01 8.392544e+01
      vertex   -1.880000e+02 -8.536236e+01 8.792694e+01
    endloop
  endfacet
  facet normal 1.000000e+00 0.000000e+00 0.000000e+00
    outer loop
      vertex   -1.880000e+02 -8.536236e+01 8.792694e+01
      vertex   -1.880000e+02 -8.553370e+01 8.392544e+01
      vertex   -1.880000e+02 -8.450000e+01 8.388175e+01
    endloop
  endfacet
  facet normal 1.000000e+00 0.000000e+00 0.000000e+00
    outer loop
      vertex   -1.880000e+02 -8.536236e+01 8.792694e+01
      vertex   -1.880000e+02 -8.450000e+01 8.388175e+01
      vertex   -1.880000e+02 -8.450000e+01 8.788175e+01
    endloop
  endfacet
  facet normal 1.000000e+00 0.000000e+00 0.000000e+00
    outer loop
      vertex   -1.880000e+02 -9.489844e+01 8.965604e+01
      vertex   -1.880000e+02 -9.499867e+01 1.024437e+02
      vertex   -1.880000e+02 -9.540780e+01 9.055659e+01
    endloop
  endfacet
  facet normal 1.000000e+00 0.000000e+00 -0.000000e+00
    outer loop
      vertex   -1.880000e+02 -9.540780e+01 9.055659e+01
      vertex   -1.880000e+02 -9.499867e+01 1.024437e+02
      vertex   -1.880000e+02 -9.549385e+01 1.015352e+02
    endloop
  endfacet
  facet normal 1.000000e+00 0.000000e+00 0.000000e+00
    outer loop
      vertex   -1.880000e+02 -9.540780e+01 9.055659e+01
      vertex   -1.880000e+02 -9.549385e+01 1.015352e+02
      vertex   -1.880000e+02 -9.583935e+01 9.149692e+01
    endloop
  endfacet
  facet normal 1.000000e+00 0.000000e+00 -0.000000e+00
    outer loop
      vertex   -1.880000e+02 -9.583935e+01 9.149692e+01
      vertex   -1.880000e+02 -9.549385e+01 1.015352e+02
      vertex   -1.880000e+02 -9.591061e+01 1.005883e+02
    endloop
  endfacet
  facet normal 1.000000e+00 0.000000e+00 0.000000e+00
    outer loop
      vertex   -1.880000e+02 -9.583935e+01 9.149692e+01
      vertex   -1.880000e+02 -9.591061e+01 1.005883e+02
      vertex   -1.880000e+02 -9.619001e+01 9.247031e+01
    endloop
  endfacet
  facet normal 1.000000e+00 0.000000e+00 -0.000000e+00
    outer loop
      vertex   -1.880000e+02 -9.619001e+01 9.247031e+01
      vertex   -1.880000e+02 -9.591061e+01 1.005883e+02
      vertex   -1.880000e+02 -9.624597e+01 9.960950e+01
    endloop
  endfacet
  facet normal 1.000000e+00 0.000000e+00 0.000000e+00
    outer loop
      vertex   -1.880000e+02 -9.619001e+01 9.247031e+01
      vertex   -1.880000e+02 -9.624597e+01 9.960950e+01
      vertex   -1.880000e+02 -9.645728e+01 9.346982e+01
    endloop
  endfacet
  facet normal 1.000000e+00 0.000000e+00 -0.000000e+00
    outer loop
      vertex   -1.880000e+02 -9.645728e+01 9.346982e+01
      vertex   -1.880000e+02 -9.624597e+01 9.960950e+01
      vertex   -1.880000e+02 -9.649754e+01 9.860593e+01
    endloop
  endfacet
  facet normal 1.000000e+00 0.000000e+00 0.000000e+00
    outer loop
      vertex   -1.880000e+02 -9.645728e+01 9.346982e+01
      vertex   -1.880000e+02 -9.649754e+01 9.860593e+01
      vertex   -1.880000e+02 -9.663926e+01 9.448831e+01
    endloop
  endfacet
  facet normal 1.000000e+00 0.000000e+00 -0.000000e+00
    outer loop
      vertex   -1.880000e+02 -9.663926e+01 9.448831e+01
      vertex   -1.880000e+02 -9.649754e+01 9.860593e+01
      vertex   -1.880000e+02 -9.666353e+01 9.758471e+01
    endloop
  endfacet
  facet normal 1.000000e+00 0.000000e+00 0.000000e+00
    outer loop
      vertex   -1.880000e+02 -9.663926e+01 9.448831e+01
      vertex   -1.880000e+02 -9.666353e+01 9.758471e+01
      vertex   -1.880000e+02 -9.673464e+01 9.551853e+01
    endloop
  endfacet
  facet normal 1.000000e+00 0.000000e+00 -0.000000e+00
    outer loop
      vertex   -1.880000e+02 -9.673464e+01 9.551853e+01
      vertex   -1.880000e+02 -9.666353e+01 9.758471e+01
      vertex   -1.880000e+02 -9.674275e+01 9.655312e+01
    endloop
  endfacet
  facet normal 1.000000e+00 0.000000e+00 -0.000000e+00
    outer loop
      vertex   -1.880000e+02 -9.256972e+01 9.784702e+01
      vertex   -1.880000e+02 -9.234622e+01 9.868114e+01
      vertex   -1.880000e+02 -9.378771e+01 1.041193e+02
    endloop
  endfacet
  facet normal 1.000000e+00 0.000000e+00 0.000000e+00
    outer loop
      vertex   -1.880000e+02 -9.378771e+01 1.041193e+02
      vertex   -1.880000e+02 -9.234622e+01 9.868114e+01
      vertex   -1.880000e+02 -9.203675e+01 9.948733e+01
    endloop
  endfacet
  facet normal 1.000000e+00 0.000000e+00 0.000000e+00
    outer loop
      vertex   -1.880000e+02 -9.378771e+01 1.041193e+02
      vertex   -1.880000e+02 -9.203675e+01 9.948733e+01
      vertex   -1.880000e+02 -9.164471e+01 1.002567e+02
    endloop
  endfacet
  facet normal 1.000000e+00 0.000000e+00 -0.000000e+00
    outer loop
      vertex   -1.880000e+02 -9.164471e+01 1.002567e+02
      vertex   -1.880000e+02 -9.117439e+01 1.009810e+02
      vertex   -1.880000e+02 -9.378771e+01 1.041193e+02
    endloop
  endfacet
  facet normal 1.000000e+00 0.000000e+00 0.000000e+00
    outer loop
      vertex   -1.880000e+02 -9.002033e+01 1.022627e+02
      vertex   -1.880000e+02 -8.934923e+01 1.028061e+02
      vertex   -1.880000e+02 -8.850000e+01 1.140640e+02
    endloop
  endfacet
  facet normal 1.000000e+00 0.000000e+00 0.000000e+00
    outer loop
      vertex   -1.880000e+02 -8.850000e+01 1.140640e+02
      vertex   -1.880000e+02 -8.934923e+01 1.028061e+02
      vertex   -1.880000e+02 -8.862500e+01 1.032765e+02
    endloop
  endfacet
  facet normal 1.000000e+00 0.000000e+00 0.000000e+00
    outer loop
      vertex   -1.880000e+02 -8.850000e+01 1.140640e+02
      vertex   -1.880000e+02 -8.862500e+01 1.032765e+02
      vertex   -1.880000e+02 -8.785558e+01 1.036685e+02
    endloop
  endfacet
  facet normal 1.000000e+00 0.000000e+00 0.000000e+00
    outer loop
      vertex   -1.880000e+02 -8.681741e+01 1.097733e+02
      vertex   -1.880000e+02 -8.461705e+01 1.139116e+02
      vertex   -1.880000e+02 -8.681741e+01 1.284902e+02
    endloop
  endfacet
endsolid
