solid ASCII
  facet normal 0.000000e+00 -9.329588e-01 -3.599832e-01
    outer loop
      vertex   -2.000000e+02 -8.209609e+01 1.095492e+02
      vertex   -1.960000e+02 -8.209609e+01 1.095492e+02
      vertex   -2.000000e+02 -8.218259e+01 1.097733e+02
    endloop
  endfacet
  facet normal 1.219815e-18 -9.329588e-01 -3.599832e-01
    outer loop
      vertex   -2.000000e+02 -8.218259e+01 1.097733e+02
      vertex   -1.960000e+02 -8.209609e+01 1.095492e+02
      vertex   -1.920000e+02 -8.209609e+01 1.095492e+02
    endloop
  endfacet
  facet normal 0.000000e+00 -9.329588e-01 -3.599832e-01
    outer loop
      vertex   -2.000000e+02 -8.218259e+01 1.097733e+02
      vertex   -1.920000e+02 -8.209609e+01 1.095492e+02
      vertex   -1.880000e+02 -8.218259e+01 1.097733e+02
    endloop
  endfacet
  facet normal 1.219815e-18 -9.329588e-01 -3.599832e-01
    outer loop
      vertex   -1.880000e+02 -8.218259e+01 1.097733e+02
      vertex   -1.920000e+02 -8.209609e+01 1.095492e+02
      vertex   -1.880000e+02 -8.209609e+01 1.095492e+02
    endloop
  endfacet
  facet normal -0.000000e+00 -9.919000e-01 -1.270211e-01
    outer loop
      vertex   -1.880000e+02 -8.209609e+01 1.095492e+02
      vertex   -1.920000e+02 -8.209609e+01 1.095492e+02
      vertex   -1.880000e+02 -8.206557e+01 1.093108e+02
    endloop
  endfacet
  facet normal -0.000000e+00 -9.919000e-01 -1.270211e-01
    outer loop
      vertex   -1.880000e+02 -8.206557e+01 1.093108e+02
      vertex   -1.920000e+02 -8.209609e+01 1.095492e+02
      vertex   -1.920000e+02 -8.206557e+01 1.093108e+02
    endloop
  endfacet
  facet normal 0.000000e+00 -9.935636e-01 1.132758e-01
    outer loop
      vertex   -1.880000e+02 -8.206557e+01 1.093108e+02
      vertex   -1.920000e+02 -8.206557e+01 1.093108e+02
      vertex   -1.880000e+02 -8.209279e+01 1.090720e+02
    endloop
  endfacet
  facet normal 0.000000e+00 -9.935636e-01 1.132758e-01
    outer loop
      vertex   -1.880000e+02 -8.209279e+01 1.090720e+02
      vertex   -1.920000e+02 -8.206557e+01 1.093108e+02
      vertex   -1.920000e+02 -8.209279e+01 1.090720e+02
    endloop
  endfacet
  facet normal 0.000000e+00 -9.378534e-01 3.470316e-01
    outer loop
      vertex   -1.880000e+02 -8.209279e+01 1.090720e+02
      vertex   -1.920000e+02 -8.209279e+01 1.090720e+02
      vertex   -1.880000e+02 -8.217618e+01 1.088467e+02
    endloop
  endfacet
  facet normal 0.000000e+00 -9.378534e-01 3.470316e-01
    outer loop
      vertex   -1.880000e+02 -8.217618e+01 1.088467e+02
      vertex   -1.920000e+02 -8.209279e+01 1.090720e+02
      vertex   -1.920000e+02 -8.217618e+01 1.088467e+02
    endloop
  endfacet
  facet normal 0.000000e+00 -8.279866e-01 5.607479e-01
    outer loop
      vertex   -1.880000e+02 -8.217618e+01 1.088467e+02
      vertex   -1.920000e+02 -8.217618e+01 1.088467e+02
      vertex   -1.880000e+02 -8.231093e+01 1.086477e+02
    endloop
  endfacet
  facet normal 0.000000e+00 -8.279866e-01 5.607479e-01
    outer loop
      vertex   -1.880000e+02 -8.231093e+01 1.086477e+02
      vertex   -1.920000e+02 -8.217618e+01 1.088467e+02
      vertex   -1.920000e+02 -8.231093e+01 1.086477e+02
    endloop
  endfacet
  facet normal 0.000000e+00 -6.703073e-01 7.420836e-01
    outer loop
      vertex   -1.880000e+02 -8.231093e+01 1.086477e+02
      vertex   -1.920000e+02 -8.231093e+01 1.086477e+02
      vertex   -1.880000e+02 -8.248925e+01 1.084866e+02
    endloop
  endfacet
  facet normal 0.000000e+00 -6.703073e-01 7.420836e-01
    outer loop
      vertex   -1.880000e+02 -8.248925e+01 1.084866e+02
      vertex   -1.920000e+02 -8.231093e+01 1.086477e+02
      vertex   -1.920000e+02 -8.248925e+01 1.084866e+02
    endloop
  endfacet
  facet normal 0.000000e+00 -4.739209e-01 8.805674e-01
    outer loop
      vertex   -1.880000e+02 -8.248925e+01 1.084866e+02
      vertex   -1.920000e+02 -8.248925e+01 1.084866e+02
      vertex   -1.880000e+02 -8.270086e+01 1.083727e+02
    endloop
  endfacet
  facet normal 0.000000e+00 -4.739209e-01 8.805674e-01
    outer loop
      vertex   -1.880000e+02 -8.270086e+01 1.083727e+02
      vertex   -1.920000e+02 -8.248925e+01 1.084866e+02
      vertex   -1.920000e+02 -8.270086e+01 1.083727e+02
    endloop
  endfacet
  facet normal 0.000000e+00 -2.501677e-01 9.682025e-01
    outer loop
      vertex   -1.880000e+02 -8.270086e+01 1.083727e+02
      vertex   -1.920000e+02 -8.270086e+01 1.083727e+02
      vertex   -1.880000e+02 -8.293352e+01 1.083126e+02
    endloop
  endfacet
  facet normal 3.439746e-15 -2.501677e-01 9.682025e-01
    outer loop
      vertex   -1.880000e+02 -8.293352e+01 1.083126e+02
      vertex   -1.920000e+02 -8.270086e+01 1.083727e+02
      vertex   -1.920000e+02 -8.293352e+01 1.083126e+02
    endloop
  endfacet
  facet normal 3.552459e-15 -1.196850e-02 9.999284e-01
    outer loop
      vertex   -1.880000e+02 -8.293352e+01 1.083126e+02
      vertex   -1.920000e+02 -8.293352e+01 1.083126e+02
      vertex   -1.880000e+02 -8.317380e+01 1.083098e+02
    endloop
  endfacet
  facet normal 2.419971e-20 -1.196850e-02 9.999284e-01
    outer loop
      vertex   -1.880000e+02 -8.317380e+01 1.083098e+02
      vertex   -1.920000e+02 -8.293352e+01 1.083126e+02
      vertex   -1.960000e+02 -8.293352e+01 1.083126e+02
    endloop
  endfacet
  facet normal 0.000000e+00 -1.196850e-02 9.999284e-01
    outer loop
      vertex   -1.880000e+02 -8.317380e+01 1.083098e+02
      vertex   -1.960000e+02 -8.293352e+01 1.083126e+02
      vertex   -2.000000e+02 -8.317380e+01 1.083098e+02
    endloop
  endfacet
  facet normal -3.552435e-15 -1.196850e-02 9.999284e-01
    outer loop
      vertex   -2.000000e+02 -8.317380e+01 1.083098e+02
      vertex   -1.960000e+02 -8.293352e+01 1.083126e+02
      vertex   -2.000000e+02 -8.293352e+01 1.083126e+02
    endloop
  endfacet
  facet normal -3.439746e-15 -2.501677e-01 9.682025e-01
    outer loop
      vertex   -2.000000e+02 -8.293352e+01 1.083126e+02
      vertex   -1.960000e+02 -8.293352e+01 1.083126e+02
      vertex   -2.000000e+02 -8.270086e+01 1.083727e+02
    endloop
  endfacet
  facet normal 0.000000e+00 -2.501677e-01 9.682025e-01
    outer loop
      vertex   -2.000000e+02 -8.270086e+01 1.083727e+02
      vertex   -1.960000e+02 -8.293352e+01 1.083126e+02
      vertex   -1.960000e+02 -8.270086e+01 1.083727e+02
    endloop
  endfacet
  facet normal 0.000000e+00 -4.739209e-01 8.805674e-01
    outer loop
      vertex   -2.000000e+02 -8.270086e+01 1.083727e+02
      vertex   -1.960000e+02 -8.270086e+01 1.083727e+02
      vertex   -2.000000e+02 -8.248925e+01 1.084866e+02
    endloop
  endfacet
  facet normal 0.000000e+00 -4.739209e-01 8.805674e-01
    outer loop
      vertex   -2.000000e+02 -8.248925e+01 1.084866e+02
      vertex   -1.960000e+02 -8.270086e+01 1.083727e+02
      vertex   -1.960000e+02 -8.248925e+01 1.084866e+02
    endloop
  endfacet
  facet normal 0.000000e+00 -6.703073e-01 7.420836e-01
    outer loop
      vertex   -2.000000e+02 -8.248925e+01 1.084866e+02
      vertex   -1.960000e+02 -8.248925e+01 1.084866e+02
      vertex   -2.000000e+02 -8.231093e+01 1.086477e+02
    endloop
  endfacet
  facet normal 0.000000e+00 -6.703073e-01 7.420836e-01
    outer loop
      vertex   -2.000000e+02 -8.231093e+01 1.086477e+02
      vertex   -1.960000e+02 -8.248925e+01 1.084866e+02
      vertex   -1.960000e+02 -8.231093e+01 1.086477e+02
    endloop
  endfacet
  facet normal 0.000000e+00 -8.279866e-01 5.607479e-01
    outer loop
      vertex   -2.000000e+02 -8.231093e+01 1.086477e+02
      vertex   -1.960000e+02 -8.231093e+01 1.086477e+02
      vertex   -2.000000e+02 -8.217618e+01 1.088467e+02
    endloop
  endfacet
  facet normal 0.000000e+00 -8.279866e-01 5.607479e-01
    outer loop
      vertex   -2.000000e+02 -8.217618e+01 1.088467e+02
      vertex   -1.960000e+02 -8.231093e+01 1.086477e+02
      vertex   -1.960000e+02 -8.217618e+01 1.088467e+02
    endloop
  endfacet
  facet normal 0.000000e+00 -9.378534e-01 3.470316e-01
    outer loop
      vertex   -2.000000e+02 -8.217618e+01 1.088467e+02
      vertex   -1.960000e+02 -8.217618e+01 1.088467e+02
      vertex   -2.000000e+02 -8.209279e+01 1.090720e+02
    endloop
  endfacet
  facet normal 0.000000e+00 -9.378534e-01 3.470316e-01
    outer loop
      vertex   -2.000000e+02 -8.209279e+01 1.090720e+02
      vertex   -1.960000e+02 -8.217618e+01 1.088467e+02
      vertex   -1.960000e+02 -8.209279e+01 1.090720e+02
    endloop
  endfacet
  facet normal 0.000000e+00 -9.935636e-01 1.132758e-01
    outer loop
      vertex   -2.000000e+02 -8.209279e+01 1.090720e+02
      vertex   -1.960000e+02 -8.209279e+01 1.090720e+02
      vertex   -2.000000e+02 -8.206557e+01 1.093108e+02
    endloop
  endfacet
  facet normal 0.000000e+00 -9.935636e-01 1.132758e-01
    outer loop
      vertex   -2.000000e+02 -8.206557e+01 1.093108e+02
      vertex   -1.960000e+02 -8.209279e+01 1.090720e+02
      vertex   -1.960000e+02 -8.206557e+01 1.093108e+02
    endloop
  endfacet
  facet normal 0.000000e+00 -9.919000e-01 -1.270211e-01
    outer loop
      vertex   -2.000000e+02 -8.206557e+01 1.093108e+02
      vertex   -1.960000e+02 -8.206557e+01 1.093108e+02
      vertex   -2.000000e+02 -8.209609e+01 1.095492e+02
    endloop
  endfacet
  facet normal 0.000000e+00 -9.919000e-01 -1.270211e-01
    outer loop
      vertex   -2.000000e+02 -8.209609e+01 1.095492e+02
      vertex   -1.960000e+02 -8.206557e+01 1.093108e+02
      vertex   -1.960000e+02 -8.209609e+01 1.095492e+02
    endloop
  endfacet
  facet normal -4.511244e-19 -9.919000e-01 -1.270211e-01
    outer loop
      vertex   -1.920000e+02 -8.206557e+01 1.093108e+02
      vertex   -1.920000e+02 -8.209609e+01 1.095492e+02
      vertex   -1.960000e+02 -8.209609e+01 1.095492e+02
    endloop
  endfacet
  facet normal -0.000000e+00 -9.919000e-01 -1.270211e-01
    outer loop
      vertex   -1.920000e+02 -8.206557e+01 1.093108e+02
      vertex   -1.960000e+02 -8.209609e+01 1.095492e+02
      vertex   -1.960000e+02 -8.206557e+01 1.093108e+02
    endloop
  endfacet
  facet normal 4.842157e-20 -9.935636e-01 1.132758e-01
    outer loop
      vertex   -1.920000e+02 -8.209279e+01 1.090720e+02
      vertex   -1.920000e+02 -8.206557e+01 1.093108e+02
      vertex   -1.960000e+02 -8.206557e+01 1.093108e+02
    endloop
  endfacet
  facet normal 0.000000e+00 -9.935636e-01 1.132758e-01
    outer loop
      vertex   -1.920000e+02 -8.209279e+01 1.090720e+02
      vertex   -1.960000e+02 -8.206557e+01 1.093108e+02
      vertex   -1.960000e+02 -8.209279e+01 1.090720e+02
    endloop
  endfacet
  facet normal -9.000470e-19 -9.378534e-01 3.470316e-01
    outer loop
      vertex   -1.920000e+02 -8.217618e+01 1.088467e+02
      vertex   -1.920000e+02 -8.209279e+01 1.090720e+02
      vertex   -1.960000e+02 -8.209279e+01 1.090720e+02
    endloop
  endfacet
  facet normal 0.000000e+00 -9.378534e-01 3.470316e-01
    outer loop
      vertex   -1.920000e+02 -8.217618e+01 1.088467e+02
      vertex   -1.960000e+02 -8.209279e+01 1.090720e+02
      vertex   -1.960000e+02 -8.217618e+01 1.088467e+02
    endloop
  endfacet
  facet normal 7.440138e-19 -8.279866e-01 5.607479e-01
    outer loop
      vertex   -1.920000e+02 -8.231093e+01 1.086477e+02
      vertex   -1.920000e+02 -8.217618e+01 1.088467e+02
      vertex   -1.960000e+02 -8.217618e+01 1.088467e+02
    endloop
  endfacet
  facet normal 0.000000e+00 -8.279866e-01 5.607479e-01
    outer loop
      vertex   -1.920000e+02 -8.231093e+01 1.086477e+02
      vertex   -1.960000e+02 -8.217618e+01 1.088467e+02
      vertex   -1.960000e+02 -8.231093e+01 1.086477e+02
    endloop
  endfacet
  facet normal 1.337140e-18 -6.703073e-01 7.420836e-01
    outer loop
      vertex   -1.920000e+02 -8.248925e+01 1.084866e+02
      vertex   -1.920000e+02 -8.231093e+01 1.086477e+02
      vertex   -1.960000e+02 -8.231093e+01 1.086477e+02
    endloop
  endfacet
  facet normal 0.000000e+00 -6.703073e-01 7.420836e-01
    outer loop
      vertex   -1.920000e+02 -8.248925e+01 1.084866e+02
      vertex   -1.960000e+02 -8.231093e+01 1.086477e+02
      vertex   -1.960000e+02 -8.248925e+01 1.084866e+02
    endloop
  endfacet
  facet normal 3.383689e-19 -4.739209e-01 8.805674e-01
    outer loop
      vertex   -1.920000e+02 -8.270086e+01 1.083727e+02
      vertex   -1.920000e+02 -8.248925e+01 1.084866e+02
      vertex   -1.960000e+02 -8.248925e+01 1.084866e+02
    endloop
  endfacet
  facet normal 0.000000e+00 -4.739209e-01 8.805674e-01
    outer loop
      vertex   -1.920000e+02 -8.270086e+01 1.083727e+02
      vertex   -1.960000e+02 -8.248925e+01 1.084866e+02
      vertex   -1.960000e+02 -8.270086e+01 1.083727e+02
    endloop
  endfacet
  facet normal 6.620268e-19 -2.501677e-01 9.682025e-01
    outer loop
      vertex   -1.920000e+02 -8.293352e+01 1.083126e+02
      vertex   -1.920000e+02 -8.270086e+01 1.083727e+02
      vertex   -1.960000e+02 -8.270086e+01 1.083727e+02
    endloop
  endfacet
  facet normal 0.000000e+00 -2.501677e-01 9.682025e-01
    outer loop
      vertex   -1.920000e+02 -8.293352e+01 1.083126e+02
      vertex   -1.960000e+02 -8.270086e+01 1.083727e+02
      vertex   -1.960000e+02 -8.293352e+01 1.083126e+02
    endloop
  endfacet
  facet normal 0.000000e+00 9.027157e-02 9.959172e-01
    outer loop
      vertex   -1.880000e+02 -8.317380e+01 1.083098e+02
      vertex   -2.000000e+02 -8.317380e+01 1.083098e+02
      vertex   -1.880000e+02 -8.361490e+01 1.083497e+02
    endloop
  endfacet
  facet normal 0.000000e+00 9.027157e-02 9.959172e-01
    outer loop
      vertex   -1.880000e+02 -8.361490e+01 1.083497e+02
      vertex   -2.000000e+02 -8.317380e+01 1.083098e+02
      vertex   -2.000000e+02 -8.361490e+01 1.083497e+02
    endloop
  endfacet
  facet normal 0.000000e+00 5.421019e-02 9.985295e-01
    outer loop
      vertex   -1.880000e+02 -8.361490e+01 1.083497e+02
      vertex   -2.000000e+02 -8.361490e+01 1.083497e+02
      vertex   -2.000000e+02 -8.405716e+01 1.083737e+02
    endloop
  endfacet
  facet normal -0.000000e+00 1.807794e-02 9.998366e-01
    outer loop
      vertex   -2.000000e+02 -8.450000e+01 1.083817e+02
      vertex   -1.880000e+02 -8.450000e+01 1.083817e+02
      vertex   -2.000000e+02 -8.405716e+01 1.083737e+02
    endloop
  endfacet
  facet normal -0.000000e+00 1.807794e-02 9.998366e-01
    outer loop
      vertex   -2.000000e+02 -8.405716e+01 1.083737e+02
      vertex   -1.880000e+02 -8.450000e+01 1.083817e+02
      vertex   -1.880000e+02 -8.405716e+01 1.083737e+02
    endloop
  endfacet
  facet normal -0.000000e+00 5.421019e-02 9.985295e-01
    outer loop
      vertex   -2.000000e+02 -8.405716e+01 1.083737e+02
      vertex   -1.880000e+02 -8.405716e+01 1.083737e+02
      vertex   -1.880000e+02 -8.361490e+01 1.083497e+02
    endloop
  endfacet
  facet normal -2.480831e-03 -9.182133e-01 -3.960785e-01
    outer loop
      vertex   -1.880000e+02 -8.444740e+01 1.140610e+02
      vertex   -1.920000e+02 -8.447030e+01 1.141392e+02
      vertex   -1.880000e+02 -8.438295e+01 1.139116e+02
    endloop
  endfacet
  facet normal 1.974054e-19 -9.335804e-01 -3.583679e-01
    outer loop
      vertex   -1.880000e+02 -8.438295e+01 1.139116e+02
      vertex   -1.920000e+02 -8.447030e+01 1.141392e+02
      vertex   -1.960000e+02 -8.447030e+01 1.141392e+02
    endloop
  endfacet
  facet normal 9.936201e-04 -9.447707e-01 -3.277306e-01
    outer loop
      vertex   -1.880000e+02 -8.438295e+01 1.139116e+02
      vertex   -1.960000e+02 -8.447030e+01 1.141392e+02
      vertex   -2.000000e+02 -8.444740e+01 1.140610e+02
    endloop
  endfacet
  facet normal -8.287777e-04 -9.702954e-01 -2.419218e-01
    outer loop
      vertex   -2.000000e+02 -8.444740e+01 1.140610e+02
      vertex   -1.960000e+02 -8.447030e+01 1.141392e+02
      vertex   -2.000000e+02 -8.448676e+01 1.142189e+02
    endloop
  endfacet
  facet normal 2.480831e-03 -9.966818e-01 -8.135842e-02
    outer loop
      vertex   -2.000000e+02 -8.448676e+01 1.142189e+02
      vertex   -1.960000e+02 -8.447030e+01 1.141392e+02
      vertex   -2.000000e+02 -8.450000e+01 1.143811e+02
    endloop
  endfacet
  facet normal 4.094508e-19 -9.925462e-01 -1.218693e-01
    outer loop
      vertex   -2.000000e+02 -8.450000e+01 1.143811e+02
      vertex   -1.960000e+02 -8.447030e+01 1.141392e+02
      vertex   -1.920000e+02 -8.447030e+01 1.141392e+02
    endloop
  endfacet
  facet normal -9.936201e-04 -9.880432e-01 -1.541740e-01
    outer loop
      vertex   -2.000000e+02 -8.450000e+01 1.143811e+02
      vertex   -1.920000e+02 -8.447030e+01 1.141392e+02
      vertex   -1.880000e+02 -8.448676e+01 1.142189e+02
    endloop
  endfacet
  facet normal 8.287777e-04 -9.702954e-01 -2.419218e-01
    outer loop
      vertex   -1.880000e+02 -8.448676e+01 1.142189e+02
      vertex   -1.920000e+02 -8.447030e+01 1.141392e+02
      vertex   -1.880000e+02 -8.444740e+01 1.140610e+02
    endloop
  endfacet
  facet normal 1.079658e-19 -9.966849e-01 -8.135867e-02
    outer loop
      vertex   -1.880000e+02 -8.448676e+01 1.142189e+02
      vertex   -1.880000e+02 -8.450000e+01 1.143811e+02
      vertex   -2.000000e+02 -8.450000e+01 1.143811e+02
    endloop
  endfacet
  facet normal 2.429296e-20 -9.182161e-01 -3.960798e-01
    outer loop
      vertex   -2.000000e+02 -8.444740e+01 1.140610e+02
      vertex   -2.000000e+02 -8.438295e+01 1.139116e+02
      vertex   -1.880000e+02 -8.438295e+01 1.139116e+02
    endloop
  endfacet
  facet normal -3.884469e-14 -1.000000e+00 -3.358459e-14
    outer loop
      vertex   -1.960470e+02 -8.450000e+01 1.193103e+02
      vertex   -1.959852e+02 -8.450000e+01 1.196619e+02
      vertex   -2.000000e+02 -8.450000e+01 1.238824e+02
    endloop
  endfacet
  facet normal -2.424313e-15 -1.000000e+00 1.060930e-15
    outer loop
      vertex   -2.000000e+02 -8.450000e+01 1.238824e+02
      vertex   -1.959852e+02 -8.450000e+01 1.196619e+02
      vertex   -1.958906e+02 -8.450000e+01 1.198781e+02
    endloop
  endfacet
  facet normal -2.203104e-15 -1.000000e+00 1.287945e-15
    outer loop
      vertex   -2.000000e+02 -8.450000e+01 1.238824e+02
      vertex   -1.958906e+02 -8.450000e+01 1.198781e+02
      vertex   -1.957718e+02 -8.450000e+01 1.200813e+02
    endloop
  endfacet
  facet normal -2.001936e-15 -1.000000e+00 1.511712e-15
    outer loop
      vertex   -1.957718e+02 -8.450000e+01 1.200813e+02
      vertex   -1.956299e+02 -8.450000e+01 1.202692e+02
      vertex   -2.000000e+02 -8.450000e+01 1.238824e+02
    endloop
  endfacet
  facet normal -1.811279e-15 -1.000000e+00 1.742309e-15
    outer loop
      vertex   -2.000000e+02 -8.450000e+01 1.238824e+02
      vertex   -1.956299e+02 -8.450000e+01 1.202692e+02
      vertex   -1.954663e+02 -8.450000e+01 1.204393e+02
    endloop
  endfacet
  facet normal -1.623229e-15 -1.000000e+00 1.989920e-15
    outer loop
      vertex   -2.000000e+02 -8.450000e+01 1.238824e+02
      vertex   -1.954663e+02 -8.450000e+01 1.204393e+02
      vertex   -1.952840e+02 -8.450000e+01 1.205880e+02
    endloop
  endfacet
  facet normal -1.429273e-15 -1.000000e+00 2.267567e-15
    outer loop
      vertex   -1.952840e+02 -8.450000e+01 1.205880e+02
      vertex   -1.950850e+02 -8.450000e+01 1.207134e+02
      vertex   -2.000000e+02 -8.450000e+01 1.238824e+02
    endloop
  endfacet
  facet normal -1.218247e-15 -1.000000e+00 2.594853e-15
    outer loop
      vertex   -2.000000e+02 -8.450000e+01 1.238824e+02
      vertex   -1.950850e+02 -8.450000e+01 1.207134e+02
      vertex   -1.948716e+02 -8.450000e+01 1.208136e+02
    endloop
  endfacet
  facet normal -4.216987e-14 -1.000000e+00 -6.584010e-14
    outer loop
      vertex   -2.000000e+02 -8.450000e+01 1.238824e+02
      vertex   -1.948716e+02 -8.450000e+01 1.208136e+02
      vertex   -1.946480e+02 -8.450000e+01 1.208862e+02
    endloop
  endfacet
  facet normal 4.463437e-14 -1.000000e+00 8.921393e-14
    outer loop
      vertex   -1.946480e+02 -8.450000e+01 1.208862e+02
      vertex   -1.944171e+02 -8.450000e+01 1.209300e+02
      vertex   -2.000000e+02 -8.450000e+01 1.238824e+02
    endloop
  endfacet
  facet normal -2.569273e-16 -1.000000e+00 4.327436e-15
    outer loop
      vertex   -2.000000e+02 -8.450000e+01 1.238824e+02
      vertex   -1.944171e+02 -8.450000e+01 1.209300e+02
      vertex   -1.941820e+02 -8.450000e+01 1.209439e+02
    endloop
  endfacet
  facet normal 0.000000e+00 -1.000000e+00 4.836136e-15
    outer loop
      vertex   -2.000000e+02 -8.450000e+01 1.238824e+02
      vertex   -1.941820e+02 -8.450000e+01 1.209439e+02
      vertex   -1.880000e+02 -8.450000e+01 1.238824e+02
    endloop
  endfacet
  facet normal -5.248649e-14 -1.000000e+00 1.152581e-13
    outer loop
      vertex   -1.880000e+02 -8.450000e+01 1.238824e+02
      vertex   -1.941820e+02 -8.450000e+01 1.209439e+02
      vertex   -1.939477e+02 -8.450000e+01 1.209274e+02
    endloop
  endfacet
  facet normal 4.514285e-14 -1.000000e+00 -8.124148e-14
    outer loop
      vertex   -1.880000e+02 -8.450000e+01 1.238824e+02
      vertex   -1.939477e+02 -8.450000e+01 1.209274e+02
      vertex   -1.937177e+02 -8.450000e+01 1.208802e+02
    endloop
  endfacet
  facet normal 9.924352e-16 -1.000000e+00 2.843383e-15
    outer loop
      vertex   -1.937177e+02 -8.450000e+01 1.208802e+02
      vertex   -1.934955e+02 -8.450000e+01 1.208027e+02
      vertex   -1.880000e+02 -8.450000e+01 1.238824e+02
    endloop
  endfacet
  facet normal 1.231932e-15 -1.000000e+00 2.416028e-15
    outer loop
      vertex   -1.880000e+02 -8.450000e+01 1.238824e+02
      vertex   -1.934955e+02 -8.450000e+01 1.208027e+02
      vertex   -1.932859e+02 -8.450000e+01 1.206958e+02
    endloop
  endfacet
  facet normal 1.442507e-15 -1.000000e+00 2.066733e-15
    outer loop
      vertex   -1.880000e+02 -8.450000e+01 1.238824e+02
      vertex   -1.932859e+02 -8.450000e+01 1.206958e+02
      vertex   -1.930929e+02 -8.450000e+01 1.205611e+02
    endloop
  endfacet
  facet normal 1.640477e-15 -1.000000e+00 1.763171e-15
    outer loop
      vertex   -1.930929e+02 -8.450000e+01 1.205611e+02
      vertex   -1.929206e+02 -8.450000e+01 1.204008e+02
      vertex   -1.880000e+02 -8.450000e+01 1.238824e+02
    endloop
  endfacet
  facet normal 2.476265e-14 -1.000000e+00 -3.091602e-14
    outer loop
      vertex   -1.880000e+02 -8.450000e+01 1.238824e+02
      vertex   -1.929206e+02 -8.450000e+01 1.204008e+02
      vertex   -1.926732e+02 -8.450000e+01 1.201393e+02
    endloop
  endfacet
  facet normal 0.000000e+00 -1.000000e+00 0.000000e+00
    outer loop
      vertex   -1.880000e+02 -8.450000e+01 1.238824e+02
      vertex   -1.926732e+02 -8.450000e+01 1.201393e+02
      vertex   -1.924878e+02 -8.450000e+01 1.198308e+02
    endloop
  endfacet
  facet normal 0.000000e+00 -1.000000e+00 0.000000e+00
    outer loop
      vertex   -1.924878e+02 -8.450000e+01 1.198308e+02
      vertex   -1.923729e+02 -8.450000e+01 1.194896e+02
      vertex   -1.880000e+02 -8.450000e+01 1.238824e+02
    endloop
  endfacet
  facet normal 0.000000e+00 -1.000000e+00 0.000000e+00
    outer loop
      vertex   -1.880000e+02 -8.450000e+01 1.238824e+02
      vertex   -1.923729e+02 -8.450000e+01 1.194896e+02
      vertex   -1.923340e+02 -8.450000e+01 1.191317e+02
    endloop
  endfacet
  facet normal 0.000000e+00 -1.000000e+00 -0.000000e+00
    outer loop
      vertex   -1.880000e+02 -8.450000e+01 1.238824e+02
      vertex   -1.923340e+02 -8.450000e+01 1.191317e+02
      vertex   -1.880000e+02 -8.450000e+01 1.143811e+02
    endloop
  endfacet
  facet normal 0.000000e+00 -1.000000e+00 0.000000e+00
    outer loop
      vertex   -1.880000e+02 -8.450000e+01 1.143811e+02
      vertex   -1.923340e+02 -8.450000e+01 1.191317e+02
      vertex   -1.923729e+02 -8.450000e+01 1.187739e+02
    endloop
  endfacet
  facet normal 0.000000e+00 -1.000000e+00 0.000000e+00
    outer loop
      vertex   -1.880000e+02 -8.450000e+01 1.143811e+02
      vertex   -1.923729e+02 -8.450000e+01 1.187739e+02
      vertex   -1.924878e+02 -8.450000e+01 1.184327e+02
    endloop
  endfacet
  facet normal 0.000000e+00 -1.000000e+00 -0.000000e+00
    outer loop
      vertex   -1.924878e+02 -8.450000e+01 1.184327e+02
      vertex   -1.926732e+02 -8.450000e+01 1.181242e+02
      vertex   -1.880000e+02 -8.450000e+01 1.143811e+02
    endloop
  endfacet
  facet normal 2.476265e-14 -1.000000e+00 3.091602e-14
    outer loop
      vertex   -1.880000e+02 -8.450000e+01 1.143811e+02
      vertex   -1.926732e+02 -8.450000e+01 1.181242e+02
      vertex   -1.929206e+02 -8.450000e+01 1.178627e+02
    endloop
  endfacet
  facet normal 3.735059e-14 -1.000000e+00 4.870689e-14
    outer loop
      vertex   -1.880000e+02 -8.450000e+01 1.143811e+02
      vertex   -1.929206e+02 -8.450000e+01 1.178627e+02
      vertex   -1.930925e+02 -8.450000e+01 1.177027e+02
    endloop
  endfacet
  facet normal -3.281209e-14 -1.000000e+00 -5.886183e-14
    outer loop
      vertex   -1.930925e+02 -8.450000e+01 1.177027e+02
      vertex   -1.932847e+02 -8.450000e+01 1.175684e+02
      vertex   -1.880000e+02 -8.450000e+01 1.143811e+02
    endloop
  endfacet
  facet normal 1.233276e-15 -1.000000e+00 -2.413720e-15
    outer loop
      vertex   -1.880000e+02 -8.450000e+01 1.143811e+02
      vertex   -1.932847e+02 -8.450000e+01 1.175684e+02
      vertex   -1.934941e+02 -8.450000e+01 1.174614e+02
    endloop
  endfacet
  facet normal 9.943640e-16 -1.000000e+00 -2.839845e-15
    outer loop
      vertex   -1.880000e+02 -8.450000e+01 1.143811e+02
      vertex   -1.934941e+02 -8.450000e+01 1.174614e+02
      vertex   -1.937158e+02 -8.450000e+01 1.173838e+02
    endloop
  endfacet
  facet normal 7.007000e-16 -1.000000e+00 -3.398847e-15
    outer loop
      vertex   -1.937158e+02 -8.450000e+01 1.173838e+02
      vertex   -1.939457e+02 -8.450000e+01 1.173364e+02
      vertex   -1.880000e+02 -8.450000e+01 1.143811e+02
    endloop
  endfacet
  facet normal 3.014075e-16 -1.000000e+00 -4.202168e-15
    outer loop
      vertex   -1.880000e+02 -8.450000e+01 1.143811e+02
      vertex   -1.939457e+02 -8.450000e+01 1.173364e+02
      vertex   -1.941806e+02 -8.450000e+01 1.173196e+02
    endloop
  endfacet
  facet normal -0.000000e+00 -1.000000e+00 -4.836123e-15
    outer loop
      vertex   -1.880000e+02 -8.450000e+01 1.143811e+02
      vertex   -1.941806e+02 -8.450000e+01 1.173196e+02
      vertex   -2.000000e+02 -8.450000e+01 1.143811e+02
    endloop
  endfacet
  facet normal -5.452859e-14 -1.000000e+00 1.031537e-13
    outer loop
      vertex   -2.000000e+02 -8.450000e+01 1.143811e+02
      vertex   -1.941806e+02 -8.450000e+01 1.173196e+02
      vertex   -1.944152e+02 -8.450000e+01 1.173333e+02
    endloop
  endfacet
  facet normal 4.536216e-14 -1.000000e+00 -8.581327e-14
    outer loop
      vertex   -2.000000e+02 -8.450000e+01 1.143811e+02
      vertex   -1.944152e+02 -8.450000e+01 1.173333e+02
      vertex   -1.946461e+02 -8.450000e+01 1.173768e+02
    endloop
  endfacet
  facet normal -9.727547e-16 -1.000000e+00 -3.005191e-15
    outer loop
      vertex   -1.946461e+02 -8.450000e+01 1.173768e+02
      vertex   -1.948703e+02 -8.450000e+01 1.174494e+02
      vertex   -2.000000e+02 -8.450000e+01 1.143811e+02
    endloop
  endfacet
  facet normal -1.216695e-15 -1.000000e+00 -2.597367e-15
    outer loop
      vertex   -2.000000e+02 -8.450000e+01 1.143811e+02
      vertex   -1.948703e+02 -8.450000e+01 1.174494e+02
      vertex   -1.950834e+02 -8.450000e+01 1.175492e+02
    endloop
  endfacet
  facet normal 3.470622e-14 -1.000000e+00 -5.834523e-14
    outer loop
      vertex   -2.000000e+02 -8.450000e+01 1.143811e+02
      vertex   -1.950834e+02 -8.450000e+01 1.175492e+02
      vertex   -1.952824e+02 -8.450000e+01 1.176744e+02
    endloop
  endfacet
  facet normal -3.912368e-14 -1.000000e+00 4.741293e-14
    outer loop
      vertex   -1.952824e+02 -8.450000e+01 1.176744e+02
      vertex   -1.954653e+02 -8.450000e+01 1.178233e+02
      vertex   -2.000000e+02 -8.450000e+01 1.143811e+02
    endloop
  endfacet
  facet normal 3.485190e-14 -1.000000e+00 -5.004213e-14
    outer loop
      vertex   -2.000000e+02 -8.450000e+01 1.143811e+02
      vertex   -1.954653e+02 -8.450000e+01 1.178233e+02
      vertex   -1.956290e+02 -8.450000e+01 1.179932e+02
    endloop
  endfacet
  facet normal -4.238613e-14 -1.000000e+00 4.342252e-14
    outer loop
      vertex   -2.000000e+02 -8.450000e+01 1.143811e+02
      vertex   -1.956290e+02 -8.450000e+01 1.179932e+02
      vertex   -1.957713e+02 -8.450000e+01 1.181815e+02
    endloop
  endfacet
  facet normal -4.328882e-14 -1.000000e+00 4.442692e-14
    outer loop
      vertex   -1.957713e+02 -8.450000e+01 1.181815e+02
      vertex   -1.958905e+02 -8.450000e+01 1.183853e+02
      vertex   -2.000000e+02 -8.450000e+01 1.143811e+02
    endloop
  endfacet
  facet normal 4.488074e-14 -1.000000e+00 -4.606069e-14
    outer loop
      vertex   -2.000000e+02 -8.450000e+01 1.143811e+02
      vertex   -1.958905e+02 -8.450000e+01 1.183853e+02
      vertex   -1.959852e+02 -8.450000e+01 1.186016e+02
    endloop
  endfacet
  facet normal -3.884469e-14 -1.000000e+00 3.358459e-14
    outer loop
      vertex   -2.000000e+02 -8.450000e+01 1.143811e+02
      vertex   -1.959852e+02 -8.450000e+01 1.186016e+02
      vertex   -1.960470e+02 -8.450000e+01 1.189532e+02
    endloop
  endfacet
  facet normal -0.000000e+00 -1.000000e+00 0.000000e+00
    outer loop
      vertex   -1.960470e+02 -8.450000e+01 1.189532e+02
      vertex   -1.960470e+02 -8.450000e+01 1.193103e+02
      vertex   -2.000000e+02 -8.450000e+01 1.143811e+02
    endloop
  endfacet
  facet normal 0.000000e+00 -1.000000e+00 0.000000e+00
    outer loop
      vertex   -2.000000e+02 -8.450000e+01 1.143811e+02
      vertex   -1.960470e+02 -8.450000e+01 1.193103e+02
      vertex   -2.000000e+02 -8.450000e+01 1.238824e+02
    endloop
  endfacet
  facet normal 1.000000e+00 -0.000000e+00 -0.000000e+00
    outer loop
      vertex   -1.880000e+02 -8.448676e+01 1.142189e+02
      vertex   -1.880000e+02 -8.444740e+01 1.140610e+02
      vertex   -1.880000e+02 -8.450000e+01 1.143811e+02
    endloop
  endfacet
  facet normal 1.000000e+00 0.000000e+00 0.000000e+00
    outer loop
      vertex   -1.880000e+02 -8.450000e+01 1.143811e+02
      vertex   -1.880000e+02 -8.444740e+01 1.140610e+02
      vertex   -1.880000e+02 -8.438295e+01 1.139116e+02
    endloop
  endfacet
  facet normal 1.000000e+00 -0.000000e+00 0.000000e+00
    outer loop
      vertex   -1.880000e+02 -8.450000e+01 1.143811e+02
      vertex   -1.880000e+02 -8.438295e+01 1.139116e+02
      vertex   -1.880000e+02 -8.438295e+01 1.243519e+02
    endloop
  endfacet
  facet normal 1.000000e+00 -0.000000e+00 0.000000e+00
    outer loop
      vertex   -1.880000e+02 -8.438295e+01 1.243519e+02
      vertex   -1.880000e+02 -8.438295e+01 1.139116e+02
      vertex   -1.880000e+02 -8.218259e+01 1.284902e+02
    endloop
  endfacet
  facet normal 1.000000e+00 0.000000e+00 0.000000e+00
    outer loop
      vertex   -1.880000e+02 -8.218259e+01 1.284902e+02
      vertex   -1.880000e+02 -8.438295e+01 1.139116e+02
      vertex   -1.880000e+02 -8.218259e+01 1.097733e+02
    endloop
  endfacet
  facet normal 1.000000e+00 0.000000e+00 0.000000e+00
    outer loop
      vertex   -1.880000e+02 -8.218259e+01 1.284902e+02
      vertex   -1.880000e+02 -8.218259e+01 1.097733e+02
      vertex   -1.880000e+02 -8.050000e+01 1.140640e+02
    endloop
  endfacet
  facet normal 1.000000e+00 0.000000e+00 0.000000e+00
    outer loop
      vertex   -1.880000e+02 -8.050000e+01 1.140640e+02
      vertex   -1.880000e+02 -8.218259e+01 1.097733e+02
      vertex   -1.880000e+02 -8.209609e+01 1.095492e+02
    endloop
  endfacet
  facet normal 1.000000e+00 0.000000e+00 0.000000e+00
    outer loop
      vertex   -1.880000e+02 -8.050000e+01 1.140640e+02
      vertex   -1.880000e+02 -8.209609e+01 1.095492e+02
      vertex   -1.880000e+02 -8.206557e+01 1.093108e+02
    endloop
  endfacet
  facet normal 1.000000e+00 0.000000e+00 0.000000e+00
    outer loop
      vertex   -1.880000e+02 -8.050000e+01 1.140640e+02
      vertex   -1.880000e+02 -8.206557e+01 1.093108e+02
      vertex   -1.880000e+02 -8.114442e+01 1.036685e+02
    endloop
  endfacet
  facet normal 1.000000e+00 0.000000e+00 0.000000e+00
    outer loop
      vertex   -1.880000e+02 -8.114442e+01 1.036685e+02
      vertex   -1.880000e+02 -8.206557e+01 1.093108e+02
      vertex   -1.880000e+02 -8.209279e+01 1.090720e+02
    endloop
  endfacet
  facet normal 1.000000e+00 0.000000e+00 0.000000e+00
    outer loop
      vertex   -1.880000e+02 -8.114442e+01 1.036685e+02
      vertex   -1.880000e+02 -8.209279e+01 1.090720e+02
      vertex   -1.880000e+02 -8.195061e+01 1.039780e+02
    endloop
  endfacet
  facet normal 1.000000e+00 0.000000e+00 0.000000e+00
    outer loop
      vertex   -1.880000e+02 -8.195061e+01 1.039780e+02
      vertex   -1.880000e+02 -8.209279e+01 1.090720e+02
      vertex   -1.880000e+02 -8.217618e+01 1.088467e+02
    endloop
  endfacet
  facet normal 1.000000e+00 0.000000e+00 0.000000e+00
    outer loop
      vertex   -1.880000e+02 -8.195061e+01 1.039780e+02
      vertex   -1.880000e+02 -8.217618e+01 1.088467e+02
      vertex   -1.880000e+02 -8.231093e+01 1.086477e+02
    endloop
  endfacet
  facet normal 1.000000e+00 0.000000e+00 0.000000e+00
    outer loop
      vertex   -1.880000e+02 -8.231093e+01 1.086477e+02
      vertex   -1.880000e+02 -8.248925e+01 1.084866e+02
      vertex   -1.880000e+02 -8.195061e+01 1.039780e+02
    endloop
  endfacet
  facet normal 1.000000e+00 0.000000e+00 0.000000e+00
    outer loop
      vertex   -1.880000e+02 -8.195061e+01 1.039780e+02
      vertex   -1.880000e+02 -8.248925e+01 1.084866e+02
      vertex   -1.880000e+02 -8.278473e+01 1.042015e+02
    endloop
  endfacet
  facet normal 1.000000e+00 0.000000e+00 0.000000e+00
    outer loop
      vertex   -1.880000e+02 -8.278473e+01 1.042015e+02
      vertex   -1.880000e+02 -8.248925e+01 1.084866e+02
      vertex   -1.880000e+02 -8.270086e+01 1.083727e+02
    endloop
  endfacet
  facet normal 1.000000e+00 0.000000e+00 -0.000000e+00
    outer loop
      vertex   -1.880000e+02 -8.278473e+01 1.042015e+02
      vertex   -1.880000e+02 -8.270086e+01 1.083727e+02
      vertex   -1.880000e+02 -8.293352e+01 1.083126e+02
    endloop
  endfacet
  facet normal 1.000000e+00 1.182319e-13 4.278999e-15
    outer loop
      vertex   -1.880000e+02 -8.293352e+01 1.083126e+02
      vertex   -1.880000e+02 -8.317380e+01 1.083098e+02
      vertex   -1.880000e+02 -8.278473e+01 1.042015e+02
    endloop
  endfacet
  facet normal 1.000000e+00 -1.112413e-15 -7.023499e-15
    outer loop
      vertex   -1.880000e+02 -8.278473e+01 1.042015e+02
      vertex   -1.880000e+02 -8.317380e+01 1.083098e+02
      vertex   -1.880000e+02 -8.363764e+01 1.043366e+02
    endloop
  endfacet
  facet normal 1.000000e+00 -6.440046e-14 3.648433e-16
    outer loop
      vertex   -1.880000e+02 -8.363764e+01 1.043366e+02
      vertex   -1.880000e+02 -8.317380e+01 1.083098e+02
      vertex   -1.880000e+02 -8.361490e+01 1.083497e+02
    endloop
  endfacet
  facet normal 1.000000e+00 0.000000e+00 -0.000000e+00
    outer loop
      vertex   -1.880000e+02 -8.363764e+01 1.043366e+02
      vertex   -1.880000e+02 -8.361490e+01 1.083497e+02
      vertex   -1.880000e+02 -8.405716e+01 1.083737e+02
    endloop
  endfacet
  facet normal 1.000000e+00 0.000000e+00 0.000000e+00
    outer loop
      vertex   -1.880000e+02 -8.450000e+01 1.083817e+02
      vertex   -1.880000e+02 -8.450000e+01 1.043817e+02
      vertex   -1.880000e+02 -8.405716e+01 1.083737e+02
    endloop
  endfacet
  facet normal 1.000000e+00 0.000000e+00 0.000000e+00
    outer loop
      vertex   -1.880000e+02 -8.405716e+01 1.083737e+02
      vertex   -1.880000e+02 -8.450000e+01 1.043817e+02
      vertex   -1.880000e+02 -8.363764e+01 1.043366e+02
    endloop
  endfacet
  facet normal 1.000000e+00 -0.000000e+00 0.000000e+00
    outer loop
      vertex   -1.880000e+02 -8.114442e+01 1.036685e+02
      vertex   -1.880000e+02 -8.037500e+01 1.032765e+02
      vertex   -1.880000e+02 -8.050000e+01 1.140640e+02
    endloop
  endfacet
  facet normal 1.000000e+00 0.000000e+00 0.000000e+00
    outer loop
      vertex   -1.880000e+02 -8.050000e+01 1.140640e+02
      vertex   -1.880000e+02 -8.037500e+01 1.032765e+02
      vertex   -1.880000e+02 -7.965077e+01 1.028061e+02
    endloop
  endfacet
  facet normal 1.000000e+00 0.000000e+00 0.000000e+00
    outer loop
      vertex   -1.880000e+02 -8.050000e+01 1.140640e+02
      vertex   -1.880000e+02 -7.965077e+01 1.028061e+02
      vertex   -1.880000e+02 -7.897967e+01 1.022627e+02
    endloop
  endfacet
  facet normal 1.000000e+00 -0.000000e+00 -0.000000e+00
    outer loop
      vertex   -1.880000e+02 -7.897967e+01 1.022627e+02
      vertex   -1.880000e+02 -7.836906e+01 1.016521e+02
      vertex   -1.880000e+02 -8.050000e+01 1.140640e+02
    endloop
  endfacet
  facet normal 1.000000e+00 0.000000e+00 0.000000e+00
    outer loop
      vertex   -1.880000e+02 -8.050000e+01 1.140640e+02
      vertex   -1.880000e+02 -7.836906e+01 1.016521e+02
      vertex   -1.880000e+02 -7.782561e+01 1.009810e+02
    endloop
  endfacet
  facet normal 1.000000e+00 0.000000e+00 0.000000e+00
    outer loop
      vertex   -1.880000e+02 -8.050000e+01 1.140640e+02
      vertex   -1.880000e+02 -7.782561e+01 1.009810e+02
      vertex   -1.880000e+02 -7.521229e+01 1.041193e+02
    endloop
  endfacet
  facet normal 1.000000e+00 0.000000e+00 0.000000e+00
    outer loop
      vertex   -1.880000e+02 -7.521229e+01 1.041193e+02
      vertex   -1.880000e+02 -7.782561e+01 1.009810e+02
      vertex   -1.880000e+02 -7.735529e+01 1.002567e+02
    endloop
  endfacet
  facet normal 1.000000e+00 0.000000e+00 0.000000e+00
    outer loop
      vertex   -1.880000e+02 -7.521229e+01 1.041193e+02
      vertex   -1.880000e+02 -7.735529e+01 1.002567e+02
      vertex   -1.880000e+02 -7.696325e+01 9.948733e+01
    endloop
  endfacet
  facet normal 1.000000e+00 -0.000000e+00 0.000000e+00
    outer loop
      vertex   -1.880000e+02 -7.696325e+01 9.948733e+01
      vertex   -1.880000e+02 -7.665378e+01 9.868114e+01
      vertex   -1.880000e+02 -7.521229e+01 1.041193e+02
    endloop
  endfacet
  facet normal 1.000000e+00 0.000000e+00 0.000000e+00
    outer loop
      vertex   -1.880000e+02 -7.521229e+01 1.041193e+02
      vertex   -1.880000e+02 -7.665378e+01 9.868114e+01
      vertex   -1.880000e+02 -7.643028e+01 9.784702e+01
    endloop
  endfacet
  facet normal 1.000000e+00 0.000000e+00 0.000000e+00
    outer loop
      vertex   -1.880000e+02 -7.521229e+01 1.041193e+02
      vertex   -1.880000e+02 -7.643028e+01 9.784702e+01
      vertex   -1.880000e+02 -7.629519e+01 9.699411e+01
    endloop
  endfacet
  facet normal 1.000000e+00 -0.000000e+00 0.000000e+00
    outer loop
      vertex   -1.880000e+02 -7.629519e+01 9.699411e+01
      vertex   -1.880000e+02 -7.625000e+01 9.613175e+01
      vertex   -1.880000e+02 -7.521229e+01 1.041193e+02
    endloop
  endfacet
  facet normal 1.000000e+00 0.000000e+00 0.000000e+00
    outer loop
      vertex   -1.880000e+02 -7.521229e+01 1.041193e+02
      vertex   -1.880000e+02 -7.625000e+01 9.613175e+01
      vertex   -1.880000e+02 -7.457140e+01 1.033071e+02
    endloop
  endfacet
  facet normal 1.000000e+00 0.000000e+00 0.000000e+00
    outer loop
      vertex   -1.880000e+02 -7.457140e+01 1.033071e+02
      vertex   -1.880000e+02 -7.625000e+01 9.613175e+01
      vertex   -1.880000e+02 -7.468509e+01 8.880167e+01
    endloop
  endfacet
  facet normal 1.000000e+00 0.000000e+00 0.000000e+00
    outer loop
      vertex   -1.880000e+02 -7.457140e+01 1.033071e+02
      vertex   -1.880000e+02 -7.468509e+01 8.880167e+01
      vertex   -1.880000e+02 -7.410156e+01 8.965604e+01
    endloop
  endfacet
  facet normal 1.000000e+00 0.000000e+00 0.000000e+00
    outer loop
      vertex   -1.880000e+02 -7.468509e+01 8.880167e+01
      vertex   -1.880000e+02 -7.625000e+01 9.613175e+01
      vertex   -1.880000e+02 -7.533863e+01 8.799960e+01
    endloop
  endfacet
  facet normal 1.000000e+00 0.000000e+00 0.000000e+00
    outer loop
      vertex   -1.880000e+02 -7.533863e+01 8.799960e+01
      vertex   -1.880000e+02 -7.625000e+01 9.613175e+01
      vertex   -1.880000e+02 -7.629519e+01 9.526939e+01
    endloop
  endfacet
  facet normal 1.000000e+00 0.000000e+00 0.000000e+00
    outer loop
      vertex   -1.880000e+02 -7.533863e+01 8.799960e+01
      vertex   -1.880000e+02 -7.629519e+01 9.526939e+01
      vertex   -1.880000e+02 -7.643028e+01 9.441648e+01
    endloop
  endfacet
  facet normal 1.000000e+00 0.000000e+00 0.000000e+00
    outer loop
      vertex   -1.880000e+02 -7.533863e+01 8.799960e+01
      vertex   -1.880000e+02 -7.643028e+01 9.441648e+01
      vertex   -1.880000e+02 -7.605753e+01 8.725553e+01
    endloop
  endfacet
  facet normal 1.000000e+00 0.000000e+00 0.000000e+00
    outer loop
      vertex   -1.880000e+02 -7.605753e+01 8.725553e+01
      vertex   -1.880000e+02 -7.643028e+01 9.441648e+01
      vertex   -1.880000e+02 -7.665378e+01 9.358236e+01
    endloop
  endfacet
  facet normal 1.000000e+00 0.000000e+00 0.000000e+00
    outer loop
      vertex   -1.880000e+02 -7.605753e+01 8.725553e+01
      vertex   -1.880000e+02 -7.665378e+01 9.358236e+01
      vertex   -1.880000e+02 -7.683665e+01 8.657478e+01
    endloop
  endfacet
  facet normal 1.000000e+00 0.000000e+00 -0.000000e+00
    outer loop
      vertex   -1.880000e+02 -7.683665e+01 8.657478e+01
      vertex   -1.880000e+02 -7.665378e+01 9.358236e+01
      vertex   -1.880000e+02 -7.696325e+01 9.277617e+01
    endloop
  endfacet
  facet normal 1.000000e+00 0.000000e+00 0.000000e+00
    outer loop
      vertex   -1.880000e+02 -7.683665e+01 8.657478e+01
      vertex   -1.880000e+02 -7.696325e+01 9.277617e+01
      vertex   -1.880000e+02 -7.735529e+01 9.200675e+01
    endloop
  endfacet
  facet normal 1.000000e+00 0.000000e+00 0.000000e+00
    outer loop
      vertex   -1.880000e+02 -7.683665e+01 8.657478e+01
      vertex   -1.880000e+02 -7.735529e+01 9.200675e+01
      vertex   -1.880000e+02 -7.767044e+01 8.596221e+01
    endloop
  endfacet
  facet normal 1.000000e+00 0.000000e+00 -0.000000e+00
    outer loop
      vertex   -1.880000e+02 -7.767044e+01 8.596221e+01
      vertex   -1.880000e+02 -7.735529e+01 9.200675e+01
      vertex   -1.880000e+02 -7.782561e+01 9.128252e+01
    endloop
  endfacet
  facet normal 1.000000e+00 0.000000e+00 0.000000e+00
    outer loop
      vertex   -1.880000e+02 -7.767044e+01 8.596221e+01
      vertex   -1.880000e+02 -7.782561e+01 9.128252e+01
      vertex   -1.880000e+02 -7.836906e+01 9.061142e+01
    endloop
  endfacet
  facet normal 1.000000e+00 0.000000e+00 0.000000e+00
    outer loop
      vertex   -1.880000e+02 -7.767044e+01 8.596221e+01
      vertex   -1.880000e+02 -7.836906e+01 9.061142e+01
      vertex   -1.880000e+02 -7.855294e+01 8.542218e+01
    endloop
  endfacet
  facet normal 1.000000e+00 0.000000e+00 -0.000000e+00
    outer loop
      vertex   -1.880000e+02 -7.855294e+01 8.542218e+01
      vertex   -1.880000e+02 -7.836906e+01 9.061142e+01
      vertex   -1.880000e+02 -7.897967e+01 9.000081e+01
    endloop
  endfacet
  facet normal 1.000000e+00 0.000000e+00 0.000000e+00
    outer loop
      vertex   -1.880000e+02 -7.855294e+01 8.542218e+01
      vertex   -1.880000e+02 -7.897967e+01 9.000081e+01
      vertex   -1.880000e+02 -7.947787e+01 8.495854e+01
    endloop
  endfacet
  facet normal 1.000000e+00 0.000000e+00 -0.000000e+00
    outer loop
      vertex   -1.880000e+02 -7.947787e+01 8.495854e+01
      vertex   -1.880000e+02 -7.897967e+01 9.000081e+01
      vertex   -1.880000e+02 -7.965077e+01 8.945736e+01
    endloop
  endfacet
  facet normal 1.000000e+00 0.000000e+00 0.000000e+00
    outer loop
      vertex   -1.880000e+02 -7.947787e+01 8.495854e+01
      vertex   -1.880000e+02 -7.965077e+01 8.945736e+01
      vertex   -1.880000e+02 -8.037500e+01 8.898704e+01
    endloop
  endfacet
  facet normal 1.000000e+00 0.000000e+00 0.000000e+00
    outer loop
      vertex   -1.880000e+02 -7.947787e+01 8.495854e+01
      vertex   -1.880000e+02 -8.037500e+01 8.898704e+01
      vertex   -1.880000e+02 -8.043862e+01 8.457460e+01
    endloop
  endfacet
  facet normal 1.000000e+00 0.000000e+00 -0.000000e+00
    outer loop
      vertex   -1.880000e+02 -8.043862e+01 8.457460e+01
      vertex   -1.880000e+02 -8.037500e+01 8.898704e+01
      vertex   -1.880000e+02 -8.114442e+01 8.859500e+01
    endloop
  endfacet
  facet normal 1.000000e+00 0.000000e+00 0.000000e+00
    outer loop
      vertex   -1.880000e+02 -8.043862e+01 8.457460e+01
      vertex   -1.880000e+02 -8.114442e+01 8.859500e+01
      vertex   -1.880000e+02 -8.142834e+01 8.427311e+01
    endloop
  endfacet
  facet normal 1.000000e+00 0.000000e+00 -0.000000e+00
    outer loop
      vertex   -1.880000e+02 -8.142834e+01 8.427311e+01
      vertex   -1.880000e+02 -8.114442e+01 8.859500e+01
      vertex   -1.880000e+02 -8.195061e+01 8.828553e+01
    endloop
  endfacet
  facet normal 1.000000e+00 0.000000e+00 0.000000e+00
    outer loop
      vertex   -1.880000e+02 -8.142834e+01 8.427311e+01
      vertex   -1.880000e+02 -8.195061e+01 8.828553e+01
      vertex   -1.880000e+02 -8.243997e+01 8.405621e+01
    endloop
  endfacet
  facet normal 1.000000e+00 0.000000e+00 -0.000000e+00
    outer loop
      vertex   -1.880000e+02 -8.243997e+01 8.405621e+01
      vertex   -1.880000e+02 -8.195061e+01 8.828553e+01
      vertex   -1.880000e+02 -8.278473e+01 8.806203e+01
    endloop
  endfacet
  facet normal 1.000000e+00 0.000000e+00 0.000000e+00
    outer loop
      vertex   -1.880000e+02 -8.243997e+01 8.405621e+01
      vertex   -1.880000e+02 -8.278473e+01 8.806203e+01
      vertex   -1.880000e+02 -8.346630e+01 8.392544e+01
    endloop
  endfacet
  facet normal 1.000000e+00 0.000000e+00 -0.000000e+00
    outer loop
      vertex   -1.880000e+02 -8.346630e+01 8.392544e+01
      vertex   -1.880000e+02 -8.278473e+01 8.806203e+01
      vertex   -1.880000e+02 -8.363764e+01 8.792694e+01
    endloop
  endfacet
  facet normal 1.000000e+00 0.000000e+00 0.000000e+00
    outer loop
      vertex   -1.880000e+02 -8.346630e+01 8.392544e+01
      vertex   -1.880000e+02 -8.363764e+01 8.792694e+01
      vertex   -1.880000e+02 -8.450000e+01 8.388175e+01
    endloop
  endfacet
  facet normal 1.000000e+00 0.000000e+00 0.000000e+00
    outer loop
      vertex   -1.880000e+02 -8.450000e+01 8.388175e+01
      vertex   -1.880000e+02 -8.363764e+01 8.792694e+01
      vertex   -1.880000e+02 -8.450000e+01 8.788175e+01
    endloop
  endfacet
  facet normal 1.000000e+00 0.000000e+00 0.000000e+00
    outer loop
      vertex   -1.880000e+02 -7.457140e+01 1.033071e+02
      vertex   -1.880000e+02 -7.410156e+01 8.965604e+01
      vertex   -1.880000e+02 -7.400133e+01 1.024437e+02
    endloop
  endfacet
  facet normal 1.000000e+00 0.000000e+00 0.000000e+00
    outer loop
      vertex   -1.880000e+02 -7.400133e+01 1.024437e+02
      vertex   -1.880000e+02 -7.410156e+01 8.965604e+01
      vertex   -1.880000e+02 -7.359220e+01 9.055659e+01
    endloop
  endfacet
  facet normal 1.000000e+00 0.000000e+00 0.000000e+00
    outer loop
      vertex   -1.880000e+02 -7.400133e+01 1.024437e+02
      vertex   -1.880000e+02 -7.359220e+01 9.055659e+01
      vertex   -1.880000e+02 -7.350615e+01 1.015352e+02
    endloop
  endfacet
  facet normal 1.000000e+00 0.000000e+00 0.000000e+00
    outer loop
      vertex   -1.880000e+02 -7.350615e+01 1.015352e+02
      vertex   -1.880000e+02 -7.359220e+01 9.055659e+01
      vertex   -1.880000e+02 -7.316065e+01 9.149692e+01
    endloop
  endfacet
  facet normal 1.000000e+00 0.000000e+00 0.000000e+00
    outer loop
      vertex   -1.880000e+02 -7.350615e+01 1.015352e+02
      vertex   -1.880000e+02 -7.316065e+01 9.149692e+01
      vertex   -1.880000e+02 -7.308939e+01 1.005883e+02
    endloop
  endfacet
  facet normal 1.000000e+00 0.000000e+00 0.000000e+00
    outer loop
      vertex   -1.880000e+02 -7.308939e+01 1.005883e+02
      vertex   -1.880000e+02 -7.316065e+01 9.149692e+01
      vertex   -1.880000e+02 -7.280999e+01 9.247031e+01
    endloop
  endfacet
  facet normal 1.000000e+00 0.000000e+00 0.000000e+00
    outer loop
      vertex   -1.880000e+02 -7.308939e+01 1.005883e+02
      vertex   -1.880000e+02 -7.280999e+01 9.247031e+01
      vertex   -1.880000e+02 -7.275403e+01 9.960950e+01
    endloop
  endfacet
  facet normal 1.000000e+00 0.000000e+00 0.000000e+00
    outer loop
      vertex   -1.880000e+02 -7.275403e+01 9.960950e+01
      vertex   -1.880000e+02 -7.280999e+01 9.247031e+01
      vertex   -1.880000e+02 -7.254272e+01 9.346982e+01
    endloop
  endfacet
  facet normal 1.000000e+00 0.000000e+00 0.000000e+00
    outer loop
      vertex   -1.880000e+02 -7.275403e+01 9.960950e+01
      vertex   -1.880000e+02 -7.254272e+01 9.346982e+01
      vertex   -1.880000e+02 -7.250246e+01 9.860593e+01
    endloop
  endfacet
  facet normal 1.000000e+00 0.000000e+00 0.000000e+00
    outer loop
      vertex   -1.880000e+02 -7.250246e+01 9.860593e+01
      vertex   -1.880000e+02 -7.254272e+01 9.346982e+01
      vertex   -1.880000e+02 -7.236074e+01 9.448831e+01
    endloop
  endfacet
  facet normal 1.000000e+00 0.000000e+00 0.000000e+00
    outer loop
      vertex   -1.880000e+02 -7.250246e+01 9.860593e+01
      vertex   -1.880000e+02 -7.236074e+01 9.448831e+01
      vertex   -1.880000e+02 -7.233647e+01 9.758471e+01
    endloop
  endfacet
  facet normal 1.000000e+00 0.000000e+00 0.000000e+00
    outer loop
      vertex   -1.880000e+02 -7.233647e+01 9.758471e+01
      vertex   -1.880000e+02 -7.236074e+01 9.448831e+01
      vertex   -1.880000e+02 -7.226536e+01 9.551853e+01
    endloop
  endfacet
  facet normal 1.000000e+00 0.000000e+00 0.000000e+00
    outer loop
      vertex   -1.880000e+02 -7.233647e+01 9.758471e+01
      vertex   -1.880000e+02 -7.226536e+01 9.551853e+01
      vertex   -1.880000e+02 -7.225725e+01 9.655312e+01
    endloop
  endfacet
  facet normal 1.000000e+00 0.000000e+00 -0.000000e+00
    outer loop
      vertex   -1.880000e+02 -8.050000e+01 1.140640e+02
      vertex   -1.880000e+02 -8.050000e+01 1.241995e+02
      vertex   -1.880000e+02 -8.218259e+01 1.284902e+02
    endloop
  endfacet
  facet normal 1.000000e+00 -0.000000e+00 0.000000e+00
    outer loop
      vertex   -1.880000e+02 -8.218259e+01 1.284902e+02
      vertex   -1.880000e+02 -8.050000e+01 1.241995e+02
      vertex   -1.880000e+02 -8.209609e+01 1.287143e+02
    endloop
  endfacet
  facet normal 1.000000e+00 -0.000000e+00 0.000000e+00
    outer loop
      vertex   -1.880000e+02 -8.209609e+01 1.287143e+02
      vertex   -1.880000e+02 -8.050000e+01 1.241995e+02
      vertex   -1.880000e+02 -8.206557e+01 1.289527e+02
    endloop
  endfacet
  facet normal 1.000000e+00 -0.000000e+00 0.000000e+00
    outer loop
      vertex   -1.880000e+02 -8.206557e+01 1.289527e+02
      vertex   -1.880000e+02 -8.050000e+01 1.241995e+02
      vertex   -1.880000e+02 -8.114442e+01 1.345950e+02
    endloop
  endfacet
  facet normal 1.000000e+00 0.000000e+00 -0.000000e+00
    outer loop
      vertex   -1.880000e+02 -8.206557e+01 1.289527e+02
      vertex   -1.880000e+02 -8.114442e+01 1.345950e+02
      vertex   -1.880000e+02 -8.209279e+01 1.291915e+02
    endloop
  endfacet
  facet normal 1.000000e+00 0.000000e+00 0.000000e+00
    outer loop
      vertex   -1.880000e+02 -8.209279e+01 1.291915e+02
      vertex   -1.880000e+02 -8.114442e+01 1.345950e+02
      vertex   -1.880000e+02 -8.195061e+01 1.342855e+02
    endloop
  endfacet
  facet normal 1.000000e+00 0.000000e+00 -0.000000e+00
    outer loop
      vertex   -1.880000e+02 -8.209279e+01 1.291915e+02
      vertex   -1.880000e+02 -8.195061e+01 1.342855e+02
      vertex   -1.880000e+02 -8.217618e+01 1.294168e+02
    endloop
  endfacet
  facet normal 1.000000e+00 0.000000e+00 -0.000000e+00
    outer loop
      vertex   -1.880000e+02 -8.217618e+01 1.294168e+02
      vertex   -1.880000e+02 -8.195061e+01 1.342855e+02
      vertex   -1.880000e+02 -8.231093e+01 1.296158e+02
    endloop
  endfacet
  facet normal 1.000000e+00 0.000000e+00 -0.000000e+00
    outer loop
      vertex   -1.880000e+02 -8.231093e+01 1.296158e+02
      vertex   -1.880000e+02 -8.195061e+01 1.342855e+02
      vertex   -1.880000e+02 -8.248925e+01 1.297769e+02
    endloop
  endfacet
  facet normal 1.000000e+00 0.000000e+00 -0.000000e+00
    outer loop
      vertex   -1.880000e+02 -8.248925e+01 1.297769e+02
      vertex   -1.880000e+02 -8.195061e+01 1.342855e+02
      vertex   -1.880000e+02 -8.278473e+01 1.340620e+02
    endloop
  endfacet
  facet normal 1.000000e+00 0.000000e+00 0.000000e+00
    outer loop
      vertex   -1.880000e+02 -8.248925e+01 1.297769e+02
      vertex   -1.880000e+02 -8.278473e+01 1.340620e+02
      vertex   -1.880000e+02 -8.270086e+01 1.298908e+02
    endloop
  endfacet
  facet normal 1.000000e+00 0.000000e+00 0.000000e+00
    outer loop
      vertex   -1.880000e+02 -8.270086e+01 1.298908e+02
      vertex   -1.880000e+02 -8.278473e+01 1.340620e+02
      vertex   -1.880000e+02 -8.293352e+01 1.299509e+02
    endloop
  endfacet
  facet normal 1.000000e+00 1.182319e-13 -4.278999e-15
    outer loop
      vertex   -1.880000e+02 -8.293352e+01 1.299509e+02
      vertex   -1.880000e+02 -8.278473e+01 1.340620e+02
      vertex   -1.880000e+02 -8.317380e+01 1.299537e+02
    endloop
  endfacet
  facet normal 1.000000e+00 -1.112413e-15 7.023499e-15
    outer loop
      vertex   -1.880000e+02 -8.317380e+01 1.299537e+02
      vertex   -1.880000e+02 -8.278473e+01 1.340620e+02
      vertex   -1.880000e+02 -8.363764e+01 1.339269e+02
    endloop
  endfacet
  facet normal 1.000000e+00 -6.440046e-14 -3.648433e-16
    outer loop
      vertex   -1.880000e+02 -8.317380e+01 1.299537e+02
      vertex   -1.880000e+02 -8.363764e+01 1.339269e+02
      vertex   -1.880000e+02 -8.361490e+01 1.299138e+02
    endloop
  endfacet
  facet normal 1.000000e+00 0.000000e+00 0.000000e+00
    outer loop
      vertex   -1.880000e+02 -8.361490e+01 1.299138e+02
      vertex   -1.880000e+02 -8.363764e+01 1.339269e+02
      vertex   -1.880000e+02 -8.405716e+01 1.298898e+02
    endloop
  endfacet
  facet normal 1.000000e+00 0.000000e+00 -0.000000e+00
    outer loop
      vertex   -1.880000e+02 -8.405716e+01 1.298898e+02
      vertex   -1.880000e+02 -8.363764e+01 1.339269e+02
      vertex   -1.880000e+02 -8.450000e+01 1.338817e+02
    endloop
  endfacet
  facet normal 1.000000e+00 0.000000e+00 0.000000e+00
    outer loop
      vertex   -1.880000e+02 -8.405716e+01 1.298898e+02
      vertex   -1.880000e+02 -8.450000e+01 1.338817e+02
      vertex   -1.880000e+02 -8.450000e+01 1.298817e+02
    endloop
  endfacet
  facet normal 1.000000e+00 0.000000e+00 0.000000e+00
    outer loop
      vertex   -1.880000e+02 -7.521229e+01 1.341442e+02
      vertex   -1.880000e+02 -7.782561e+01 1.372825e+02
      vertex   -1.880000e+02 -8.050000e+01 1.241995e+02
    endloop
  endfacet
  facet normal 1.000000e+00 0.000000e+00 0.000000e+00
    outer loop
      vertex   -1.880000e+02 -8.050000e+01 1.241995e+02
      vertex   -1.880000e+02 -7.782561e+01 1.372825e+02
      vertex   -1.880000e+02 -7.836906e+01 1.366114e+02
    endloop
  endfacet
  facet normal 1.000000e+00 0.000000e+00 0.000000e+00
    outer loop
      vertex   -1.880000e+02 -8.050000e+01 1.241995e+02
      vertex   -1.880000e+02 -7.836906e+01 1.366114e+02
      vertex   -1.880000e+02 -7.897967e+01 1.360008e+02
    endloop
  endfacet
  facet normal 1.000000e+00 0.000000e+00 0.000000e+00
    outer loop
      vertex   -1.880000e+02 -7.457140e+01 1.349564e+02
      vertex   -1.880000e+02 -7.625000e+01 1.421317e+02
      vertex   -1.880000e+02 -7.521229e+01 1.341442e+02
    endloop
  endfacet
  facet normal 1.000000e+00 0.000000e+00 0.000000e+00
    outer loop
      vertex   -1.880000e+02 -7.521229e+01 1.341442e+02
      vertex   -1.880000e+02 -7.625000e+01 1.421317e+02
      vertex   -1.880000e+02 -7.629519e+01 1.412694e+02
    endloop
  endfacet
  facet normal 1.000000e+00 0.000000e+00 0.000000e+00
    outer loop
      vertex   -1.880000e+02 -7.521229e+01 1.341442e+02
      vertex   -1.880000e+02 -7.629519e+01 1.412694e+02
      vertex   -1.880000e+02 -7.643028e+01 1.404165e+02
    endloop
  endfacet
  facet normal 1.000000e+00 0.000000e+00 0.000000e+00
    outer loop
      vertex   -1.880000e+02 -7.400133e+01 1.358198e+02
      vertex   -1.880000e+02 -7.410156e+01 1.486075e+02
      vertex   -1.880000e+02 -7.457140e+01 1.349564e+02
    endloop
  endfacet
  facet normal 1.000000e+00 0.000000e+00 -0.000000e+00
    outer loop
      vertex   -1.880000e+02 -7.457140e+01 1.349564e+02
      vertex   -1.880000e+02 -7.410156e+01 1.486075e+02
      vertex   -1.880000e+02 -7.468509e+01 1.494618e+02
    endloop
  endfacet
  facet normal 1.000000e+00 0.000000e+00 0.000000e+00
    outer loop
      vertex   -1.880000e+02 -7.457140e+01 1.349564e+02
      vertex   -1.880000e+02 -7.468509e+01 1.494618e+02
      vertex   -1.880000e+02 -7.625000e+01 1.421317e+02
    endloop
  endfacet
  facet normal 1.000000e+00 0.000000e+00 0.000000e+00
    outer loop
      vertex   -1.880000e+02 -7.625000e+01 1.421317e+02
      vertex   -1.880000e+02 -7.468509e+01 1.494618e+02
      vertex   -1.880000e+02 -7.533863e+01 1.502639e+02
    endloop
  endfacet
  facet normal 1.000000e+00 0.000000e+00 -0.000000e+00
    outer loop
      vertex   -1.880000e+02 -7.625000e+01 1.421317e+02
      vertex   -1.880000e+02 -7.533863e+01 1.502639e+02
      vertex   -1.880000e+02 -7.629519e+01 1.429941e+02
    endloop
  endfacet
  facet normal 1.000000e+00 0.000000e+00 -0.000000e+00
    outer loop
      vertex   -1.880000e+02 -7.629519e+01 1.429941e+02
      vertex   -1.880000e+02 -7.533863e+01 1.502639e+02
      vertex   -1.880000e+02 -7.643028e+01 1.438470e+02
    endloop
  endfacet
  facet normal 1.000000e+00 0.000000e+00 0.000000e+00
    outer loop
      vertex   -1.880000e+02 -7.643028e+01 1.438470e+02
      vertex   -1.880000e+02 -7.533863e+01 1.502639e+02
      vertex   -1.880000e+02 -7.605753e+01 1.510080e+02
    endloop
  endfacet
  facet normal 1.000000e+00 0.000000e+00 -0.000000e+00
    outer loop
      vertex   -1.880000e+02 -7.643028e+01 1.438470e+02
      vertex   -1.880000e+02 -7.605753e+01 1.510080e+02
      vertex   -1.880000e+02 -7.665378e+01 1.446811e+02
    endloop
  endfacet
  facet normal 1.000000e+00 0.000000e+00 -0.000000e+00
    outer loop
      vertex   -1.880000e+02 -7.665378e+01 1.446811e+02
      vertex   -1.880000e+02 -7.605753e+01 1.510080e+02
      vertex   -1.880000e+02 -7.683665e+01 1.516887e+02
    endloop
  endfacet
  facet normal 1.000000e+00 0.000000e+00 0.000000e+00
    outer loop
      vertex   -1.880000e+02 -7.665378e+01 1.446811e+02
      vertex   -1.880000e+02 -7.683665e+01 1.516887e+02
      vertex   -1.880000e+02 -7.696325e+01 1.454873e+02
    endloop
  endfacet
  facet normal 1.000000e+00 0.000000e+00 -0.000000e+00
    outer loop
      vertex   -1.880000e+02 -7.696325e+01 1.454873e+02
      vertex   -1.880000e+02 -7.683665e+01 1.516887e+02
      vertex   -1.880000e+02 -7.735529e+01 1.462567e+02
    endloop
  endfacet
  facet normal 1.000000e+00 0.000000e+00 -0.000000e+00
    outer loop
      vertex   -1.880000e+02 -7.735529e+01 1.462567e+02
      vertex   -1.880000e+02 -7.683665e+01 1.516887e+02
      vertex   -1.880000e+02 -7.767044e+01 1.523013e+02
    endloop
  endfacet
  facet normal 1.000000e+00 0.000000e+00 0.000000e+00
    outer loop
      vertex   -1.880000e+02 -7.735529e+01 1.462567e+02
      vertex   -1.880000e+02 -7.767044e+01 1.523013e+02
      vertex   -1.880000e+02 -7.782561e+01 1.469810e+02
    endloop
  endfacet
  facet normal 1.000000e+00 0.000000e+00 -0.000000e+00
    outer loop
      vertex   -1.880000e+02 -7.782561e+01 1.469810e+02
      vertex   -1.880000e+02 -7.767044e+01 1.523013e+02
      vertex   -1.880000e+02 -7.836906e+01 1.476521e+02
    endloop
  endfacet
  facet normal 1.000000e+00 0.000000e+00 -0.000000e+00
    outer loop
      vertex   -1.880000e+02 -7.836906e+01 1.476521e+02
      vertex   -1.880000e+02 -7.767044e+01 1.523013e+02
      vertex   -1.880000e+02 -7.855294e+01 1.528413e+02
    endloop
  endfacet
  facet normal 1.000000e+00 0.000000e+00 0.000000e+00
    outer loop
      vertex   -1.880000e+02 -7.836906e+01 1.476521e+02
      vertex   -1.880000e+02 -7.855294e+01 1.528413e+02
      vertex   -1.880000e+02 -7.897967e+01 1.482627e+02
    endloop
  endfacet
  facet normal 1.000000e+00 0.000000e+00 -0.000000e+00
    outer loop
      vertex   -1.880000e+02 -7.897967e+01 1.482627e+02
      vertex   -1.880000e+02 -7.855294e+01 1.528413e+02
      vertex   -1.880000e+02 -7.947787e+01 1.533050e+02
    endloop
  endfacet
  facet normal 1.000000e+00 0.000000e+00 0.000000e+00
    outer loop
      vertex   -1.880000e+02 -7.897967e+01 1.482627e+02
      vertex   -1.880000e+02 -7.947787e+01 1.533050e+02
      vertex   -1.880000e+02 -7.965077e+01 1.488061e+02
    endloop
  endfacet
  facet normal 1.000000e+00 0.000000e+00 -0.000000e+00
    outer loop
      vertex   -1.880000e+02 -7.965077e+01 1.488061e+02
      vertex   -1.880000e+02 -7.947787e+01 1.533050e+02
      vertex   -1.880000e+02 -8.037500e+01 1.492765e+02
    endloop
  endfacet
  facet normal 1.000000e+00 0.000000e+00 -0.000000e+00
    outer loop
      vertex   -1.880000e+02 -8.037500e+01 1.492765e+02
      vertex   -1.880000e+02 -7.947787e+01 1.533050e+02
      vertex   -1.880000e+02 -8.043862e+01 1.536889e+02
    endloop
  endfacet
  facet normal 1.000000e+00 0.000000e+00 0.000000e+00
    outer loop
      vertex   -1.880000e+02 -8.037500e+01 1.492765e+02
      vertex   -1.880000e+02 -8.043862e+01 1.536889e+02
      vertex   -1.880000e+02 -8.114442e+01 1.496685e+02
    endloop
  endfacet
  facet normal 1.000000e+00 0.000000e+00 -0.000000e+00
    outer loop
      vertex   -1.880000e+02 -8.114442e+01 1.496685e+02
      vertex   -1.880000e+02 -8.043862e+01 1.536889e+02
      vertex   -1.880000e+02 -8.142834e+01 1.539904e+02
    endloop
  endfacet
  facet normal 1.000000e+00 0.000000e+00 0.000000e+00
    outer loop
      vertex   -1.880000e+02 -8.114442e+01 1.496685e+02
      vertex   -1.880000e+02 -8.142834e+01 1.539904e+02
      vertex   -1.880000e+02 -8.195061e+01 1.499780e+02
    endloop
  endfacet
  facet normal 1.000000e+00 0.000000e+00 -0.000000e+00
    outer loop
      vertex   -1.880000e+02 -8.195061e+01 1.499780e+02
      vertex   -1.880000e+02 -8.142834e+01 1.539904e+02
      vertex   -1.880000e+02 -8.243997e+01 1.542073e+02
    endloop
  endfacet
  facet normal 1.000000e+00 0.000000e+00 0.000000e+00
    outer loop
      vertex   -1.880000e+02 -8.195061e+01 1.499780e+02
      vertex   -1.880000e+02 -8.243997e+01 1.542073e+02
      vertex   -1.880000e+02 -8.278473e+01 1.502015e+02
    endloop
  endfacet
  facet normal 1.000000e+00 0.000000e+00 -0.000000e+00
    outer loop
      vertex   -1.880000e+02 -8.278473e+01 1.502015e+02
      vertex   -1.880000e+02 -8.243997e+01 1.542073e+02
      vertex   -1.880000e+02 -8.346630e+01 1.543381e+02
    endloop
  endfacet
  facet normal 1.000000e+00 0.000000e+00 0.000000e+00
    outer loop
      vertex   -1.880000e+02 -8.278473e+01 1.502015e+02
      vertex   -1.880000e+02 -8.346630e+01 1.543381e+02
      vertex   -1.880000e+02 -8.363764e+01 1.503366e+02
    endloop
  endfacet
  facet normal 1.000000e+00 0.000000e+00 -0.000000e+00
    outer loop
      vertex   -1.880000e+02 -8.363764e+01 1.503366e+02
      vertex   -1.880000e+02 -8.346630e+01 1.543381e+02
      vertex   -1.880000e+02 -8.450000e+01 1.543817e+02
    endloop
  endfacet
  facet normal 1.000000e+00 0.000000e+00 0.000000e+00
    outer loop
      vertex   -1.880000e+02 -8.363764e+01 1.503366e+02
      vertex   -1.880000e+02 -8.450000e+01 1.543817e+02
      vertex   -1.880000e+02 -8.450000e+01 1.503817e+02
    endloop
  endfacet
  facet normal 1.000000e+00 0.000000e+00 0.000000e+00
    outer loop
      vertex   -1.880000e+02 -7.410156e+01 1.486075e+02
      vertex   -1.880000e+02 -7.400133e+01 1.358198e+02
      vertex   -1.880000e+02 -7.359220e+01 1.477069e+02
    endloop
  endfacet
  facet normal 1.000000e+00 0.000000e+00 0.000000e+00
    outer loop
      vertex   -1.880000e+02 -7.359220e+01 1.477069e+02
      vertex   -1.880000e+02 -7.400133e+01 1.358198e+02
      vertex   -1.880000e+02 -7.350615e+01 1.367283e+02
    endloop
  endfacet
  facet normal 1.000000e+00 0.000000e+00 0.000000e+00
    outer loop
      vertex   -1.880000e+02 -7.359220e+01 1.477069e+02
      vertex   -1.880000e+02 -7.350615e+01 1.367283e+02
      vertex   -1.880000e+02 -7.316065e+01 1.467666e+02
    endloop
  endfacet
  facet normal 1.000000e+00 0.000000e+00 0.000000e+00
    outer loop
      vertex   -1.880000e+02 -7.316065e+01 1.467666e+02
      vertex   -1.880000e+02 -7.350615e+01 1.367283e+02
      vertex   -1.880000e+02 -7.308939e+01 1.376752e+02
    endloop
  endfacet
  facet normal 1.000000e+00 0.000000e+00 0.000000e+00
    outer loop
      vertex   -1.880000e+02 -7.316065e+01 1.467666e+02
      vertex   -1.880000e+02 -7.308939e+01 1.376752e+02
      vertex   -1.880000e+02 -7.280999e+01 1.457932e+02
    endloop
  endfacet
  facet normal 1.000000e+00 0.000000e+00 0.000000e+00
    outer loop
      vertex   -1.880000e+02 -7.280999e+01 1.457932e+02
      vertex   -1.880000e+02 -7.308939e+01 1.376752e+02
      vertex   -1.880000e+02 -7.275403e+01 1.386540e+02
    endloop
  endfacet
  facet normal 1.000000e+00 0.000000e+00 0.000000e+00
    outer loop
      vertex   -1.880000e+02 -7.280999e+01 1.457932e+02
      vertex   -1.880000e+02 -7.275403e+01 1.386540e+02
      vertex   -1.880000e+02 -7.254272e+01 1.447937e+02
    endloop
  endfacet
  facet normal 1.000000e+00 0.000000e+00 0.000000e+00
    outer loop
      vertex   -1.880000e+02 -7.254272e+01 1.447937e+02
      vertex   -1.880000e+02 -7.275403e+01 1.386540e+02
      vertex   -1.880000e+02 -7.250246e+01 1.396576e+02
    endloop
  endfacet
  facet normal 1.000000e+00 0.000000e+00 0.000000e+00
    outer loop
      vertex   -1.880000e+02 -7.254272e+01 1.447937e+02
      vertex   -1.880000e+02 -7.250246e+01 1.396576e+02
      vertex   -1.880000e+02 -7.236074e+01 1.437752e+02
    endloop
  endfacet
  facet normal 1.000000e+00 0.000000e+00 0.000000e+00
    outer loop
      vertex   -1.880000e+02 -7.236074e+01 1.437752e+02
      vertex   -1.880000e+02 -7.250246e+01 1.396576e+02
      vertex   -1.880000e+02 -7.233647e+01 1.406788e+02
    endloop
  endfacet
  facet normal 1.000000e+00 0.000000e+00 0.000000e+00
    outer loop
      vertex   -1.880000e+02 -7.236074e+01 1.437752e+02
      vertex   -1.880000e+02 -7.233647e+01 1.406788e+02
      vertex   -1.880000e+02 -7.226536e+01 1.427450e+02
    endloop
  endfacet
  facet normal 1.000000e+00 0.000000e+00 0.000000e+00
    outer loop
      vertex   -1.880000e+02 -7.226536e+01 1.427450e+02
      vertex   -1.880000e+02 -7.233647e+01 1.406788e+02
      vertex   -1.880000e+02 -7.225725e+01 1.417104e+02
    endloop
  endfacet
  facet normal 1.000000e+00 0.000000e+00 0.000000e+00
    outer loop
      vertex   -1.880000e+02 -7.643028e+01 1.404165e+02
      vertex   -1.880000e+02 -7.665378e+01 1.395824e+02
      vertex   -1.880000e+02 -7.521229e+01 1.341442e+02
    endloop
  endfacet
  facet normal 1.000000e+00 0.000000e+00 0.000000e+00
    outer loop
      vertex   -1.880000e+02 -7.521229e+01 1.341442e+02
      vertex   -1.880000e+02 -7.665378e+01 1.395824e+02
      vertex   -1.880000e+02 -7.696325e+01 1.387762e+02
    endloop
  endfacet
  facet normal 1.000000e+00 0.000000e+00 0.000000e+00
    outer loop
      vertex   -1.880000e+02 -7.521229e+01 1.341442e+02
      vertex   -1.880000e+02 -7.696325e+01 1.387762e+02
      vertex   -1.880000e+02 -7.735529e+01 1.380067e+02
    endloop
  endfacet
  facet normal 1.000000e+00 0.000000e+00 0.000000e+00
    outer loop
      vertex   -1.880000e+02 -7.735529e+01 1.380067e+02
      vertex   -1.880000e+02 -7.782561e+01 1.372825e+02
      vertex   -1.880000e+02 -7.521229e+01 1.341442e+02
    endloop
  endfacet
  facet normal 1.000000e+00 0.000000e+00 0.000000e+00
    outer loop
      vertex   -1.880000e+02 -7.897967e+01 1.360008e+02
      vertex   -1.880000e+02 -7.965077e+01 1.354574e+02
      vertex   -1.880000e+02 -8.050000e+01 1.241995e+02
    endloop
  endfacet
  facet normal 1.000000e+00 0.000000e+00 0.000000e+00
    outer loop
      vertex   -1.880000e+02 -8.050000e+01 1.241995e+02
      vertex   -1.880000e+02 -7.965077e+01 1.354574e+02
      vertex   -1.880000e+02 -8.037500e+01 1.349870e+02
    endloop
  endfacet
  facet normal 1.000000e+00 0.000000e+00 -0.000000e+00
    outer loop
      vertex   -1.880000e+02 -8.050000e+01 1.241995e+02
      vertex   -1.880000e+02 -8.037500e+01 1.349870e+02
      vertex   -1.880000e+02 -8.114442e+01 1.345950e+02
    endloop
  endfacet
  facet normal 1.000000e+00 0.000000e+00 0.000000e+00
    outer loop
      vertex   -1.880000e+02 -8.450000e+01 1.143811e+02
      vertex   -1.880000e+02 -8.438295e+01 1.243519e+02
      vertex   -1.880000e+02 -8.450000e+01 1.238824e+02
    endloop
  endfacet
  facet normal 1.000000e+00 0.000000e+00 0.000000e+00
    outer loop
      vertex   -1.880000e+02 -8.450000e+01 1.238824e+02
      vertex   -1.880000e+02 -8.438295e+01 1.243519e+02
      vertex   -1.880000e+02 -8.444740e+01 1.242025e+02
    endloop
  endfacet
  facet normal 1.000000e+00 0.000000e+00 0.000000e+00
    outer loop
      vertex   -1.880000e+02 -8.450000e+01 1.238824e+02
      vertex   -1.880000e+02 -8.444740e+01 1.242025e+02
      vertex   -1.880000e+02 -8.448676e+01 1.240446e+02
    endloop
  endfacet
  facet normal -2.480831e-03 -9.966818e-01 8.135842e-02
    outer loop
      vertex   -1.880000e+02 -8.448676e+01 1.240446e+02
      vertex   -1.920000e+02 -8.447030e+01 1.241243e+02
      vertex   -1.880000e+02 -8.450000e+01 1.238824e+02
    endloop
  endfacet
  facet normal 1.655401e-19 -9.925462e-01 1.218693e-01
    outer loop
      vertex   -1.880000e+02 -8.450000e+01 1.238824e+02
      vertex   -1.920000e+02 -8.447030e+01 1.241243e+02
      vertex   -1.960000e+02 -8.447030e+01 1.241243e+02
    endloop
  endfacet
  facet normal 9.936201e-04 -9.880432e-01 1.541740e-01
    outer loop
      vertex   -1.880000e+02 -8.450000e+01 1.238824e+02
      vertex   -1.960000e+02 -8.447030e+01 1.241243e+02
      vertex   -2.000000e+02 -8.448676e+01 1.240446e+02
    endloop
  endfacet
  facet normal -8.287777e-04 -9.702954e-01 2.419218e-01
    outer loop
      vertex   -2.000000e+02 -8.448676e+01 1.240446e+02
      vertex   -1.960000e+02 -8.447030e+01 1.241243e+02
      vertex   -2.000000e+02 -8.444740e+01 1.242025e+02
    endloop
  endfacet
  facet normal 2.480831e-03 -9.182133e-01 3.960785e-01
    outer loop
      vertex   -2.000000e+02 -8.444740e+01 1.242025e+02
      vertex   -1.960000e+02 -8.447030e+01 1.241243e+02
      vertex   -2.000000e+02 -8.438295e+01 1.243519e+02
    endloop
  endfacet
  facet normal 1.608964e-18 -9.335804e-01 3.583679e-01
    outer loop
      vertex   -2.000000e+02 -8.438295e+01 1.243519e+02
      vertex   -1.960000e+02 -8.447030e+01 1.241243e+02
      vertex   -1.920000e+02 -8.447030e+01 1.241243e+02
    endloop
  endfacet
  facet normal -9.936201e-04 -9.447707e-01 3.277306e-01
    outer loop
      vertex   -2.000000e+02 -8.438295e+01 1.243519e+02
      vertex   -1.920000e+02 -8.447030e+01 1.241243e+02
      vertex   -1.880000e+02 -8.444740e+01 1.242025e+02
    endloop
  endfacet
  facet normal 8.287777e-04 -9.702954e-01 2.419218e-01
    outer loop
      vertex   -1.880000e+02 -8.444740e+01 1.242025e+02
      vertex   -1.920000e+02 -8.447030e+01 1.241243e+02
      vertex   -1.880000e+02 -8.448676e+01 1.240446e+02
    endloop
  endfacet
  facet normal -2.108730e-19 -9.182161e-01 3.960798e-01
    outer loop
      vertex   -1.880000e+02 -8.444740e+01 1.242025e+02
      vertex   -1.880000e+02 -8.438295e+01 1.243519e+02
      vertex   -2.000000e+02 -8.438295e+01 1.243519e+02
    endloop
  endfacet
  facet normal -3.360906e-20 -9.966849e-01 8.135867e-02
    outer loop
      vertex   -2.000000e+02 -8.448676e+01 1.240446e+02
      vertex   -2.000000e+02 -8.450000e+01 1.238824e+02
      vertex   -1.880000e+02 -8.450000e+01 1.238824e+02
    endloop
  endfacet
  facet normal 0.000000e+00 -1.196850e-02 -9.999284e-01
    outer loop
      vertex   -2.000000e+02 -8.293352e+01 1.299509e+02
      vertex   -1.960000e+02 -8.293352e+01 1.299509e+02
      vertex   -2.000000e+02 -8.317380e+01 1.299537e+02
    endloop
  endfacet
  facet normal -2.097885e-20 -1.196850e-02 -9.999284e-01
    outer loop
      vertex   -2.000000e+02 -8.317380e+01 1.299537e+02
      vertex   -1.960000e+02 -8.293352e+01 1.299509e+02
      vertex   -1.920000e+02 -8.293352e+01 1.299509e+02
    endloop
  endfacet
  facet normal 0.000000e+00 -1.196850e-02 -9.999284e-01
    outer loop
      vertex   -2.000000e+02 -8.317380e+01 1.299537e+02
      vertex   -1.920000e+02 -8.293352e+01 1.299509e+02
      vertex   -1.880000e+02 -8.317380e+01 1.299537e+02
    endloop
  endfacet
  facet normal -2.097885e-20 -1.196850e-02 -9.999284e-01
    outer loop
      vertex   -1.880000e+02 -8.317380e+01 1.299537e+02
      vertex   -1.920000e+02 -8.293352e+01 1.299509e+02
      vertex   -1.880000e+02 -8.293352e+01 1.299509e+02
    endloop
  endfacet
  facet normal -0.000000e+00 -2.501677e-01 -9.682025e-01
    outer loop
      vertex   -1.880000e+02 -8.293352e+01 1.299509e+02
      vertex   -1.920000e+02 -8.293352e+01 1.299509e+02
      vertex   -1.880000e+02 -8.270086e+01 1.298908e+02
    endloop
  endfacet
  facet normal -0.000000e+00 -2.501677e-01 -9.682025e-01
    outer loop
      vertex   -1.880000e+02 -8.270086e+01 1.298908e+02
      vertex   -1.920000e+02 -8.293352e+01 1.299509e+02
      vertex   -1.920000e+02 -8.270086e+01 1.298908e+02
    endloop
  endfacet
  facet normal -0.000000e+00 -4.739209e-01 -8.805674e-01
    outer loop
      vertex   -1.880000e+02 -8.270086e+01 1.298908e+02
      vertex   -1.920000e+02 -8.270086e+01 1.298908e+02
      vertex   -1.880000e+02 -8.248925e+01 1.297769e+02
    endloop
  endfacet
  facet normal -0.000000e+00 -4.739209e-01 -8.805674e-01
    outer loop
      vertex   -1.880000e+02 -8.248925e+01 1.297769e+02
      vertex   -1.920000e+02 -8.270086e+01 1.298908e+02
      vertex   -1.920000e+02 -8.248925e+01 1.297769e+02
    endloop
  endfacet
  facet normal -0.000000e+00 -6.703073e-01 -7.420836e-01
    outer loop
      vertex   -1.880000e+02 -8.248925e+01 1.297769e+02
      vertex   -1.920000e+02 -8.248925e+01 1.297769e+02
      vertex   -1.880000e+02 -8.231093e+01 1.296158e+02
    endloop
  endfacet
  facet normal -0.000000e+00 -6.703073e-01 -7.420836e-01
    outer loop
      vertex   -1.880000e+02 -8.231093e+01 1.296158e+02
      vertex   -1.920000e+02 -8.248925e+01 1.297769e+02
      vertex   -1.920000e+02 -8.231093e+01 1.296158e+02
    endloop
  endfacet
  facet normal -0.000000e+00 -8.279866e-01 -5.607479e-01
    outer loop
      vertex   -1.880000e+02 -8.231093e+01 1.296158e+02
      vertex   -1.920000e+02 -8.231093e+01 1.296158e+02
      vertex   -1.880000e+02 -8.217618e+01 1.294168e+02
    endloop
  endfacet
  facet normal -0.000000e+00 -8.279866e-01 -5.607479e-01
    outer loop
      vertex   -1.880000e+02 -8.217618e+01 1.294168e+02
      vertex   -1.920000e+02 -8.231093e+01 1.296158e+02
      vertex   -1.920000e+02 -8.217618e+01 1.294168e+02
    endloop
  endfacet
  facet normal -0.000000e+00 -9.378534e-01 -3.470316e-01
    outer loop
      vertex   -1.880000e+02 -8.217618e+01 1.294168e+02
      vertex   -1.920000e+02 -8.217618e+01 1.294168e+02
      vertex   -1.880000e+02 -8.209279e+01 1.291915e+02
    endloop
  endfacet
  facet normal -3.331925e-15 -9.378534e-01 -3.470316e-01
    outer loop
      vertex   -1.880000e+02 -8.209279e+01 1.291915e+02
      vertex   -1.920000e+02 -8.217618e+01 1.294168e+02
      vertex   -1.920000e+02 -8.209279e+01 1.291915e+02
    endloop
  endfacet
  facet normal -3.529847e-15 -9.935636e-01 -1.132758e-01
    outer loop
      vertex   -1.880000e+02 -8.209279e+01 1.291915e+02
      vertex   -1.920000e+02 -8.209279e+01 1.291915e+02
      vertex   -1.880000e+02 -8.206557e+01 1.289527e+02
    endloop
  endfacet
  facet normal -3.529847e-15 -9.935636e-01 -1.132758e-01
    outer loop
      vertex   -1.880000e+02 -8.206557e+01 1.289527e+02
      vertex   -1.920000e+02 -8.209279e+01 1.291915e+02
      vertex   -1.920000e+02 -8.206557e+01 1.289527e+02
    endloop
  endfacet
  facet normal -3.523937e-15 -9.919000e-01 1.270211e-01
    outer loop
      vertex   -1.880000e+02 -8.206557e+01 1.289527e+02
      vertex   -1.920000e+02 -8.206557e+01 1.289527e+02
      vertex   -1.880000e+02 -8.209609e+01 1.287143e+02
    endloop
  endfacet
  facet normal 0.000000e+00 -9.919000e-01 1.270211e-01
    outer loop
      vertex   -1.880000e+02 -8.209609e+01 1.287143e+02
      vertex   -1.920000e+02 -8.206557e+01 1.289527e+02
      vertex   -1.920000e+02 -8.209609e+01 1.287143e+02
    endloop
  endfacet
  facet normal 0.000000e+00 -9.329588e-01 3.599832e-01
    outer loop
      vertex   -1.880000e+02 -8.209609e+01 1.287143e+02
      vertex   -1.920000e+02 -8.209609e+01 1.287143e+02
      vertex   -1.880000e+02 -8.218259e+01 1.284902e+02
    endloop
  endfacet
  facet normal -6.052707e-19 -9.329588e-01 3.599832e-01
    outer loop
      vertex   -1.880000e+02 -8.218259e+01 1.284902e+02
      vertex   -1.920000e+02 -8.209609e+01 1.287143e+02
      vertex   -1.960000e+02 -8.209609e+01 1.287143e+02
    endloop
  endfacet
  facet normal 0.000000e+00 -9.329588e-01 3.599832e-01
    outer loop
      vertex   -1.880000e+02 -8.218259e+01 1.284902e+02
      vertex   -1.960000e+02 -8.209609e+01 1.287143e+02
      vertex   -2.000000e+02 -8.218259e+01 1.284902e+02
    endloop
  endfacet
  facet normal -6.052707e-19 -9.329588e-01 3.599832e-01
    outer loop
      vertex   -2.000000e+02 -8.218259e+01 1.284902e+02
      vertex   -1.960000e+02 -8.209609e+01 1.287143e+02
      vertex   -2.000000e+02 -8.209609e+01 1.287143e+02
    endloop
  endfacet
  facet normal 0.000000e+00 -9.919000e-01 1.270211e-01
    outer loop
      vertex   -2.000000e+02 -8.209609e+01 1.287143e+02
      vertex   -1.960000e+02 -8.209609e+01 1.287143e+02
      vertex   -2.000000e+02 -8.206557e+01 1.289527e+02
    endloop
  endfacet
  facet normal 3.523937e-15 -9.919000e-01 1.270211e-01
    outer loop
      vertex   -2.000000e+02 -8.206557e+01 1.289527e+02
      vertex   -1.960000e+02 -8.209609e+01 1.287143e+02
      vertex   -1.960000e+02 -8.206557e+01 1.289527e+02
    endloop
  endfacet
  facet normal 3.529847e-15 -9.935636e-01 -1.132758e-01
    outer loop
      vertex   -2.000000e+02 -8.206557e+01 1.289527e+02
      vertex   -1.960000e+02 -8.206557e+01 1.289527e+02
      vertex   -2.000000e+02 -8.209279e+01 1.291915e+02
    endloop
  endfacet
  facet normal 3.529847e-15 -9.935636e-01 -1.132758e-01
    outer loop
      vertex   -2.000000e+02 -8.209279e+01 1.291915e+02
      vertex   -1.960000e+02 -8.206557e+01 1.289527e+02
      vertex   -1.960000e+02 -8.209279e+01 1.291915e+02
    endloop
  endfacet
  facet normal 3.331925e-15 -9.378534e-01 -3.470316e-01
    outer loop
      vertex   -2.000000e+02 -8.209279e+01 1.291915e+02
      vertex   -1.960000e+02 -8.209279e+01 1.291915e+02
      vertex   -2.000000e+02 -8.217618e+01 1.294168e+02
    endloop
  endfacet
  facet normal 0.000000e+00 -9.378534e-01 -3.470316e-01
    outer loop
      vertex   -2.000000e+02 -8.217618e+01 1.294168e+02
      vertex   -1.960000e+02 -8.209279e+01 1.291915e+02
      vertex   -1.960000e+02 -8.217618e+01 1.294168e+02
    endloop
  endfacet
  facet normal 0.000000e+00 -8.279866e-01 -5.607479e-01
    outer loop
      vertex   -2.000000e+02 -8.217618e+01 1.294168e+02
      vertex   -1.960000e+02 -8.217618e+01 1.294168e+02
      vertex   -2.000000e+02 -8.231093e+01 1.296158e+02
    endloop
  endfacet
  facet normal 0.000000e+00 -8.279866e-01 -5.607479e-01
    outer loop
      vertex   -2.000000e+02 -8.231093e+01 1.296158e+02
      vertex   -1.960000e+02 -8.217618e+01 1.294168e+02
      vertex   -1.960000e+02 -8.231093e+01 1.296158e+02
    endloop
  endfacet
  facet normal 0.000000e+00 -6.703073e-01 -7.420836e-01
    outer loop
      vertex   -2.000000e+02 -8.231093e+01 1.296158e+02
      vertex   -1.960000e+02 -8.231093e+01 1.296158e+02
      vertex   -2.000000e+02 -8.248925e+01 1.297769e+02
    endloop
  endfacet
  facet normal 0.000000e+00 -6.703073e-01 -7.420836e-01
    outer loop
      vertex   -2.000000e+02 -8.248925e+01 1.297769e+02
      vertex   -1.960000e+02 -8.231093e+01 1.296158e+02
      vertex   -1.960000e+02 -8.248925e+01 1.297769e+02
    endloop
  endfacet
  facet normal 0.000000e+00 -4.739209e-01 -8.805674e-01
    outer loop
      vertex   -2.000000e+02 -8.248925e+01 1.297769e+02
      vertex   -1.960000e+02 -8.248925e+01 1.297769e+02
      vertex   -2.000000e+02 -8.270086e+01 1.298908e+02
    endloop
  endfacet
  facet normal 0.000000e+00 -4.739209e-01 -8.805674e-01
    outer loop
      vertex   -2.000000e+02 -8.270086e+01 1.298908e+02
      vertex   -1.960000e+02 -8.248925e+01 1.297769e+02
      vertex   -1.960000e+02 -8.270086e+01 1.298908e+02
    endloop
  endfacet
  facet normal 0.000000e+00 -2.501677e-01 -9.682025e-01
    outer loop
      vertex   -2.000000e+02 -8.270086e+01 1.298908e+02
      vertex   -1.960000e+02 -8.270086e+01 1.298908e+02
      vertex   -2.000000e+02 -8.293352e+01 1.299509e+02
    endloop
  endfacet
  facet normal 0.000000e+00 -2.501677e-01 -9.682025e-01
    outer loop
      vertex   -2.000000e+02 -8.293352e+01 1.299509e+02
      vertex   -1.960000e+02 -8.270086e+01 1.298908e+02
      vertex   -1.960000e+02 -8.293352e+01 1.299509e+02
    endloop
  endfacet
  facet normal 3.584102e-19 -2.501677e-01 -9.682025e-01
    outer loop
      vertex   -1.920000e+02 -8.270086e+01 1.298908e+02
      vertex   -1.920000e+02 -8.293352e+01 1.299509e+02
      vertex   -1.960000e+02 -8.293352e+01 1.299509e+02
    endloop
  endfacet
  facet normal -0.000000e+00 -2.501677e-01 -9.682025e-01
    outer loop
      vertex   -1.920000e+02 -8.270086e+01 1.298908e+02
      vertex   -1.960000e+02 -8.293352e+01 1.299509e+02
      vertex   -1.960000e+02 -8.270086e+01 1.298908e+02
    endloop
  endfacet
  facet normal -1.044295e-18 -4.739209e-01 -8.805674e-01
    outer loop
      vertex   -1.920000e+02 -8.248925e+01 1.297769e+02
      vertex   -1.920000e+02 -8.270086e+01 1.298908e+02
      vertex   -1.960000e+02 -8.270086e+01 1.298908e+02
    endloop
  endfacet
  facet normal -0.000000e+00 -4.739209e-01 -8.805674e-01
    outer loop
      vertex   -1.920000e+02 -8.248925e+01 1.297769e+02
      vertex   -1.960000e+02 -8.270086e+01 1.298908e+02
      vertex   -1.960000e+02 -8.248925e+01 1.297769e+02
    endloop
  endfacet
  facet normal 8.500350e-19 -6.703073e-01 -7.420836e-01
    outer loop
      vertex   -1.920000e+02 -8.231093e+01 1.296158e+02
      vertex   -1.920000e+02 -8.248925e+01 1.297769e+02
      vertex   -1.960000e+02 -8.248925e+01 1.297769e+02
    endloop
  endfacet
  facet normal -0.000000e+00 -6.703073e-01 -7.420836e-01
    outer loop
      vertex   -1.920000e+02 -8.231093e+01 1.296158e+02
      vertex   -1.960000e+02 -8.248925e+01 1.297769e+02
      vertex   -1.960000e+02 -8.231093e+01 1.296158e+02
    endloop
  endfacet
  facet normal 4.375708e-19 -8.279866e-01 -5.607479e-01
    outer loop
      vertex   -1.920000e+02 -8.217618e+01 1.294168e+02
      vertex   -1.920000e+02 -8.231093e+01 1.296158e+02
      vertex   -1.960000e+02 -8.231093e+01 1.296158e+02
    endloop
  endfacet
  facet normal -0.000000e+00 -8.279866e-01 -5.607479e-01
    outer loop
      vertex   -1.920000e+02 -8.217618e+01 1.294168e+02
      vertex   -1.960000e+02 -8.231093e+01 1.296158e+02
      vertex   -1.960000e+02 -8.217618e+01 1.294168e+02
    endloop
  endfacet
  facet normal -7.819249e-19 -9.378534e-01 -3.470316e-01
    outer loop
      vertex   -1.920000e+02 -8.209279e+01 1.291915e+02
      vertex   -1.920000e+02 -8.217618e+01 1.294168e+02
      vertex   -1.960000e+02 -8.217618e+01 1.294168e+02
    endloop
  endfacet
  facet normal -0.000000e+00 -9.378534e-01 -3.470316e-01
    outer loop
      vertex   -1.920000e+02 -8.209279e+01 1.291915e+02
      vertex   -1.960000e+02 -8.217618e+01 1.294168e+02
      vertex   -1.960000e+02 -8.209279e+01 1.291915e+02
    endloop
  endfacet
  facet normal -2.130838e-19 -9.935636e-01 -1.132758e-01
    outer loop
      vertex   -1.920000e+02 -8.206557e+01 1.289527e+02
      vertex   -1.920000e+02 -8.209279e+01 1.291915e+02
      vertex   -1.960000e+02 -8.209279e+01 1.291915e+02
    endloop
  endfacet
  facet normal -0.000000e+00 -9.935636e-01 -1.132758e-01
    outer loop
      vertex   -1.920000e+02 -8.206557e+01 1.289527e+02
      vertex   -1.960000e+02 -8.209279e+01 1.291915e+02
      vertex   -1.960000e+02 -8.206557e+01 1.289527e+02
    endloop
  endfacet
  facet normal -4.202782e-19 -9.919000e-01 1.270211e-01
    outer loop
      vertex   -1.920000e+02 -8.209609e+01 1.287143e+02
      vertex   -1.920000e+02 -8.206557e+01 1.289527e+02
      vertex   -1.960000e+02 -8.206557e+01 1.289527e+02
    endloop
  endfacet
  facet normal 0.000000e+00 -9.919000e-01 1.270211e-01
    outer loop
      vertex   -1.920000e+02 -8.209609e+01 1.287143e+02
      vertex   -1.960000e+02 -8.206557e+01 1.289527e+02
      vertex   -1.960000e+02 -8.209609e+01 1.287143e+02
    endloop
  endfacet
  facet normal 0.000000e+00 -8.829476e-01 4.694716e-01
    outer loop
      vertex   -1.880000e+02 -8.438295e+01 1.243519e+02
      vertex   -1.880000e+02 -8.218259e+01 1.284902e+02
      vertex   -2.000000e+02 -8.438295e+01 1.243519e+02
    endloop
  endfacet
  facet normal -5.471373e-18 -8.829476e-01 4.694716e-01
    outer loop
      vertex   -2.000000e+02 -8.438295e+01 1.243519e+02
      vertex   -1.880000e+02 -8.218259e+01 1.284902e+02
      vertex   -2.000000e+02 -8.218259e+01 1.284902e+02
    endloop
  endfacet
  facet normal -3.829758e-01 -1.592712e-01 9.099243e-01
    outer loop
      vertex   -1.933705e+02 -8.050000e+01 1.171758e+02
      vertex   -1.932299e+02 -8.054688e+01 1.172268e+02
      vertex   -1.930414e+02 -8.050000e+01 1.173143e+02
    endloop
  endfacet
  facet normal -4.343706e-01 6.961444e-02 8.980401e-01
    outer loop
      vertex   -1.930414e+02 -8.050000e+01 1.173143e+02
      vertex   -1.932299e+02 -8.054688e+01 1.172268e+02
      vertex   -1.929712e+02 -8.056250e+01 1.173531e+02
    endloop
  endfacet
  facet normal -5.292932e-01 -6.961444e-02 8.455782e-01
    outer loop
      vertex   -1.930414e+02 -8.050000e+01 1.173143e+02
      vertex   -1.929712e+02 -8.056250e+01 1.173531e+02
      vertex   -1.927967e+02 -8.051563e+01 1.174662e+02
    endloop
  endfacet
  facet normal -5.556429e-01 6.961444e-02 8.285016e-01
    outer loop
      vertex   -1.927967e+02 -8.051563e+01 1.174662e+02
      vertex   -1.929712e+02 -8.056250e+01 1.173531e+02
      vertex   -1.927326e+02 -8.057813e+01 1.175144e+02
    endloop
  endfacet
  facet normal -6.422998e-01 -6.961444e-02 7.632855e-01
    outer loop
      vertex   -1.927967e+02 -8.051563e+01 1.174662e+02
      vertex   -1.927326e+02 -8.057813e+01 1.175144e+02
      vertex   -1.925757e+02 -8.053125e+01 1.176507e+02
    endloop
  endfacet
  facet normal -6.660036e-01 6.961444e-02 7.426931e-01
    outer loop
      vertex   -1.925757e+02 -8.053125e+01 1.176507e+02
      vertex   -1.927326e+02 -8.057813e+01 1.175144e+02
      vertex   -1.925190e+02 -8.059375e+01 1.177075e+02
    endloop
  endfacet
  facet normal -7.426931e-01 -6.961444e-02 6.660036e-01
    outer loop
      vertex   -1.925757e+02 -8.053125e+01 1.176507e+02
      vertex   -1.925190e+02 -8.059375e+01 1.177075e+02
      vertex   -1.923827e+02 -8.054688e+01 1.178644e+02
    endloop
  endfacet
  facet normal -7.632855e-01 6.961444e-02 6.422998e-01
    outer loop
      vertex   -1.923827e+02 -8.054688e+01 1.178644e+02
      vertex   -1.925190e+02 -8.059375e+01 1.177075e+02
      vertex   -1.923344e+02 -8.060938e+01 1.179285e+02
    endloop
  endfacet
  facet normal -8.285016e-01 -6.961444e-02 5.556429e-01
    outer loop
      vertex   -1.923827e+02 -8.054688e+01 1.178644e+02
      vertex   -1.923344e+02 -8.060938e+01 1.179285e+02
      vertex   -1.922214e+02 -8.056250e+01 1.181029e+02
    endloop
  endfacet
  facet normal -8.455782e-01 6.961444e-02 5.292932e-01
    outer loop
      vertex   -1.922214e+02 -8.056250e+01 1.181029e+02
      vertex   -1.923344e+02 -8.060938e+01 1.179285e+02
      vertex   -1.921826e+02 -8.062500e+01 1.181731e+02
    endloop
  endfacet
  facet normal -8.980401e-01 -6.961444e-02 4.343706e-01
    outer loop
      vertex   -1.922214e+02 -8.056250e+01 1.181029e+02
      vertex   -1.921826e+02 -8.062500e+01 1.181731e+02
      vertex   -1.920950e+02 -8.057813e+01 1.183616e+02
    endloop
  endfacet
  facet normal -9.112657e-01 6.961444e-02 4.058925e-01
    outer loop
      vertex   -1.920950e+02 -8.057813e+01 1.183616e+02
      vertex   -1.921826e+02 -8.062500e+01 1.181731e+02
      vertex   -1.920664e+02 -8.064063e+01 1.184366e+02
    endloop
  endfacet
  facet normal -9.499432e-01 -6.961444e-02 3.045682e-01
    outer loop
      vertex   -1.920950e+02 -8.057813e+01 1.183616e+02
      vertex   -1.920664e+02 -8.064063e+01 1.184366e+02
      vertex   -1.920061e+02 -8.059375e+01 1.186355e+02
    endloop
  endfacet
  facet normal -9.590579e-01 6.961444e-02 2.745209e-01
    outer loop
      vertex   -1.920061e+02 -8.059375e+01 1.186355e+02
      vertex   -1.920664e+02 -8.064063e+01 1.184366e+02
      vertex   -1.919882e+02 -8.065625e+01 1.187137e+02
    endloop
  endfacet
  facet normal -9.831915e-01 -6.961444e-02 1.687848e-01
    outer loop
      vertex   -1.920061e+02 -8.059375e+01 1.186355e+02
      vertex   -1.919882e+02 -8.065625e+01 1.187137e+02
      vertex   -1.919563e+02 -8.060938e+01 1.189191e+02
    endloop
  endfacet
  facet normal -9.880164e-01 6.961444e-02 1.377584e-01
    outer loop
      vertex   -1.919563e+02 -8.060938e+01 1.189191e+02
      vertex   -1.919882e+02 -8.065625e+01 1.187137e+02
      vertex   -1.919495e+02 -8.067188e+01 1.189991e+02
    endloop
  endfacet
  facet normal -9.971321e-01 -6.961444e-02 2.968687e-02
    outer loop
      vertex   -1.919563e+02 -8.060938e+01 1.189191e+02
      vertex   -1.919495e+02 -8.067188e+01 1.189991e+02
      vertex   -1.919466e+02 -8.062500e+01 1.192069e+02
    endloop
  endfacet
  facet normal -9.975725e-01 6.961444e-02 -1.709364e-03
    outer loop
      vertex   -1.919466e+02 -8.062500e+01 1.192069e+02
      vertex   -1.919495e+02 -8.067188e+01 1.189991e+02
      vertex   -1.919511e+02 -8.068750e+01 1.192870e+02
    endloop
  endfacet
  facet normal -9.914914e-01 -6.961444e-02 -1.099941e-01
    outer loop
      vertex   -1.919466e+02 -8.062500e+01 1.192069e+02
      vertex   -1.919511e+02 -8.068750e+01 1.192870e+02
      vertex   -1.919773e+02 -8.064063e+01 1.194932e+02
    endloop
  endfacet
  facet normal -9.875385e-01 6.961444e-02 -1.411436e-01
    outer loop
      vertex   -1.919773e+02 -8.064063e+01 1.194932e+02
      vertex   -1.919511e+02 -8.068750e+01 1.192870e+02
      vertex   -1.919929e+02 -8.070313e+01 1.195719e+02
    endloop
  endfacet
  facet normal -9.663799e-01 -6.961444e-02 -2.475150e-01
    outer loop
      vertex   -1.919773e+02 -8.064063e+01 1.194932e+02
      vertex   -1.919929e+02 -8.070313e+01 1.195719e+02
      vertex   -1.920477e+02 -8.065625e+01 1.197724e+02
    endloop
  endfacet
  facet normal -9.581115e-01 6.961444e-02 -2.778061e-01
    outer loop
      vertex   -1.920477e+02 -8.065625e+01 1.197724e+02
      vertex   -1.919929e+02 -8.070313e+01 1.195719e+02
      vertex   -1.920742e+02 -8.071875e+01 1.198481e+02
    endloop
  endfacet
  facet normal -9.222910e-01 -6.961444e-02 -3.801752e-01
    outer loop
      vertex   -1.920477e+02 -8.065625e+01 1.197724e+02
      vertex   -1.920742e+02 -8.071875e+01 1.198481e+02
      vertex   -1.921564e+02 -8.067188e+01 1.200390e+02
    endloop
  endfacet
  facet normal -9.098693e-01 6.961444e-02 -4.090130e-01
    outer loop
      vertex   -1.921564e+02 -8.067188e+01 1.200390e+02
      vertex   -1.920742e+02 -8.071875e+01 1.198481e+02
      vertex   -1.921932e+02 -8.073438e+01 1.201103e+02
    endloop
  endfacet
  facet normal -8.600903e-01 -6.961444e-02 -5.053697e-01
    outer loop
      vertex   -1.921564e+02 -8.067188e+01 1.200390e+02
      vertex   -1.921932e+02 -8.073438e+01 1.201103e+02
      vertex   -1.923013e+02 -8.068750e+01 1.202878e+02
    endloop
  endfacet
  facet normal -8.437593e-01 6.961444e-02 -5.321879e-01
    outer loop
      vertex   -1.923013e+02 -8.068750e+01 1.202878e+02
      vertex   -1.921932e+02 -8.073438e+01 1.201103e+02
      vertex   -1.923478e+02 -8.075000e+01 1.203533e+02
    endloop
  endfacet
  facet normal -7.809994e-01 -6.961444e-02 -6.206399e-01
    outer loop
      vertex   -1.923013e+02 -8.068750e+01 1.202878e+02
      vertex   -1.923478e+02 -8.075000e+01 1.203533e+02
      vertex   -1.924796e+02 -8.070313e+01 1.205139e+02
    endloop
  endfacet
  facet normal -7.610798e-01 6.961444e-02 -6.449119e-01
    outer loop
      vertex   -1.924796e+02 -8.070313e+01 1.205139e+02
      vertex   -1.923478e+02 -8.075000e+01 1.203533e+02
      vertex   -1.925347e+02 -8.076563e+01 1.205722e+02
    endloop
  endfacet
  facet normal -6.865714e-01 -6.961444e-02 -7.237220e-01
    outer loop
      vertex   -1.924796e+02 -8.070313e+01 1.205139e+02
      vertex   -1.925347e+02 -8.076563e+01 1.205722e+02
      vertex   -1.926878e+02 -8.071875e+01 1.207129e+02
    endloop
  endfacet
  facet normal -6.634545e-01 6.961444e-02 -7.449712e-01
    outer loop
      vertex   -1.926878e+02 -8.071875e+01 1.207129e+02
      vertex   -1.925347e+02 -8.076563e+01 1.205722e+02
      vertex   -1.927505e+02 -8.078125e+01 1.207629e+02
    endloop
  endfacet
  facet normal -5.786607e-01 -6.961444e-02 -8.125919e-01
    outer loop
      vertex   -1.926878e+02 -8.071875e+01 1.207129e+02
      vertex   -1.927505e+02 -8.078125e+01 1.207629e+02
      vertex   -1.929217e+02 -8.073438e+01 1.208808e+02
    endloop
  endfacet
  facet normal -5.528003e-01 6.961444e-02 -8.304009e-01
    outer loop
      vertex   -1.929217e+02 -8.073438e+01 1.208808e+02
      vertex   -1.927505e+02 -8.078125e+01 1.207629e+02
      vertex   -1.929908e+02 -8.079688e+01 1.209216e+02
    endloop
  endfacet
  facet normal -4.593864e-01 -6.961444e-02 -8.855044e-01
    outer loop
      vertex   -1.929217e+02 -8.073438e+01 1.208808e+02
      vertex   -1.929908e+02 -8.079688e+01 1.209216e+02
      vertex   -1.931768e+02 -8.075000e+01 1.210144e+02
    endloop
  endfacet
  facet normal -4.312904e-01 6.961444e-02 -8.995234e-01
    outer loop
      vertex   -1.931768e+02 -8.075000e+01 1.210144e+02
      vertex   -1.929908e+02 -8.079688e+01 1.209216e+02
      vertex   -1.932509e+02 -8.081250e+01 1.210451e+02
    endloop
  endfacet
  facet normal -3.310908e-01 -6.961444e-02 -9.410275e-01
    outer loop
      vertex   -1.931768e+02 -8.075000e+01 1.210144e+02
      vertex   -1.932509e+02 -8.081250e+01 1.210451e+02
      vertex   -1.934480e+02 -8.076563e+01 1.211110e+02
    endloop
  endfacet
  facet normal -3.013109e-01 6.961444e-02 -9.509814e-01
    outer loop
      vertex   -1.934480e+02 -8.076563e+01 1.211110e+02
      vertex   -1.932509e+02 -8.081250e+01 1.210451e+02
      vertex   -1.935257e+02 -8.082813e+01 1.211310e+02
    endloop
  endfacet
  facet normal -1.962933e-01 -6.961444e-02 -9.780710e-01
    outer loop
      vertex   -1.934480e+02 -8.076563e+01 1.211110e+02
      vertex   -1.935257e+02 -8.082813e+01 1.211310e+02
      vertex   -1.937301e+02 -8.078125e+01 1.211687e+02
    endloop
  endfacet
  facet normal -1.654144e-01 6.961444e-02 -9.837642e-01
    outer loop
      vertex   -1.937301e+02 -8.078125e+01 1.211687e+02
      vertex   -1.935257e+02 -8.082813e+01 1.211310e+02
      vertex   -1.938098e+02 -8.084375e+01 1.211777e+02
    endloop
  endfacet
  facet normal -5.764101e-02 -6.961444e-02 -9.959073e-01
    outer loop
      vertex   -1.937301e+02 -8.078125e+01 1.211687e+02
      vertex   -1.938098e+02 -8.084375e+01 1.211777e+02
      vertex   -1.940175e+02 -8.079688e+01 1.211864e+02
    endloop
  endfacet
  facet normal -2.626948e-02 6.961444e-02 -9.972280e-01
    outer loop
      vertex   -1.940175e+02 -8.079688e+01 1.211864e+02
      vertex   -1.938098e+02 -8.084375e+01 1.211777e+02
      vertex   -1.940977e+02 -8.085938e+01 1.211842e+02
    endloop
  endfacet
  facet normal 8.214318e-02 -6.961444e-02 -9.941863e-01
    outer loop
      vertex   -1.940175e+02 -8.079688e+01 1.211864e+02
      vertex   -1.940977e+02 -8.085938e+01 1.211842e+02
      vertex   -1.943046e+02 -8.081250e+01 1.211638e+02
    endloop
  endfacet
  facet normal 1.133913e-01 6.961444e-02 -9.911086e-01
    outer loop
      vertex   -1.943046e+02 -8.081250e+01 1.211638e+02
      vertex   -1.940977e+02 -8.085938e+01 1.211842e+02
      vertex   -1.943837e+02 -8.087500e+01 1.211504e+02
    endloop
  endfacet
  facet normal 2.203143e-01 -6.961444e-02 -9.729417e-01
    outer loop
      vertex   -1.943046e+02 -8.081250e+01 1.211638e+02
      vertex   -1.943837e+02 -8.087500e+01 1.211504e+02
      vertex   -1.945856e+02 -8.082813e+01 1.211013e+02
    endloop
  endfacet
  facet normal 2.508253e-01 6.961444e-02 -9.655260e-01
    outer loop
      vertex   -1.945856e+02 -8.082813e+01 1.211013e+02
      vertex   -1.943837e+02 -8.087500e+01 1.211504e+02
      vertex   -1.946621e+02 -8.089063e+01 1.210769e+02
    endloop
  endfacet
  facet normal 3.541589e-01 -6.961444e-02 -9.325907e-01
    outer loop
      vertex   -1.945856e+02 -8.082813e+01 1.211013e+02
      vertex   -1.946621e+02 -8.089063e+01 1.210769e+02
      vertex   -1.948552e+02 -8.084375e+01 1.210001e+02
    endloop
  endfacet
  facet normal 3.833337e-01 6.961444e-02 -9.209827e-01
    outer loop
      vertex   -1.948552e+02 -8.084375e+01 1.210001e+02
      vertex   -1.946621e+02 -8.089063e+01 1.210769e+02
      vertex   -1.949275e+02 -8.090625e+01 1.209653e+02
    endloop
  endfacet
  facet normal 4.810486e-01 -6.961444e-02 -8.739257e-01
    outer loop
      vertex   -1.948552e+02 -8.084375e+01 1.210001e+02
      vertex   -1.949275e+02 -8.090625e+01 1.209653e+02
      vertex   -1.951080e+02 -8.085938e+01 1.208622e+02
    endloop
  endfacet
  facet normal 5.083143e-01 6.961444e-02 -8.583533e-01
    outer loop
      vertex   -1.951080e+02 -8.085938e+01 1.208622e+02
      vertex   -1.949275e+02 -8.090625e+01 1.209653e+02
      vertex   -1.951747e+02 -8.092188e+01 1.208176e+02
    endloop
  endfacet
  facet normal 5.984916e-01 -6.961444e-02 -7.980988e-01
    outer loop
      vertex   -1.951080e+02 -8.085938e+01 1.208622e+02
      vertex   -1.951747e+02 -8.092188e+01 1.208176e+02
      vertex   -1.953390e+02 -8.087500e+01 1.206903e+02
    endloop
  endfacet
  facet normal 6.233127e-01 6.961444e-02 -7.788678e-01
    outer loop
      vertex   -1.953390e+02 -8.087500e+01 1.206903e+02
      vertex   -1.951747e+02 -8.092188e+01 1.208176e+02
      vertex   -1.953988e+02 -8.093750e+01 1.206368e+02
    endloop
  endfacet
  facet normal 7.041816e-01 -6.961444e-02 -7.065990e-01
    outer loop
      vertex   -1.953390e+02 -8.087500e+01 1.206903e+02
      vertex   -1.953988e+02 -8.093750e+01 1.206368e+02
      vertex   -1.955437e+02 -8.089063e+01 1.204878e+02
    endloop
  endfacet
  facet normal 7.260707e-01 6.961444e-02 -6.840871e-01
    outer loop
      vertex   -1.955437e+02 -8.089063e+01 1.204878e+02
      vertex   -1.953988e+02 -8.093750e+01 1.206368e+02
      vertex   -1.955955e+02 -8.095313e+01 1.204265e+02
    endloop
  endfacet
  facet normal 7.960430e-01 -6.961444e-02 -6.012232e-01
    outer loop
      vertex   -1.955437e+02 -8.089063e+01 1.204878e+02
      vertex   -1.955955e+02 -8.095313e+01 1.204265e+02
      vertex   -1.957181e+02 -8.090625e+01 1.202587e+02
    endloop
  endfacet
  facet normal 8.145703e-01 6.961444e-02 -5.758725e-01
    outer loop
      vertex   -1.957181e+02 -8.090625e+01 1.202587e+02
      vertex   -1.955955e+02 -8.095313e+01 1.204265e+02
      vertex   -1.957608e+02 -8.096875e+01 1.201908e+02
    endloop
  endfacet
  facet normal 8.722720e-01 -6.961444e-02 -4.840407e-01
    outer loop
      vertex   -1.957181e+02 -8.090625e+01 1.202587e+02
      vertex   -1.957608e+02 -8.096875e+01 1.201908e+02
      vertex   -1.958588e+02 -8.092188e+01 1.200075e+02
    endloop
  endfacet
  facet normal 8.870735e-01 6.961444e-02 -4.563490e-01
    outer loop
      vertex   -1.958588e+02 -8.092188e+01 1.200075e+02
      vertex   -1.957608e+02 -8.096875e+01 1.201908e+02
      vertex   -1.958916e+02 -8.098438e+01 1.199342e+02
    endloop
  endfacet
  facet normal 9.313715e-01 -6.961444e-02 -3.573528e-01
    outer loop
      vertex   -1.958588e+02 -8.092188e+01 1.200075e+02
      vertex   -1.958916e+02 -8.098438e+01 1.199342e+02
      vertex   -1.959630e+02 -8.093750e+01 1.197390e+02
    endloop
  endfacet
  facet normal 9.421566e-01 6.961444e-02 -3.278639e-01
    outer loop
      vertex   -1.959630e+02 -8.093750e+01 1.197390e+02
      vertex   -1.958916e+02 -8.098438e+01 1.199342e+02
      vertex   -1.959852e+02 -8.100000e+01 1.196619e+02
    endloop
  endfacet
  facet normal 9.721809e-01 -6.961444e-02 -2.236473e-01
    outer loop
      vertex   -1.959630e+02 -8.093750e+01 1.197390e+02
      vertex   -1.959852e+02 -8.100000e+01 1.196619e+02
      vertex   -1.960286e+02 -8.095313e+01 1.194587e+02
    endloop
  endfacet
  facet normal 9.787379e-01 6.961444e-02 -1.929402e-01
    outer loop
      vertex   -1.960286e+02 -8.095313e+01 1.194587e+02
      vertex   -1.959852e+02 -8.100000e+01 1.196619e+02
      vertex   -1.960398e+02 -8.101563e+01 1.193792e+02
    endloop
  endfacet
  facet normal 9.938989e-01 -6.961444e-02 -8.554981e-02
    outer loop
      vertex   -1.960286e+02 -8.095313e+01 1.194587e+02
      vertex   -1.960398e+02 -8.101563e+01 1.193792e+02
      vertex   -1.960544e+02 -8.096875e+01 1.191719e+02
    endloop
  endfacet
  facet normal 9.960990e-01 6.961444e-02 -5.422766e-02
    outer loop
      vertex   -1.960544e+02 -8.096875e+01 1.191719e+02
      vertex   -1.960398e+02 -8.101563e+01 1.193792e+02
      vertex   -1.960544e+02 -8.103125e+01 1.190916e+02
    endloop
  endfacet
  facet normal 9.960990e-01 -6.961444e-02 5.422766e-02
    outer loop
      vertex   -1.960544e+02 -8.096875e+01 1.191719e+02
      vertex   -1.960544e+02 -8.103125e+01 1.190916e+02
      vertex   -1.960398e+02 -8.098438e+01 1.188843e+02
    endloop
  endfacet
  facet normal 9.938989e-01 6.961444e-02 8.554981e-02
    outer loop
      vertex   -1.960398e+02 -8.098438e+01 1.188843e+02
      vertex   -1.960544e+02 -8.103125e+01 1.190916e+02
      vertex   -1.960286e+02 -8.104688e+01 1.188048e+02
    endloop
  endfacet
  facet normal 9.787379e-01 -6.961444e-02 1.929402e-01
    outer loop
      vertex   -1.960398e+02 -8.098438e+01 1.188843e+02
      vertex   -1.960286e+02 -8.104688e+01 1.188048e+02
      vertex   -1.959852e+02 -8.100000e+01 1.186016e+02
    endloop
  endfacet
  facet normal 9.721809e-01 6.961444e-02 2.236473e-01
    outer loop
      vertex   -1.959852e+02 -8.100000e+01 1.186016e+02
      vertex   -1.960286e+02 -8.104688e+01 1.188048e+02
      vertex   -1.959630e+02 -8.106250e+01 1.185245e+02
    endloop
  endfacet
  facet normal 9.421566e-01 -6.961444e-02 3.278639e-01
    outer loop
      vertex   -1.959852e+02 -8.100000e+01 1.186016e+02
      vertex   -1.959630e+02 -8.106250e+01 1.185245e+02
      vertex   -1.958916e+02 -8.101563e+01 1.183293e+02
    endloop
  endfacet
  facet normal 9.313715e-01 6.961444e-02 3.573528e-01
    outer loop
      vertex   -1.958916e+02 -8.101563e+01 1.183293e+02
      vertex   -1.959630e+02 -8.106250e+01 1.185245e+02
      vertex   -1.958588e+02 -8.107813e+01 1.182560e+02
    endloop
  endfacet
  facet normal 8.870735e-01 -6.961444e-02 4.563490e-01
    outer loop
      vertex   -1.958916e+02 -8.101563e+01 1.183293e+02
      vertex   -1.958588e+02 -8.107813e+01 1.182560e+02
      vertex   -1.957608e+02 -8.103125e+01 1.180727e+02
    endloop
  endfacet
  facet normal 8.722720e-01 6.961444e-02 4.840407e-01
    outer loop
      vertex   -1.957608e+02 -8.103125e+01 1.180727e+02
      vertex   -1.958588e+02 -8.107813e+01 1.182560e+02
      vertex   -1.957181e+02 -8.109375e+01 1.180048e+02
    endloop
  endfacet
  facet normal 8.145703e-01 -6.961444e-02 5.758725e-01
    outer loop
      vertex   -1.957608e+02 -8.103125e+01 1.180727e+02
      vertex   -1.957181e+02 -8.109375e+01 1.180048e+02
      vertex   -1.955955e+02 -8.104688e+01 1.178370e+02
    endloop
  endfacet
  facet normal 7.960430e-01 6.961444e-02 6.012232e-01
    outer loop
      vertex   -1.955955e+02 -8.104688e+01 1.178370e+02
      vertex   -1.957181e+02 -8.109375e+01 1.180048e+02
      vertex   -1.955437e+02 -8.110938e+01 1.177757e+02
    endloop
  endfacet
  facet normal 7.260707e-01 -6.961444e-02 6.840871e-01
    outer loop
      vertex   -1.955955e+02 -8.104688e+01 1.178370e+02
      vertex   -1.955437e+02 -8.110938e+01 1.177757e+02
      vertex   -1.953988e+02 -8.106250e+01 1.176267e+02
    endloop
  endfacet
  facet normal 7.041816e-01 6.961444e-02 7.065990e-01
    outer loop
      vertex   -1.953988e+02 -8.106250e+01 1.176267e+02
      vertex   -1.955437e+02 -8.110938e+01 1.177757e+02
      vertex   -1.953390e+02 -8.112500e+01 1.175732e+02
    endloop
  endfacet
  facet normal 6.233127e-01 -6.961444e-02 7.788678e-01
    outer loop
      vertex   -1.953988e+02 -8.106250e+01 1.176267e+02
      vertex   -1.953390e+02 -8.112500e+01 1.175732e+02
      vertex   -1.951747e+02 -8.107813e+01 1.174459e+02
    endloop
  endfacet
  facet normal 5.984916e-01 6.961444e-02 7.980988e-01
    outer loop
      vertex   -1.951747e+02 -8.107813e+01 1.174459e+02
      vertex   -1.953390e+02 -8.112500e+01 1.175732e+02
      vertex   -1.951080e+02 -8.114063e+01 1.174013e+02
    endloop
  endfacet
  facet normal 5.083143e-01 -6.961444e-02 8.583533e-01
    outer loop
      vertex   -1.951747e+02 -8.107813e+01 1.174459e+02
      vertex   -1.951080e+02 -8.114063e+01 1.174013e+02
      vertex   -1.949275e+02 -8.109375e+01 1.172982e+02
    endloop
  endfacet
  facet normal 4.810486e-01 6.961444e-02 8.739257e-01
    outer loop
      vertex   -1.949275e+02 -8.109375e+01 1.172982e+02
      vertex   -1.951080e+02 -8.114063e+01 1.174013e+02
      vertex   -1.948552e+02 -8.115625e+01 1.172634e+02
    endloop
  endfacet
  facet normal 3.833337e-01 -6.961444e-02 9.209827e-01
    outer loop
      vertex   -1.949275e+02 -8.109375e+01 1.172982e+02
      vertex   -1.948552e+02 -8.115625e+01 1.172634e+02
      vertex   -1.946621e+02 -8.110938e+01 1.171866e+02
    endloop
  endfacet
  facet normal 3.541589e-01 6.961444e-02 9.325907e-01
    outer loop
      vertex   -1.946621e+02 -8.110938e+01 1.171866e+02
      vertex   -1.948552e+02 -8.115625e+01 1.172634e+02
      vertex   -1.945856e+02 -8.117188e+01 1.171622e+02
    endloop
  endfacet
  facet normal 2.508253e-01 -6.961444e-02 9.655260e-01
    outer loop
      vertex   -1.946621e+02 -8.110938e+01 1.171866e+02
      vertex   -1.945856e+02 -8.117188e+01 1.171622e+02
      vertex   -1.943837e+02 -8.112500e+01 1.171131e+02
    endloop
  endfacet
  facet normal 2.203143e-01 6.961444e-02 9.729417e-01
    outer loop
      vertex   -1.943837e+02 -8.112500e+01 1.171131e+02
      vertex   -1.945856e+02 -8.117188e+01 1.171622e+02
      vertex   -1.943046e+02 -8.118750e+01 1.170997e+02
    endloop
  endfacet
  facet normal 1.133913e-01 -6.961444e-02 9.911086e-01
    outer loop
      vertex   -1.943837e+02 -8.112500e+01 1.171131e+02
      vertex   -1.943046e+02 -8.118750e+01 1.170997e+02
      vertex   -1.940977e+02 -8.114063e+01 1.170793e+02
    endloop
  endfacet
  facet normal 8.214318e-02 6.961444e-02 9.941863e-01
    outer loop
      vertex   -1.940977e+02 -8.114063e+01 1.170793e+02
      vertex   -1.943046e+02 -8.118750e+01 1.170997e+02
      vertex   -1.940175e+02 -8.120313e+01 1.170771e+02
    endloop
  endfacet
  facet normal -2.626948e-02 -6.961444e-02 9.972280e-01
    outer loop
      vertex   -1.940977e+02 -8.114063e+01 1.170793e+02
      vertex   -1.940175e+02 -8.120313e+01 1.170771e+02
      vertex   -1.938098e+02 -8.115625e+01 1.170858e+02
    endloop
  endfacet
  facet normal -5.764101e-02 6.961444e-02 9.959073e-01
    outer loop
      vertex   -1.938098e+02 -8.115625e+01 1.170858e+02
      vertex   -1.940175e+02 -8.120313e+01 1.170771e+02
      vertex   -1.937301e+02 -8.121875e+01 1.170948e+02
    endloop
  endfacet
  facet normal -1.654144e-01 -6.961444e-02 9.837642e-01
    outer loop
      vertex   -1.938098e+02 -8.115625e+01 1.170858e+02
      vertex   -1.937301e+02 -8.121875e+01 1.170948e+02
      vertex   -1.935257e+02 -8.117188e+01 1.171325e+02
    endloop
  endfacet
  facet normal -1.962933e-01 6.961444e-02 9.780710e-01
    outer loop
      vertex   -1.935257e+02 -8.117188e+01 1.171325e+02
      vertex   -1.937301e+02 -8.121875e+01 1.170948e+02
      vertex   -1.934480e+02 -8.123438e+01 1.171525e+02
    endloop
  endfacet
  facet normal -3.013109e-01 -6.961444e-02 9.509814e-01
    outer loop
      vertex   -1.935257e+02 -8.117188e+01 1.171325e+02
      vertex   -1.934480e+02 -8.123438e+01 1.171525e+02
      vertex   -1.932509e+02 -8.118750e+01 1.172184e+02
    endloop
  endfacet
  facet normal -3.310908e-01 6.961444e-02 9.410275e-01
    outer loop
      vertex   -1.932509e+02 -8.118750e+01 1.172184e+02
      vertex   -1.934480e+02 -8.123438e+01 1.171525e+02
      vertex   -1.931768e+02 -8.125000e+01 1.172491e+02
    endloop
  endfacet
  facet normal -4.312904e-01 -6.961444e-02 8.995234e-01
    outer loop
      vertex   -1.932509e+02 -8.118750e+01 1.172184e+02
      vertex   -1.931768e+02 -8.125000e+01 1.172491e+02
      vertex   -1.929908e+02 -8.120313e+01 1.173419e+02
    endloop
  endfacet
  facet normal -4.593864e-01 6.961444e-02 8.855044e-01
    outer loop
      vertex   -1.929908e+02 -8.120313e+01 1.173419e+02
      vertex   -1.931768e+02 -8.125000e+01 1.172491e+02
      vertex   -1.929217e+02 -8.126563e+01 1.173827e+02
    endloop
  endfacet
  facet normal -5.528003e-01 -6.961444e-02 8.304009e-01
    outer loop
      vertex   -1.929908e+02 -8.120313e+01 1.173419e+02
      vertex   -1.929217e+02 -8.126563e+01 1.173827e+02
      vertex   -1.927505e+02 -8.121875e+01 1.175006e+02
    endloop
  endfacet
  facet normal -5.786607e-01 6.961444e-02 8.125919e-01
    outer loop
      vertex   -1.927505e+02 -8.121875e+01 1.175006e+02
      vertex   -1.929217e+02 -8.126563e+01 1.173827e+02
      vertex   -1.926878e+02 -8.128125e+01 1.175506e+02
    endloop
  endfacet
  facet normal -6.634545e-01 -6.961444e-02 7.449712e-01
    outer loop
      vertex   -1.927505e+02 -8.121875e+01 1.175006e+02
      vertex   -1.926878e+02 -8.128125e+01 1.175506e+02
      vertex   -1.925347e+02 -8.123438e+01 1.176913e+02
    endloop
  endfacet
  facet normal -6.865714e-01 6.961444e-02 7.237220e-01
    outer loop
      vertex   -1.925347e+02 -8.123438e+01 1.176913e+02
      vertex   -1.926878e+02 -8.128125e+01 1.175506e+02
      vertex   -1.924796e+02 -8.129688e+01 1.177496e+02
    endloop
  endfacet
  facet normal -7.610798e-01 -6.961444e-02 6.449119e-01
    outer loop
      vertex   -1.925347e+02 -8.123438e+01 1.176913e+02
      vertex   -1.924796e+02 -8.129688e+01 1.177496e+02
      vertex   -1.923478e+02 -8.125000e+01 1.179102e+02
    endloop
  endfacet
  facet normal -7.809994e-01 6.961444e-02 6.206399e-01
    outer loop
      vertex   -1.923478e+02 -8.125000e+01 1.179102e+02
      vertex   -1.924796e+02 -8.129688e+01 1.177496e+02
      vertex   -1.923013e+02 -8.131250e+01 1.179757e+02
    endloop
  endfacet
  facet normal -8.437593e-01 -6.961444e-02 5.321879e-01
    outer loop
      vertex   -1.923478e+02 -8.125000e+01 1.179102e+02
      vertex   -1.923013e+02 -8.131250e+01 1.179757e+02
      vertex   -1.921932e+02 -8.126563e+01 1.181532e+02
    endloop
  endfacet
  facet normal -8.600903e-01 6.961444e-02 5.053697e-01
    outer loop
      vertex   -1.921932e+02 -8.126563e+01 1.181532e+02
      vertex   -1.923013e+02 -8.131250e+01 1.179757e+02
      vertex   -1.921564e+02 -8.132813e+01 1.182245e+02
    endloop
  endfacet
  facet normal -9.098693e-01 -6.961444e-02 4.090130e-01
    outer loop
      vertex   -1.921932e+02 -8.126563e+01 1.181532e+02
      vertex   -1.921564e+02 -8.132813e+01 1.182245e+02
      vertex   -1.920742e+02 -8.128125e+01 1.184154e+02
    endloop
  endfacet
  facet normal -9.222910e-01 6.961444e-02 3.801752e-01
    outer loop
      vertex   -1.920742e+02 -8.128125e+01 1.184154e+02
      vertex   -1.921564e+02 -8.132813e+01 1.182245e+02
      vertex   -1.920477e+02 -8.134375e+01 1.184911e+02
    endloop
  endfacet
  facet normal -9.581115e-01 -6.961444e-02 2.778061e-01
    outer loop
      vertex   -1.920742e+02 -8.128125e+01 1.184154e+02
      vertex   -1.920477e+02 -8.134375e+01 1.184911e+02
      vertex   -1.919929e+02 -8.129688e+01 1.186916e+02
    endloop
  endfacet
  facet normal -9.663799e-01 6.961444e-02 2.475150e-01
    outer loop
      vertex   -1.919929e+02 -8.129688e+01 1.186916e+02
      vertex   -1.920477e+02 -8.134375e+01 1.184911e+02
      vertex   -1.919773e+02 -8.135938e+01 1.187703e+02
    endloop
  endfacet
  facet normal -9.875385e-01 -6.961444e-02 1.411436e-01
    outer loop
      vertex   -1.919929e+02 -8.129688e+01 1.186916e+02
      vertex   -1.919773e+02 -8.135938e+01 1.187703e+02
      vertex   -1.919511e+02 -8.131250e+01 1.189765e+02
    endloop
  endfacet
  facet normal -9.914914e-01 6.961444e-02 1.099941e-01
    outer loop
      vertex   -1.919511e+02 -8.131250e+01 1.189765e+02
      vertex   -1.919773e+02 -8.135938e+01 1.187703e+02
      vertex   -1.919466e+02 -8.137500e+01 1.190566e+02
    endloop
  endfacet
  facet normal -9.975725e-01 -6.961444e-02 1.709364e-03
    outer loop
      vertex   -1.919511e+02 -8.131250e+01 1.189765e+02
      vertex   -1.919466e+02 -8.137500e+01 1.190566e+02
      vertex   -1.919495e+02 -8.132813e+01 1.192644e+02
    endloop
  endfacet
  facet normal -9.971321e-01 6.961444e-02 -2.968687e-02
    outer loop
      vertex   -1.919495e+02 -8.132813e+01 1.192644e+02
      vertex   -1.919466e+02 -8.137500e+01 1.190566e+02
      vertex   -1.919563e+02 -8.139063e+01 1.193444e+02
    endloop
  endfacet
  facet normal -9.880164e-01 -6.961444e-02 -1.377584e-01
    outer loop
      vertex   -1.919495e+02 -8.132813e+01 1.192644e+02
      vertex   -1.919563e+02 -8.139063e+01 1.193444e+02
      vertex   -1.919882e+02 -8.134375e+01 1.195498e+02
    endloop
  endfacet
  facet normal -9.831915e-01 6.961444e-02 -1.687848e-01
    outer loop
      vertex   -1.919882e+02 -8.134375e+01 1.195498e+02
      vertex   -1.919563e+02 -8.139063e+01 1.193444e+02
      vertex   -1.920061e+02 -8.140625e+01 1.196280e+02
    endloop
  endfacet
  facet normal -9.590579e-01 -6.961444e-02 -2.745209e-01
    outer loop
      vertex   -1.919882e+02 -8.134375e+01 1.195498e+02
      vertex   -1.920061e+02 -8.140625e+01 1.196280e+02
      vertex   -1.920664e+02 -8.135938e+01 1.198269e+02
    endloop
  endfacet
  facet normal -9.499432e-01 6.961444e-02 -3.045682e-01
    outer loop
      vertex   -1.920664e+02 -8.135938e+01 1.198269e+02
      vertex   -1.920061e+02 -8.140625e+01 1.196280e+02
      vertex   -1.920950e+02 -8.142188e+01 1.199019e+02
    endloop
  endfacet
  facet normal -9.112657e-01 -6.961444e-02 -4.058925e-01
    outer loop
      vertex   -1.920664e+02 -8.135938e+01 1.198269e+02
      vertex   -1.920950e+02 -8.142188e+01 1.199019e+02
      vertex   -1.921826e+02 -8.137500e+01 1.200904e+02
    endloop
  endfacet
  facet normal -8.980401e-01 6.961444e-02 -4.343706e-01
    outer loop
      vertex   -1.921826e+02 -8.137500e+01 1.200904e+02
      vertex   -1.920950e+02 -8.142188e+01 1.199019e+02
      vertex   -1.922214e+02 -8.143750e+01 1.201606e+02
    endloop
  endfacet
  facet normal -8.455782e-01 -6.961444e-02 -5.292932e-01
    outer loop
      vertex   -1.921826e+02 -8.137500e+01 1.200904e+02
      vertex   -1.922214e+02 -8.143750e+01 1.201606e+02
      vertex   -1.923344e+02 -8.139063e+01 1.203350e+02
    endloop
  endfacet
  facet normal -8.285016e-01 6.961444e-02 -5.556429e-01
    outer loop
      vertex   -1.923344e+02 -8.139063e+01 1.203350e+02
      vertex   -1.922214e+02 -8.143750e+01 1.201606e+02
      vertex   -1.923827e+02 -8.145313e+01 1.203991e+02
    endloop
  endfacet
  facet normal -7.632855e-01 -6.961444e-02 -6.422998e-01
    outer loop
      vertex   -1.923344e+02 -8.139063e+01 1.203350e+02
      vertex   -1.923827e+02 -8.145313e+01 1.203991e+02
      vertex   -1.925190e+02 -8.140625e+01 1.205560e+02
    endloop
  endfacet
  facet normal -7.426931e-01 6.961444e-02 -6.660036e-01
    outer loop
      vertex   -1.925190e+02 -8.140625e+01 1.205560e+02
      vertex   -1.923827e+02 -8.145313e+01 1.203991e+02
      vertex   -1.925757e+02 -8.146875e+01 1.206128e+02
    endloop
  endfacet
  facet normal -6.660036e-01 -6.961444e-02 -7.426931e-01
    outer loop
      vertex   -1.925190e+02 -8.140625e+01 1.205560e+02
      vertex   -1.925757e+02 -8.146875e+01 1.206128e+02
      vertex   -1.927326e+02 -8.142188e+01 1.207491e+02
    endloop
  endfacet
  facet normal -6.422998e-01 6.961444e-02 -7.632855e-01
    outer loop
      vertex   -1.927326e+02 -8.142188e+01 1.207491e+02
      vertex   -1.925757e+02 -8.146875e+01 1.206128e+02
      vertex   -1.927967e+02 -8.148438e+01 1.207973e+02
    endloop
  endfacet
  facet normal -5.556429e-01 -6.961444e-02 -8.285016e-01
    outer loop
      vertex   -1.927326e+02 -8.142188e+01 1.207491e+02
      vertex   -1.927967e+02 -8.148438e+01 1.207973e+02
      vertex   -1.929712e+02 -8.143750e+01 1.209104e+02
    endloop
  endfacet
  facet normal -5.292932e-01 6.961444e-02 -8.455782e-01
    outer loop
      vertex   -1.929712e+02 -8.143750e+01 1.209104e+02
      vertex   -1.927967e+02 -8.148438e+01 1.207973e+02
      vertex   -1.930414e+02 -8.150000e+01 1.209492e+02
    endloop
  endfacet
  facet normal -4.343706e-01 -6.961444e-02 -8.980401e-01
    outer loop
      vertex   -1.929712e+02 -8.143750e+01 1.209104e+02
      vertex   -1.930414e+02 -8.150000e+01 1.209492e+02
      vertex   -1.932299e+02 -8.145313e+01 1.210367e+02
    endloop
  endfacet
  facet normal -4.058925e-01 6.961444e-02 -9.112657e-01
    outer loop
      vertex   -1.932299e+02 -8.145313e+01 1.210367e+02
      vertex   -1.930414e+02 -8.150000e+01 1.209492e+02
      vertex   -1.933049e+02 -8.151563e+01 1.210653e+02
    endloop
  endfacet
  facet normal -3.045682e-01 -6.961444e-02 -9.499432e-01
    outer loop
      vertex   -1.932299e+02 -8.145313e+01 1.210367e+02
      vertex   -1.933049e+02 -8.151563e+01 1.210653e+02
      vertex   -1.935038e+02 -8.146875e+01 1.211257e+02
    endloop
  endfacet
  facet normal -2.745209e-01 6.961444e-02 -9.590579e-01
    outer loop
      vertex   -1.935038e+02 -8.146875e+01 1.211257e+02
      vertex   -1.933049e+02 -8.151563e+01 1.210653e+02
      vertex   -1.935820e+02 -8.153125e+01 1.211435e+02
    endloop
  endfacet
  facet normal -1.687848e-01 -6.961444e-02 -9.831915e-01
    outer loop
      vertex   -1.935038e+02 -8.146875e+01 1.211257e+02
      vertex   -1.935820e+02 -8.153125e+01 1.211435e+02
      vertex   -1.937874e+02 -8.148438e+01 1.211755e+02
    endloop
  endfacet
  facet normal -1.377584e-01 6.961444e-02 -9.880164e-01
    outer loop
      vertex   -1.937874e+02 -8.148438e+01 1.211755e+02
      vertex   -1.935820e+02 -8.153125e+01 1.211435e+02
      vertex   -1.938673e+02 -8.154688e+01 1.211822e+02
    endloop
  endfacet
  facet normal -2.968687e-02 -6.961444e-02 -9.971321e-01
    outer loop
      vertex   -1.937874e+02 -8.148438e+01 1.211755e+02
      vertex   -1.938673e+02 -8.154688e+01 1.211822e+02
      vertex   -1.940751e+02 -8.150000e+01 1.211851e+02
    endloop
  endfacet
  facet normal 1.709364e-03 6.961444e-02 -9.975725e-01
    outer loop
      vertex   -1.940751e+02 -8.150000e+01 1.211851e+02
      vertex   -1.938673e+02 -8.154688e+01 1.211822e+02
      vertex   -1.941552e+02 -8.156250e+01 1.211806e+02
    endloop
  endfacet
  facet normal 1.099941e-01 -6.961444e-02 -9.914914e-01
    outer loop
      vertex   -1.940751e+02 -8.150000e+01 1.211851e+02
      vertex   -1.941552e+02 -8.156250e+01 1.211806e+02
      vertex   -1.943614e+02 -8.151563e+01 1.211545e+02
    endloop
  endfacet
  facet normal 1.411436e-01 6.961444e-02 -9.875385e-01
    outer loop
      vertex   -1.943614e+02 -8.151563e+01 1.211545e+02
      vertex   -1.941552e+02 -8.156250e+01 1.211806e+02
      vertex   -1.944401e+02 -8.157813e+01 1.211388e+02
    endloop
  endfacet
  facet normal 2.475150e-01 -6.961444e-02 -9.663799e-01
    outer loop
      vertex   -1.943614e+02 -8.151563e+01 1.211545e+02
      vertex   -1.944401e+02 -8.157813e+01 1.211388e+02
      vertex   -1.946406e+02 -8.153125e+01 1.210841e+02
    endloop
  endfacet
  facet normal 2.778061e-01 6.961444e-02 -9.581115e-01
    outer loop
      vertex   -1.946406e+02 -8.153125e+01 1.210841e+02
      vertex   -1.944401e+02 -8.157813e+01 1.211388e+02
      vertex   -1.947164e+02 -8.159375e+01 1.210576e+02
    endloop
  endfacet
  facet normal 3.801752e-01 -6.961444e-02 -9.222910e-01
    outer loop
      vertex   -1.946406e+02 -8.153125e+01 1.210841e+02
      vertex   -1.947164e+02 -8.159375e+01 1.210576e+02
      vertex   -1.949073e+02 -8.154688e+01 1.209753e+02
    endloop
  endfacet
  facet normal 4.090130e-01 6.961444e-02 -9.098693e-01
    outer loop
      vertex   -1.949073e+02 -8.154688e+01 1.209753e+02
      vertex   -1.947164e+02 -8.159375e+01 1.210576e+02
      vertex   -1.949786e+02 -8.160938e+01 1.209385e+02
    endloop
  endfacet
  facet normal 5.053697e-01 -6.961444e-02 -8.600903e-01
    outer loop
      vertex   -1.949073e+02 -8.154688e+01 1.209753e+02
      vertex   -1.949786e+02 -8.160938e+01 1.209385e+02
      vertex   -1.951561e+02 -8.156250e+01 1.208304e+02
    endloop
  endfacet
  facet normal 5.321879e-01 6.961444e-02 -8.437593e-01
    outer loop
      vertex   -1.951561e+02 -8.156250e+01 1.208304e+02
      vertex   -1.949786e+02 -8.160938e+01 1.209385e+02
      vertex   -1.952215e+02 -8.162500e+01 1.207840e+02
    endloop
  endfacet
  facet normal 6.206399e-01 -6.961444e-02 -7.809994e-01
    outer loop
      vertex   -1.951561e+02 -8.156250e+01 1.208304e+02
      vertex   -1.952215e+02 -8.162500e+01 1.207840e+02
      vertex   -1.953822e+02 -8.157813e+01 1.206521e+02
    endloop
  endfacet
  facet normal 6.449119e-01 6.961444e-02 -7.610798e-01
    outer loop
      vertex   -1.953822e+02 -8.157813e+01 1.206521e+02
      vertex   -1.952215e+02 -8.162500e+01 1.207840e+02
      vertex   -1.954405e+02 -8.164063e+01 1.205970e+02
    endloop
  endfacet
  facet normal 7.237220e-01 -6.961444e-02 -6.865714e-01
    outer loop
      vertex   -1.953822e+02 -8.157813e+01 1.206521e+02
      vertex   -1.954405e+02 -8.164063e+01 1.205970e+02
      vertex   -1.955811e+02 -8.159375e+01 1.204440e+02
    endloop
  endfacet
  facet normal 7.449712e-01 6.961444e-02 -6.634545e-01
    outer loop
      vertex   -1.955811e+02 -8.159375e+01 1.204440e+02
      vertex   -1.954405e+02 -8.164063e+01 1.205970e+02
      vertex   -1.956312e+02 -8.165625e+01 1.203813e+02
    endloop
  endfacet
  facet normal 8.125919e-01 -6.961444e-02 -5.786607e-01
    outer loop
      vertex   -1.955811e+02 -8.159375e+01 1.204440e+02
      vertex   -1.956312e+02 -8.165625e+01 1.203813e+02
      vertex   -1.957491e+02 -8.160938e+01 1.202101e+02
    endloop
  endfacet
  facet normal 8.304009e-01 6.961444e-02 -5.528003e-01
    outer loop
      vertex   -1.957491e+02 -8.160938e+01 1.202101e+02
      vertex   -1.956312e+02 -8.165625e+01 1.203813e+02
      vertex   -1.957898e+02 -8.167188e+01 1.201410e+02
    endloop
  endfacet
  facet normal 8.855044e-01 -6.961444e-02 -4.593864e-01
    outer loop
      vertex   -1.957491e+02 -8.160938e+01 1.202101e+02
      vertex   -1.957898e+02 -8.167188e+01 1.201410e+02
      vertex   -1.958826e+02 -8.162500e+01 1.199550e+02
    endloop
  endfacet
  facet normal 8.995234e-01 6.961444e-02 -4.312904e-01
    outer loop
      vertex   -1.958826e+02 -8.162500e+01 1.199550e+02
      vertex   -1.957898e+02 -8.167188e+01 1.201410e+02
      vertex   -1.959133e+02 -8.168750e+01 1.198809e+02
    endloop
  endfacet
  facet normal 9.410275e-01 -6.961444e-02 -3.310908e-01
    outer loop
      vertex   -1.958826e+02 -8.162500e+01 1.199550e+02
      vertex   -1.959133e+02 -8.168750e+01 1.198809e+02
      vertex   -1.959792e+02 -8.164063e+01 1.196837e+02
    endloop
  endfacet
  facet normal 9.509814e-01 6.961444e-02 -3.013109e-01
    outer loop
      vertex   -1.959792e+02 -8.164063e+01 1.196837e+02
      vertex   -1.959133e+02 -8.168750e+01 1.198809e+02
      vertex   -1.959993e+02 -8.170313e+01 1.196060e+02
    endloop
  endfacet
  facet normal 9.780710e-01 -6.961444e-02 -1.962933e-01
    outer loop
      vertex   -1.959792e+02 -8.164063e+01 1.196837e+02
      vertex   -1.959993e+02 -8.170313e+01 1.196060e+02
      vertex   -1.960369e+02 -8.165625e+01 1.194016e+02
    endloop
  endfacet
  facet normal 9.837642e-01 6.961444e-02 -1.654144e-01
    outer loop
      vertex   -1.960369e+02 -8.165625e+01 1.194016e+02
      vertex   -1.959993e+02 -8.170313e+01 1.196060e+02
      vertex   -1.960459e+02 -8.171875e+01 1.193219e+02
    endloop
  endfacet
  facet normal 9.959073e-01 -6.961444e-02 -5.764101e-02
    outer loop
      vertex   -1.960369e+02 -8.165625e+01 1.194016e+02
      vertex   -1.960459e+02 -8.171875e+01 1.193219e+02
      vertex   -1.960547e+02 -8.167188e+01 1.191142e+02
    endloop
  endfacet
  facet normal 9.972280e-01 6.961444e-02 -2.626948e-02
    outer loop
      vertex   -1.960547e+02 -8.167188e+01 1.191142e+02
      vertex   -1.960459e+02 -8.171875e+01 1.193219e+02
      vertex   -1.960524e+02 -8.173438e+01 1.190340e+02
    endloop
  endfacet
  facet normal 9.941863e-01 -6.961444e-02 8.214318e-02
    outer loop
      vertex   -1.960547e+02 -8.167188e+01 1.191142e+02
      vertex   -1.960524e+02 -8.173438e+01 1.190340e+02
      vertex   -1.960321e+02 -8.168750e+01 1.188272e+02
    endloop
  endfacet
  facet normal 9.911086e-01 6.961444e-02 1.133913e-01
    outer loop
      vertex   -1.960321e+02 -8.168750e+01 1.188272e+02
      vertex   -1.960524e+02 -8.173438e+01 1.190340e+02
      vertex   -1.960186e+02 -8.175000e+01 1.187481e+02
    endloop
  endfacet
  facet normal 9.729417e-01 -6.961444e-02 2.203143e-01
    outer loop
      vertex   -1.960321e+02 -8.168750e+01 1.188272e+02
      vertex   -1.960186e+02 -8.175000e+01 1.187481e+02
      vertex   -1.959695e+02 -8.170313e+01 1.185461e+02
    endloop
  endfacet
  facet normal 9.655260e-01 6.961444e-02 2.508253e-01
    outer loop
      vertex   -1.959695e+02 -8.170313e+01 1.185461e+02
      vertex   -1.960186e+02 -8.175000e+01 1.187481e+02
      vertex   -1.959452e+02 -8.176563e+01 1.184697e+02
    endloop
  endfacet
  facet normal 9.325907e-01 -6.961444e-02 3.541589e-01
    outer loop
      vertex   -1.959695e+02 -8.170313e+01 1.185461e+02
      vertex   -1.959452e+02 -8.176563e+01 1.184697e+02
      vertex   -1.958683e+02 -8.171875e+01 1.182765e+02
    endloop
  endfacet
  facet normal 9.209827e-01 6.961444e-02 3.833337e-01
    outer loop
      vertex   -1.958683e+02 -8.171875e+01 1.182765e+02
      vertex   -1.959452e+02 -8.176563e+01 1.184697e+02
      vertex   -1.958335e+02 -8.178125e+01 1.182043e+02
    endloop
  endfacet
  facet normal 8.739257e-01 -6.961444e-02 4.810486e-01
    outer loop
      vertex   -1.958683e+02 -8.171875e+01 1.182765e+02
      vertex   -1.958335e+02 -8.178125e+01 1.182043e+02
      vertex   -1.957304e+02 -8.173438e+01 1.180238e+02
    endloop
  endfacet
  facet normal 8.583533e-01 6.961444e-02 5.083143e-01
    outer loop
      vertex   -1.957304e+02 -8.173438e+01 1.180238e+02
      vertex   -1.958335e+02 -8.178125e+01 1.182043e+02
      vertex   -1.956858e+02 -8.179688e+01 1.179571e+02
    endloop
  endfacet
  facet normal 7.980988e-01 -6.961444e-02 5.984916e-01
    outer loop
      vertex   -1.957304e+02 -8.173438e+01 1.180238e+02
      vertex   -1.956858e+02 -8.179688e+01 1.179571e+02
      vertex   -1.955585e+02 -8.175000e+01 1.177927e+02
    endloop
  endfacet
  facet normal 7.788678e-01 6.961444e-02 6.233127e-01
    outer loop
      vertex   -1.955585e+02 -8.175000e+01 1.177927e+02
      vertex   -1.956858e+02 -8.179688e+01 1.179571e+02
      vertex   -1.955051e+02 -8.181250e+01 1.177329e+02
    endloop
  endfacet
  facet normal 7.065990e-01 -6.961444e-02 7.041816e-01
    outer loop
      vertex   -1.955585e+02 -8.175000e+01 1.177927e+02
      vertex   -1.955051e+02 -8.181250e+01 1.177329e+02
      vertex   -1.953561e+02 -8.176563e+01 1.175880e+02
    endloop
  endfacet
  facet normal 6.840871e-01 6.961444e-02 7.260707e-01
    outer loop
      vertex   -1.953561e+02 -8.176563e+01 1.175880e+02
      vertex   -1.955051e+02 -8.181250e+01 1.177329e+02
      vertex   -1.952948e+02 -8.182813e+01 1.175363e+02
    endloop
  endfacet
  facet normal 6.012232e-01 -6.961444e-02 7.960430e-01
    outer loop
      vertex   -1.953561e+02 -8.176563e+01 1.175880e+02
      vertex   -1.952948e+02 -8.182813e+01 1.175363e+02
      vertex   -1.951270e+02 -8.178125e+01 1.174136e+02
    endloop
  endfacet
  facet normal 5.758725e-01 6.961444e-02 8.145703e-01
    outer loop
      vertex   -1.951270e+02 -8.178125e+01 1.174136e+02
      vertex   -1.952948e+02 -8.182813e+01 1.175363e+02
      vertex   -1.950590e+02 -8.184375e+01 1.173709e+02
    endloop
  endfacet
  facet normal 4.840407e-01 -6.961444e-02 8.722720e-01
    outer loop
      vertex   -1.951270e+02 -8.178125e+01 1.174136e+02
      vertex   -1.950590e+02 -8.184375e+01 1.173709e+02
      vertex   -1.948757e+02 -8.179688e+01 1.172730e+02
    endloop
  endfacet
  facet normal 4.563490e-01 6.961444e-02 8.870735e-01
    outer loop
      vertex   -1.948757e+02 -8.179688e+01 1.172730e+02
      vertex   -1.950590e+02 -8.184375e+01 1.173709e+02
      vertex   -1.948025e+02 -8.185938e+01 1.172402e+02
    endloop
  endfacet
  facet normal 3.573528e-01 -6.961444e-02 9.313715e-01
    outer loop
      vertex   -1.948757e+02 -8.179688e+01 1.172730e+02
      vertex   -1.948025e+02 -8.185938e+01 1.172402e+02
      vertex   -1.946073e+02 -8.181250e+01 1.171688e+02
    endloop
  endfacet
  facet normal 3.278639e-01 6.961444e-02 9.421566e-01
    outer loop
      vertex   -1.946073e+02 -8.181250e+01 1.171688e+02
      vertex   -1.948025e+02 -8.185938e+01 1.172402e+02
      vertex   -1.945302e+02 -8.187500e+01 1.171466e+02
    endloop
  endfacet
  facet normal 2.236473e-01 -6.961444e-02 9.721809e-01
    outer loop
      vertex   -1.946073e+02 -8.181250e+01 1.171688e+02
      vertex   -1.945302e+02 -8.187500e+01 1.171466e+02
      vertex   -1.943269e+02 -8.182813e+01 1.171032e+02
    endloop
  endfacet
  facet normal 1.929402e-01 6.961444e-02 9.787379e-01
    outer loop
      vertex   -1.943269e+02 -8.182813e+01 1.171032e+02
      vertex   -1.945302e+02 -8.187500e+01 1.171466e+02
      vertex   -1.942475e+02 -8.189063e+01 1.170920e+02
    endloop
  endfacet
  facet normal 8.554981e-02 -6.961444e-02 9.938989e-01
    outer loop
      vertex   -1.943269e+02 -8.182813e+01 1.171032e+02
      vertex   -1.942475e+02 -8.189063e+01 1.170920e+02
      vertex   -1.940401e+02 -8.184375e+01 1.170774e+02
    endloop
  endfacet
  facet normal 5.422766e-02 6.961444e-02 9.960990e-01
    outer loop
      vertex   -1.940401e+02 -8.184375e+01 1.170774e+02
      vertex   -1.942475e+02 -8.189063e+01 1.170920e+02
      vertex   -1.939599e+02 -8.190625e+01 1.170774e+02
    endloop
  endfacet
  facet normal -5.422766e-02 -6.961444e-02 9.960990e-01
    outer loop
      vertex   -1.940401e+02 -8.184375e+01 1.170774e+02
      vertex   -1.939599e+02 -8.190625e+01 1.170774e+02
      vertex   -1.937525e+02 -8.185938e+01 1.170920e+02
    endloop
  endfacet
  facet normal -8.554981e-02 6.961444e-02 9.938989e-01
    outer loop
      vertex   -1.937525e+02 -8.185938e+01 1.170920e+02
      vertex   -1.939599e+02 -8.190625e+01 1.170774e+02
      vertex   -1.936731e+02 -8.192188e+01 1.171032e+02
    endloop
  endfacet
  facet normal -1.929402e-01 -6.961444e-02 9.787379e-01
    outer loop
      vertex   -1.937525e+02 -8.185938e+01 1.170920e+02
      vertex   -1.936731e+02 -8.192188e+01 1.171032e+02
      vertex   -1.934698e+02 -8.187500e+01 1.171466e+02
    endloop
  endfacet
  facet normal -2.236473e-01 6.961444e-02 9.721809e-01
    outer loop
      vertex   -1.934698e+02 -8.187500e+01 1.171466e+02
      vertex   -1.936731e+02 -8.192188e+01 1.171032e+02
      vertex   -1.933927e+02 -8.193750e+01 1.171688e+02
    endloop
  endfacet
  facet normal -3.278639e-01 -6.961444e-02 9.421566e-01
    outer loop
      vertex   -1.934698e+02 -8.187500e+01 1.171466e+02
      vertex   -1.933927e+02 -8.193750e+01 1.171688e+02
      vertex   -1.931975e+02 -8.189063e+01 1.172402e+02
    endloop
  endfacet
  facet normal -3.573528e-01 6.961444e-02 9.313715e-01
    outer loop
      vertex   -1.931975e+02 -8.189063e+01 1.172402e+02
      vertex   -1.933927e+02 -8.193750e+01 1.171688e+02
      vertex   -1.931243e+02 -8.195313e+01 1.172730e+02
    endloop
  endfacet
  facet normal -4.563490e-01 -6.961444e-02 8.870735e-01
    outer loop
      vertex   -1.931975e+02 -8.189063e+01 1.172402e+02
      vertex   -1.931243e+02 -8.195313e+01 1.172730e+02
      vertex   -1.929410e+02 -8.190625e+01 1.173709e+02
    endloop
  endfacet
  facet normal -4.840407e-01 6.961444e-02 8.722720e-01
    outer loop
      vertex   -1.929410e+02 -8.190625e+01 1.173709e+02
      vertex   -1.931243e+02 -8.195313e+01 1.172730e+02
      vertex   -1.928730e+02 -8.196875e+01 1.174136e+02
    endloop
  endfacet
  facet normal -5.758725e-01 -6.961444e-02 8.145703e-01
    outer loop
      vertex   -1.929410e+02 -8.190625e+01 1.173709e+02
      vertex   -1.928730e+02 -8.196875e+01 1.174136e+02
      vertex   -1.927052e+02 -8.192188e+01 1.175363e+02
    endloop
  endfacet
  facet normal -6.012232e-01 6.961444e-02 7.960430e-01
    outer loop
      vertex   -1.927052e+02 -8.192188e+01 1.175363e+02
      vertex   -1.928730e+02 -8.196875e+01 1.174136e+02
      vertex   -1.926439e+02 -8.198438e+01 1.175880e+02
    endloop
  endfacet
  facet normal -6.840871e-01 -6.961444e-02 7.260707e-01
    outer loop
      vertex   -1.927052e+02 -8.192188e+01 1.175363e+02
      vertex   -1.926439e+02 -8.198438e+01 1.175880e+02
      vertex   -1.924949e+02 -8.193750e+01 1.177329e+02
    endloop
  endfacet
  facet normal -7.065990e-01 6.961444e-02 7.041816e-01
    outer loop
      vertex   -1.924949e+02 -8.193750e+01 1.177329e+02
      vertex   -1.926439e+02 -8.198438e+01 1.175880e+02
      vertex   -1.924415e+02 -8.200000e+01 1.177927e+02
    endloop
  endfacet
  facet normal -7.788678e-01 -6.961444e-02 6.233127e-01
    outer loop
      vertex   -1.924949e+02 -8.193750e+01 1.177329e+02
      vertex   -1.924415e+02 -8.200000e+01 1.177927e+02
      vertex   -1.923142e+02 -8.195313e+01 1.179571e+02
    endloop
  endfacet
  facet normal -7.980988e-01 6.961444e-02 5.984916e-01
    outer loop
      vertex   -1.923142e+02 -8.195313e+01 1.179571e+02
      vertex   -1.924415e+02 -8.200000e+01 1.177927e+02
      vertex   -1.922696e+02 -8.201563e+01 1.180238e+02
    endloop
  endfacet
  facet normal -8.583533e-01 -6.961444e-02 5.083143e-01
    outer loop
      vertex   -1.923142e+02 -8.195313e+01 1.179571e+02
      vertex   -1.922696e+02 -8.201563e+01 1.180238e+02
      vertex   -1.921665e+02 -8.196875e+01 1.182043e+02
    endloop
  endfacet
  facet normal -8.739257e-01 6.961444e-02 4.810486e-01
    outer loop
      vertex   -1.921665e+02 -8.196875e+01 1.182043e+02
      vertex   -1.922696e+02 -8.201563e+01 1.180238e+02
      vertex   -1.921317e+02 -8.203125e+01 1.182765e+02
    endloop
  endfacet
  facet normal -9.209827e-01 -6.961444e-02 3.833337e-01
    outer loop
      vertex   -1.921665e+02 -8.196875e+01 1.182043e+02
      vertex   -1.921317e+02 -8.203125e+01 1.182765e+02
      vertex   -1.920548e+02 -8.198438e+01 1.184697e+02
    endloop
  endfacet
  facet normal -9.325907e-01 6.961444e-02 3.541589e-01
    outer loop
      vertex   -1.920548e+02 -8.198438e+01 1.184697e+02
      vertex   -1.921317e+02 -8.203125e+01 1.182765e+02
      vertex   -1.920305e+02 -8.204688e+01 1.185461e+02
    endloop
  endfacet
  facet normal -9.655260e-01 -6.961444e-02 2.508253e-01
    outer loop
      vertex   -1.920548e+02 -8.198438e+01 1.184697e+02
      vertex   -1.920305e+02 -8.204688e+01 1.185461e+02
      vertex   -1.919814e+02 -8.200000e+01 1.187481e+02
    endloop
  endfacet
  facet normal -9.729417e-01 6.961444e-02 2.203143e-01
    outer loop
      vertex   -1.919814e+02 -8.200000e+01 1.187481e+02
      vertex   -1.920305e+02 -8.204688e+01 1.185461e+02
      vertex   -1.919679e+02 -8.206250e+01 1.188272e+02
    endloop
  endfacet
  facet normal -9.911086e-01 -6.961444e-02 1.133913e-01
    outer loop
      vertex   -1.919814e+02 -8.200000e+01 1.187481e+02
      vertex   -1.919679e+02 -8.206250e+01 1.188272e+02
      vertex   -1.919476e+02 -8.201563e+01 1.190340e+02
    endloop
  endfacet
  facet normal -9.941863e-01 6.961444e-02 8.214318e-02
    outer loop
      vertex   -1.919476e+02 -8.201563e+01 1.190340e+02
      vertex   -1.919679e+02 -8.206250e+01 1.188272e+02
      vertex   -1.919453e+02 -8.207813e+01 1.191142e+02
    endloop
  endfacet
  facet normal -9.972280e-01 -6.961444e-02 -2.626948e-02
    outer loop
      vertex   -1.919476e+02 -8.201563e+01 1.190340e+02
      vertex   -1.919453e+02 -8.207813e+01 1.191142e+02
      vertex   -1.919541e+02 -8.203125e+01 1.193219e+02
    endloop
  endfacet
  facet normal -9.959073e-01 6.961444e-02 -5.764101e-02
    outer loop
      vertex   -1.919541e+02 -8.203125e+01 1.193219e+02
      vertex   -1.919453e+02 -8.207813e+01 1.191142e+02
      vertex   -1.919631e+02 -8.209375e+01 1.194016e+02
    endloop
  endfacet
  facet normal -9.837642e-01 -6.961444e-02 -1.654144e-01
    outer loop
      vertex   -1.919541e+02 -8.203125e+01 1.193219e+02
      vertex   -1.919631e+02 -8.209375e+01 1.194016e+02
      vertex   -1.920007e+02 -8.204688e+01 1.196060e+02
    endloop
  endfacet
  facet normal -9.780710e-01 6.961444e-02 -1.962933e-01
    outer loop
      vertex   -1.920007e+02 -8.204688e+01 1.196060e+02
      vertex   -1.919631e+02 -8.209375e+01 1.194016e+02
      vertex   -1.920208e+02 -8.210938e+01 1.196837e+02
    endloop
  endfacet
  facet normal -9.509814e-01 -6.961444e-02 -3.013109e-01
    outer loop
      vertex   -1.920007e+02 -8.204688e+01 1.196060e+02
      vertex   -1.920208e+02 -8.210938e+01 1.196837e+02
      vertex   -1.920867e+02 -8.206250e+01 1.198809e+02
    endloop
  endfacet
  facet normal -9.410275e-01 6.961444e-02 -3.310908e-01
    outer loop
      vertex   -1.920867e+02 -8.206250e+01 1.198809e+02
      vertex   -1.920208e+02 -8.210938e+01 1.196837e+02
      vertex   -1.921174e+02 -8.212500e+01 1.199550e+02
    endloop
  endfacet
  facet normal -8.995234e-01 -6.961444e-02 -4.312904e-01
    outer loop
      vertex   -1.920867e+02 -8.206250e+01 1.198809e+02
      vertex   -1.921174e+02 -8.212500e+01 1.199550e+02
      vertex   -1.922102e+02 -8.207813e+01 1.201410e+02
    endloop
  endfacet
  facet normal -8.855044e-01 6.961444e-02 -4.593864e-01
    outer loop
      vertex   -1.922102e+02 -8.207813e+01 1.201410e+02
      vertex   -1.921174e+02 -8.212500e+01 1.199550e+02
      vertex   -1.922509e+02 -8.214063e+01 1.202101e+02
    endloop
  endfacet
  facet normal -8.304009e-01 -6.961444e-02 -5.528003e-01
    outer loop
      vertex   -1.922102e+02 -8.207813e+01 1.201410e+02
      vertex   -1.922509e+02 -8.214063e+01 1.202101e+02
      vertex   -1.923688e+02 -8.209375e+01 1.203813e+02
    endloop
  endfacet
  facet normal -8.125919e-01 6.961444e-02 -5.786607e-01
    outer loop
      vertex   -1.923688e+02 -8.209375e+01 1.203813e+02
      vertex   -1.922509e+02 -8.214063e+01 1.202101e+02
      vertex   -1.924188e+02 -8.215625e+01 1.204440e+02
    endloop
  endfacet
  facet normal -7.449712e-01 -6.961444e-02 -6.634545e-01
    outer loop
      vertex   -1.923688e+02 -8.209375e+01 1.203813e+02
      vertex   -1.924188e+02 -8.215625e+01 1.204440e+02
      vertex   -1.925595e+02 -8.210938e+01 1.205970e+02
    endloop
  endfacet
  facet normal -7.237220e-01 6.961444e-02 -6.865714e-01
    outer loop
      vertex   -1.925595e+02 -8.210938e+01 1.205970e+02
      vertex   -1.924188e+02 -8.215625e+01 1.204440e+02
      vertex   -1.926178e+02 -8.217188e+01 1.206521e+02
    endloop
  endfacet
  facet normal -6.449119e-01 -6.961444e-02 -7.610798e-01
    outer loop
      vertex   -1.925595e+02 -8.210938e+01 1.205970e+02
      vertex   -1.926178e+02 -8.217188e+01 1.206521e+02
      vertex   -1.927785e+02 -8.212500e+01 1.207840e+02
    endloop
  endfacet
  facet normal -6.206399e-01 6.961444e-02 -7.809994e-01
    outer loop
      vertex   -1.927785e+02 -8.212500e+01 1.207840e+02
      vertex   -1.926178e+02 -8.217188e+01 1.206521e+02
      vertex   -1.928439e+02 -8.218750e+01 1.208304e+02
    endloop
  endfacet
  facet normal -5.321879e-01 -6.961444e-02 -8.437593e-01
    outer loop
      vertex   -1.927785e+02 -8.212500e+01 1.207840e+02
      vertex   -1.928439e+02 -8.218750e+01 1.208304e+02
      vertex   -1.930214e+02 -8.214063e+01 1.209385e+02
    endloop
  endfacet
  facet normal -5.053697e-01 6.961444e-02 -8.600903e-01
    outer loop
      vertex   -1.930214e+02 -8.214063e+01 1.209385e+02
      vertex   -1.928439e+02 -8.218750e+01 1.208304e+02
      vertex   -1.930927e+02 -8.220313e+01 1.209753e+02
    endloop
  endfacet
  facet normal -4.090130e-01 -6.961444e-02 -9.098693e-01
    outer loop
      vertex   -1.930214e+02 -8.214063e+01 1.209385e+02
      vertex   -1.930927e+02 -8.220313e+01 1.209753e+02
      vertex   -1.932836e+02 -8.215625e+01 1.210576e+02
    endloop
  endfacet
  facet normal -3.801752e-01 6.961444e-02 -9.222910e-01
    outer loop
      vertex   -1.932836e+02 -8.215625e+01 1.210576e+02
      vertex   -1.930927e+02 -8.220313e+01 1.209753e+02
      vertex   -1.933594e+02 -8.221875e+01 1.210841e+02
    endloop
  endfacet
  facet normal -2.778061e-01 -6.961444e-02 -9.581115e-01
    outer loop
      vertex   -1.932836e+02 -8.215625e+01 1.210576e+02
      vertex   -1.933594e+02 -8.221875e+01 1.210841e+02
      vertex   -1.935599e+02 -8.217188e+01 1.211388e+02
    endloop
  endfacet
  facet normal -2.475150e-01 6.961444e-02 -9.663799e-01
    outer loop
      vertex   -1.935599e+02 -8.217188e+01 1.211388e+02
      vertex   -1.933594e+02 -8.221875e+01 1.210841e+02
      vertex   -1.936386e+02 -8.223438e+01 1.211545e+02
    endloop
  endfacet
  facet normal -1.411436e-01 -6.961444e-02 -9.875385e-01
    outer loop
      vertex   -1.935599e+02 -8.217188e+01 1.211388e+02
      vertex   -1.936386e+02 -8.223438e+01 1.211545e+02
      vertex   -1.938448e+02 -8.218750e+01 1.211806e+02
    endloop
  endfacet
  facet normal -1.099941e-01 6.961444e-02 -9.914914e-01
    outer loop
      vertex   -1.938448e+02 -8.218750e+01 1.211806e+02
      vertex   -1.936386e+02 -8.223438e+01 1.211545e+02
      vertex   -1.939249e+02 -8.225000e+01 1.211851e+02
    endloop
  endfacet
  facet normal -1.709364e-03 -6.961444e-02 -9.975725e-01
    outer loop
      vertex   -1.938448e+02 -8.218750e+01 1.211806e+02
      vertex   -1.939249e+02 -8.225000e+01 1.211851e+02
      vertex   -1.941327e+02 -8.220313e+01 1.211822e+02
    endloop
  endfacet
  facet normal 2.968687e-02 6.961444e-02 -9.971321e-01
    outer loop
      vertex   -1.941327e+02 -8.220313e+01 1.211822e+02
      vertex   -1.939249e+02 -8.225000e+01 1.211851e+02
      vertex   -1.942126e+02 -8.226563e+01 1.211755e+02
    endloop
  endfacet
  facet normal 1.377584e-01 -6.961444e-02 -9.880164e-01
    outer loop
      vertex   -1.941327e+02 -8.220313e+01 1.211822e+02
      vertex   -1.942126e+02 -8.226563e+01 1.211755e+02
      vertex   -1.944180e+02 -8.221875e+01 1.211435e+02
    endloop
  endfacet
  facet normal 1.687848e-01 6.961444e-02 -9.831915e-01
    outer loop
      vertex   -1.944180e+02 -8.221875e+01 1.211435e+02
      vertex   -1.942126e+02 -8.226563e+01 1.211755e+02
      vertex   -1.944962e+02 -8.228125e+01 1.211257e+02
    endloop
  endfacet
  facet normal 2.745209e-01 -6.961444e-02 -9.590579e-01
    outer loop
      vertex   -1.944180e+02 -8.221875e+01 1.211435e+02
      vertex   -1.944962e+02 -8.228125e+01 1.211257e+02
      vertex   -1.946951e+02 -8.223438e+01 1.210653e+02
    endloop
  endfacet
  facet normal 3.045682e-01 6.961444e-02 -9.499432e-01
    outer loop
      vertex   -1.946951e+02 -8.223438e+01 1.210653e+02
      vertex   -1.944962e+02 -8.228125e+01 1.211257e+02
      vertex   -1.947701e+02 -8.229688e+01 1.210367e+02
    endloop
  endfacet
  facet normal 4.058925e-01 -6.961444e-02 -9.112657e-01
    outer loop
      vertex   -1.946951e+02 -8.223438e+01 1.210653e+02
      vertex   -1.947701e+02 -8.229688e+01 1.210367e+02
      vertex   -1.949586e+02 -8.225000e+01 1.209492e+02
    endloop
  endfacet
  facet normal 4.343706e-01 6.961444e-02 -8.980401e-01
    outer loop
      vertex   -1.949586e+02 -8.225000e+01 1.209492e+02
      vertex   -1.947701e+02 -8.229688e+01 1.210367e+02
      vertex   -1.950288e+02 -8.231250e+01 1.209104e+02
    endloop
  endfacet
  facet normal 5.292932e-01 -6.961444e-02 -8.455782e-01
    outer loop
      vertex   -1.949586e+02 -8.225000e+01 1.209492e+02
      vertex   -1.950288e+02 -8.231250e+01 1.209104e+02
      vertex   -1.952033e+02 -8.226563e+01 1.207973e+02
    endloop
  endfacet
  facet normal 5.556429e-01 6.961444e-02 -8.285016e-01
    outer loop
      vertex   -1.952033e+02 -8.226563e+01 1.207973e+02
      vertex   -1.950288e+02 -8.231250e+01 1.209104e+02
      vertex   -1.952674e+02 -8.232813e+01 1.207491e+02
    endloop
  endfacet
  facet normal 6.422998e-01 -6.961444e-02 -7.632855e-01
    outer loop
      vertex   -1.952033e+02 -8.226563e+01 1.207973e+02
      vertex   -1.952674e+02 -8.232813e+01 1.207491e+02
      vertex   -1.954243e+02 -8.228125e+01 1.206128e+02
    endloop
  endfacet
  facet normal 6.660036e-01 6.961444e-02 -7.426931e-01
    outer loop
      vertex   -1.954243e+02 -8.228125e+01 1.206128e+02
      vertex   -1.952674e+02 -8.232813e+01 1.207491e+02
      vertex   -1.954810e+02 -8.234375e+01 1.205560e+02
    endloop
  endfacet
  facet normal 7.426931e-01 -6.961444e-02 -6.660036e-01
    outer loop
      vertex   -1.954243e+02 -8.228125e+01 1.206128e+02
      vertex   -1.954810e+02 -8.234375e+01 1.205560e+02
      vertex   -1.956173e+02 -8.229688e+01 1.203991e+02
    endloop
  endfacet
  facet normal 7.632855e-01 6.961444e-02 -6.422998e-01
    outer loop
      vertex   -1.956173e+02 -8.229688e+01 1.203991e+02
      vertex   -1.954810e+02 -8.234375e+01 1.205560e+02
      vertex   -1.956656e+02 -8.235938e+01 1.203350e+02
    endloop
  endfacet
  facet normal 8.285016e-01 -6.961444e-02 -5.556429e-01
    outer loop
      vertex   -1.956173e+02 -8.229688e+01 1.203991e+02
      vertex   -1.956656e+02 -8.235938e+01 1.203350e+02
      vertex   -1.957786e+02 -8.231250e+01 1.201606e+02
    endloop
  endfacet
  facet normal 8.455782e-01 6.961444e-02 -5.292932e-01
    outer loop
      vertex   -1.957786e+02 -8.231250e+01 1.201606e+02
      vertex   -1.956656e+02 -8.235938e+01 1.203350e+02
      vertex   -1.958174e+02 -8.237500e+01 1.200904e+02
    endloop
  endfacet
  facet normal 8.980401e-01 -6.961444e-02 -4.343706e-01
    outer loop
      vertex   -1.957786e+02 -8.231250e+01 1.201606e+02
      vertex   -1.958174e+02 -8.237500e+01 1.200904e+02
      vertex   -1.959050e+02 -8.232813e+01 1.199019e+02
    endloop
  endfacet
  facet normal 9.112657e-01 6.961444e-02 -4.058925e-01
    outer loop
      vertex   -1.959050e+02 -8.232813e+01 1.199019e+02
      vertex   -1.958174e+02 -8.237500e+01 1.200904e+02
      vertex   -1.959336e+02 -8.239063e+01 1.198269e+02
    endloop
  endfacet
  facet normal 9.499432e-01 -6.961444e-02 -3.045682e-01
    outer loop
      vertex   -1.959050e+02 -8.232813e+01 1.199019e+02
      vertex   -1.959336e+02 -8.239063e+01 1.198269e+02
      vertex   -1.959939e+02 -8.234375e+01 1.196280e+02
    endloop
  endfacet
  facet normal 9.590579e-01 6.961444e-02 -2.745209e-01
    outer loop
      vertex   -1.959939e+02 -8.234375e+01 1.196280e+02
      vertex   -1.959336e+02 -8.239063e+01 1.198269e+02
      vertex   -1.960118e+02 -8.240625e+01 1.195498e+02
    endloop
  endfacet
  facet normal 9.831915e-01 -6.961444e-02 -1.687848e-01
    outer loop
      vertex   -1.959939e+02 -8.234375e+01 1.196280e+02
      vertex   -1.960118e+02 -8.240625e+01 1.195498e+02
      vertex   -1.960437e+02 -8.235938e+01 1.193444e+02
    endloop
  endfacet
  facet normal 9.880164e-01 6.961444e-02 -1.377584e-01
    outer loop
      vertex   -1.960437e+02 -8.235938e+01 1.193444e+02
      vertex   -1.960118e+02 -8.240625e+01 1.195498e+02
      vertex   -1.960505e+02 -8.242188e+01 1.192644e+02
    endloop
  endfacet
  facet normal 9.971321e-01 -6.961444e-02 -2.968687e-02
    outer loop
      vertex   -1.960437e+02 -8.235938e+01 1.193444e+02
      vertex   -1.960505e+02 -8.242188e+01 1.192644e+02
      vertex   -1.960534e+02 -8.237500e+01 1.190566e+02
    endloop
  endfacet
  facet normal 9.975725e-01 6.961444e-02 1.709364e-03
    outer loop
      vertex   -1.960534e+02 -8.237500e+01 1.190566e+02
      vertex   -1.960505e+02 -8.242188e+01 1.192644e+02
      vertex   -1.960489e+02 -8.243750e+01 1.189765e+02
    endloop
  endfacet
  facet normal 9.914914e-01 -6.961444e-02 1.099941e-01
    outer loop
      vertex   -1.960534e+02 -8.237500e+01 1.190566e+02
      vertex   -1.960489e+02 -8.243750e+01 1.189765e+02
      vertex   -1.960227e+02 -8.239063e+01 1.187703e+02
    endloop
  endfacet
  facet normal 9.875385e-01 6.961444e-02 1.411436e-01
    outer loop
      vertex   -1.960227e+02 -8.239063e+01 1.187703e+02
      vertex   -1.960489e+02 -8.243750e+01 1.189765e+02
      vertex   -1.960071e+02 -8.245313e+01 1.186916e+02
    endloop
  endfacet
  facet normal 9.663799e-01 -6.961444e-02 2.475150e-01
    outer loop
      vertex   -1.960227e+02 -8.239063e+01 1.187703e+02
      vertex   -1.960071e+02 -8.245313e+01 1.186916e+02
      vertex   -1.959523e+02 -8.240625e+01 1.184911e+02
    endloop
  endfacet
  facet normal 9.581115e-01 6.961444e-02 2.778061e-01
    outer loop
      vertex   -1.959523e+02 -8.240625e+01 1.184911e+02
      vertex   -1.960071e+02 -8.245313e+01 1.186916e+02
      vertex   -1.959258e+02 -8.246875e+01 1.184154e+02
    endloop
  endfacet
  facet normal 9.222910e-01 -6.961444e-02 3.801752e-01
    outer loop
      vertex   -1.959523e+02 -8.240625e+01 1.184911e+02
      vertex   -1.959258e+02 -8.246875e+01 1.184154e+02
      vertex   -1.958436e+02 -8.242188e+01 1.182245e+02
    endloop
  endfacet
  facet normal 9.098693e-01 6.961444e-02 4.090130e-01
    outer loop
      vertex   -1.958436e+02 -8.242188e+01 1.182245e+02
      vertex   -1.959258e+02 -8.246875e+01 1.184154e+02
      vertex   -1.958068e+02 -8.248438e+01 1.181532e+02
    endloop
  endfacet
  facet normal 8.600903e-01 -6.961444e-02 5.053697e-01
    outer loop
      vertex   -1.958436e+02 -8.242188e+01 1.182245e+02
      vertex   -1.958068e+02 -8.248438e+01 1.181532e+02
      vertex   -1.956987e+02 -8.243750e+01 1.179757e+02
    endloop
  endfacet
  facet normal 8.437593e-01 6.961444e-02 5.321879e-01
    outer loop
      vertex   -1.956987e+02 -8.243750e+01 1.179757e+02
      vertex   -1.958068e+02 -8.248438e+01 1.181532e+02
      vertex   -1.956522e+02 -8.250000e+01 1.179102e+02
    endloop
  endfacet
  facet normal 7.809994e-01 -6.961444e-02 6.206399e-01
    outer loop
      vertex   -1.956987e+02 -8.243750e+01 1.179757e+02
      vertex   -1.956522e+02 -8.250000e+01 1.179102e+02
      vertex   -1.955204e+02 -8.245313e+01 1.177496e+02
    endloop
  endfacet
  facet normal 7.610798e-01 6.961444e-02 6.449119e-01
    outer loop
      vertex   -1.955204e+02 -8.245313e+01 1.177496e+02
      vertex   -1.956522e+02 -8.250000e+01 1.179102e+02
      vertex   -1.954653e+02 -8.251563e+01 1.176913e+02
    endloop
  endfacet
  facet normal 6.865714e-01 -6.961444e-02 7.237220e-01
    outer loop
      vertex   -1.955204e+02 -8.245313e+01 1.177496e+02
      vertex   -1.954653e+02 -8.251563e+01 1.176913e+02
      vertex   -1.953122e+02 -8.246875e+01 1.175506e+02
    endloop
  endfacet
  facet normal 6.634545e-01 6.961444e-02 7.449712e-01
    outer loop
      vertex   -1.953122e+02 -8.246875e+01 1.175506e+02
      vertex   -1.954653e+02 -8.251563e+01 1.176913e+02
      vertex   -1.952495e+02 -8.253125e+01 1.175006e+02
    endloop
  endfacet
  facet normal 5.786607e-01 -6.961444e-02 8.125919e-01
    outer loop
      vertex   -1.953122e+02 -8.246875e+01 1.175506e+02
      vertex   -1.952495e+02 -8.253125e+01 1.175006e+02
      vertex   -1.950783e+02 -8.248438e+01 1.173827e+02
    endloop
  endfacet
  facet normal 5.528003e-01 6.961444e-02 8.304009e-01
    outer loop
      vertex   -1.950783e+02 -8.248438e+01 1.173827e+02
      vertex   -1.952495e+02 -8.253125e+01 1.175006e+02
      vertex   -1.950092e+02 -8.254688e+01 1.173419e+02
    endloop
  endfacet
  facet normal 4.593864e-01 -6.961444e-02 8.855044e-01
    outer loop
      vertex   -1.950783e+02 -8.248438e+01 1.173827e+02
      vertex   -1.950092e+02 -8.254688e+01 1.173419e+02
      vertex   -1.948232e+02 -8.250000e+01 1.172491e+02
    endloop
  endfacet
  facet normal 4.312904e-01 6.961444e-02 8.995234e-01
    outer loop
      vertex   -1.948232e+02 -8.250000e+01 1.172491e+02
      vertex   -1.950092e+02 -8.254688e+01 1.173419e+02
      vertex   -1.947491e+02 -8.256250e+01 1.172184e+02
    endloop
  endfacet
  facet normal 3.310908e-01 -6.961444e-02 9.410275e-01
    outer loop
      vertex   -1.948232e+02 -8.250000e+01 1.172491e+02
      vertex   -1.947491e+02 -8.256250e+01 1.172184e+02
      vertex   -1.945520e+02 -8.251563e+01 1.171525e+02
    endloop
  endfacet
  facet normal 3.013109e-01 6.961444e-02 9.509814e-01
    outer loop
      vertex   -1.945520e+02 -8.251563e+01 1.171525e+02
      vertex   -1.947491e+02 -8.256250e+01 1.172184e+02
      vertex   -1.944743e+02 -8.257813e+01 1.171325e+02
    endloop
  endfacet
  facet normal 1.962933e-01 -6.961444e-02 9.780710e-01
    outer loop
      vertex   -1.945520e+02 -8.251563e+01 1.171525e+02
      vertex   -1.944743e+02 -8.257813e+01 1.171325e+02
      vertex   -1.942699e+02 -8.253125e+01 1.170948e+02
    endloop
  endfacet
  facet normal 1.654144e-01 6.961444e-02 9.837642e-01
    outer loop
      vertex   -1.942699e+02 -8.253125e+01 1.170948e+02
      vertex   -1.944743e+02 -8.257813e+01 1.171325e+02
      vertex   -1.941901e+02 -8.259375e+01 1.170858e+02
    endloop
  endfacet
  facet normal 5.764101e-02 -6.961444e-02 9.959073e-01
    outer loop
      vertex   -1.942699e+02 -8.253125e+01 1.170948e+02
      vertex   -1.941901e+02 -8.259375e+01 1.170858e+02
      vertex   -1.939825e+02 -8.254688e+01 1.170771e+02
    endloop
  endfacet
  facet normal 2.626948e-02 6.961444e-02 9.972280e-01
    outer loop
      vertex   -1.939825e+02 -8.254688e+01 1.170771e+02
      vertex   -1.941901e+02 -8.259375e+01 1.170858e+02
      vertex   -1.939023e+02 -8.260938e+01 1.170793e+02
    endloop
  endfacet
  facet normal -8.214318e-02 -6.961444e-02 9.941863e-01
    outer loop
      vertex   -1.939825e+02 -8.254688e+01 1.170771e+02
      vertex   -1.939023e+02 -8.260938e+01 1.170793e+02
      vertex   -1.936954e+02 -8.256250e+01 1.170997e+02
    endloop
  endfacet
  facet normal -1.133913e-01 6.961444e-02 9.911086e-01
    outer loop
      vertex   -1.936954e+02 -8.256250e+01 1.170997e+02
      vertex   -1.939023e+02 -8.260938e+01 1.170793e+02
      vertex   -1.936163e+02 -8.262500e+01 1.171131e+02
    endloop
  endfacet
  facet normal -2.203143e-01 -6.961444e-02 9.729417e-01
    outer loop
      vertex   -1.936954e+02 -8.256250e+01 1.170997e+02
      vertex   -1.936163e+02 -8.262500e+01 1.171131e+02
      vertex   -1.934144e+02 -8.257813e+01 1.171622e+02
    endloop
  endfacet
  facet normal -2.508253e-01 6.961444e-02 9.655260e-01
    outer loop
      vertex   -1.934144e+02 -8.257813e+01 1.171622e+02
      vertex   -1.936163e+02 -8.262500e+01 1.171131e+02
      vertex   -1.933379e+02 -8.264063e+01 1.171866e+02
    endloop
  endfacet
  facet normal -3.541589e-01 -6.961444e-02 9.325907e-01
    outer loop
      vertex   -1.934144e+02 -8.257813e+01 1.171622e+02
      vertex   -1.933379e+02 -8.264063e+01 1.171866e+02
      vertex   -1.931448e+02 -8.259375e+01 1.172634e+02
    endloop
  endfacet
  facet normal -3.833337e-01 6.961444e-02 9.209827e-01
    outer loop
      vertex   -1.931448e+02 -8.259375e+01 1.172634e+02
      vertex   -1.933379e+02 -8.264063e+01 1.171866e+02
      vertex   -1.930725e+02 -8.265625e+01 1.172982e+02
    endloop
  endfacet
  facet normal -4.810486e-01 -6.961444e-02 8.739257e-01
    outer loop
      vertex   -1.931448e+02 -8.259375e+01 1.172634e+02
      vertex   -1.930725e+02 -8.265625e+01 1.172982e+02
      vertex   -1.928920e+02 -8.260938e+01 1.174013e+02
    endloop
  endfacet
  facet normal -5.083143e-01 6.961444e-02 8.583533e-01
    outer loop
      vertex   -1.928920e+02 -8.260938e+01 1.174013e+02
      vertex   -1.930725e+02 -8.265625e+01 1.172982e+02
      vertex   -1.928253e+02 -8.267188e+01 1.174459e+02
    endloop
  endfacet
  facet normal -5.984916e-01 -6.961444e-02 7.980988e-01
    outer loop
      vertex   -1.928920e+02 -8.260938e+01 1.174013e+02
      vertex   -1.928253e+02 -8.267188e+01 1.174459e+02
      vertex   -1.926610e+02 -8.262500e+01 1.175732e+02
    endloop
  endfacet
  facet normal -6.233127e-01 6.961444e-02 7.788678e-01
    outer loop
      vertex   -1.926610e+02 -8.262500e+01 1.175732e+02
      vertex   -1.928253e+02 -8.267188e+01 1.174459e+02
      vertex   -1.926012e+02 -8.268750e+01 1.176267e+02
    endloop
  endfacet
  facet normal -7.041816e-01 -6.961444e-02 7.065990e-01
    outer loop
      vertex   -1.926610e+02 -8.262500e+01 1.175732e+02
      vertex   -1.926012e+02 -8.268750e+01 1.176267e+02
      vertex   -1.924563e+02 -8.264063e+01 1.177757e+02
    endloop
  endfacet
  facet normal -7.260707e-01 6.961444e-02 6.840871e-01
    outer loop
      vertex   -1.924563e+02 -8.264063e+01 1.177757e+02
      vertex   -1.926012e+02 -8.268750e+01 1.176267e+02
      vertex   -1.924045e+02 -8.270313e+01 1.178370e+02
    endloop
  endfacet
  facet normal -7.960430e-01 -6.961444e-02 6.012232e-01
    outer loop
      vertex   -1.924563e+02 -8.264063e+01 1.177757e+02
      vertex   -1.924045e+02 -8.270313e+01 1.178370e+02
      vertex   -1.922819e+02 -8.265625e+01 1.180048e+02
    endloop
  endfacet
  facet normal -8.145703e-01 6.961444e-02 5.758725e-01
    outer loop
      vertex   -1.922819e+02 -8.265625e+01 1.180048e+02
      vertex   -1.924045e+02 -8.270313e+01 1.178370e+02
      vertex   -1.922392e+02 -8.271875e+01 1.180727e+02
    endloop
  endfacet
  facet normal -8.722720e-01 -6.961444e-02 4.840407e-01
    outer loop
      vertex   -1.922819e+02 -8.265625e+01 1.180048e+02
      vertex   -1.922392e+02 -8.271875e+01 1.180727e+02
      vertex   -1.921412e+02 -8.267188e+01 1.182560e+02
    endloop
  endfacet
  facet normal -8.870735e-01 6.961444e-02 4.563490e-01
    outer loop
      vertex   -1.921412e+02 -8.267188e+01 1.182560e+02
      vertex   -1.922392e+02 -8.271875e+01 1.180727e+02
      vertex   -1.921084e+02 -8.273438e+01 1.183293e+02
    endloop
  endfacet
  facet normal -9.313715e-01 -6.961444e-02 3.573528e-01
    outer loop
      vertex   -1.921412e+02 -8.267188e+01 1.182560e+02
      vertex   -1.921084e+02 -8.273438e+01 1.183293e+02
      vertex   -1.920370e+02 -8.268750e+01 1.185245e+02
    endloop
  endfacet
  facet normal -9.421566e-01 6.961444e-02 3.278639e-01
    outer loop
      vertex   -1.920370e+02 -8.268750e+01 1.185245e+02
      vertex   -1.921084e+02 -8.273438e+01 1.183293e+02
      vertex   -1.920148e+02 -8.275000e+01 1.186016e+02
    endloop
  endfacet
  facet normal -9.721809e-01 -6.961444e-02 2.236473e-01
    outer loop
      vertex   -1.920370e+02 -8.268750e+01 1.185245e+02
      vertex   -1.920148e+02 -8.275000e+01 1.186016e+02
      vertex   -1.919714e+02 -8.270313e+01 1.188048e+02
    endloop
  endfacet
  facet normal -9.787379e-01 6.961444e-02 1.929402e-01
    outer loop
      vertex   -1.919714e+02 -8.270313e+01 1.188048e+02
      vertex   -1.920148e+02 -8.275000e+01 1.186016e+02
      vertex   -1.919602e+02 -8.276563e+01 1.188843e+02
    endloop
  endfacet
  facet normal -9.938989e-01 -6.961444e-02 8.554981e-02
    outer loop
      vertex   -1.919714e+02 -8.270313e+01 1.188048e+02
      vertex   -1.919602e+02 -8.276563e+01 1.188843e+02
      vertex   -1.919456e+02 -8.271875e+01 1.190916e+02
    endloop
  endfacet
  facet normal -9.960990e-01 6.961444e-02 5.422766e-02
    outer loop
      vertex   -1.919456e+02 -8.271875e+01 1.190916e+02
      vertex   -1.919602e+02 -8.276563e+01 1.188843e+02
      vertex   -1.919456e+02 -8.278125e+01 1.191719e+02
    endloop
  endfacet
  facet normal -9.960990e-01 -6.961444e-02 -5.422766e-02
    outer loop
      vertex   -1.919456e+02 -8.271875e+01 1.190916e+02
      vertex   -1.919456e+02 -8.278125e+01 1.191719e+02
      vertex   -1.919602e+02 -8.273438e+01 1.193792e+02
    endloop
  endfacet
  facet normal -9.938989e-01 6.961444e-02 -8.554981e-02
    outer loop
      vertex   -1.919602e+02 -8.273438e+01 1.193792e+02
      vertex   -1.919456e+02 -8.278125e+01 1.191719e+02
      vertex   -1.919714e+02 -8.279688e+01 1.194587e+02
    endloop
  endfacet
  facet normal -9.787379e-01 -6.961444e-02 -1.929402e-01
    outer loop
      vertex   -1.919602e+02 -8.273438e+01 1.193792e+02
      vertex   -1.919714e+02 -8.279688e+01 1.194587e+02
      vertex   -1.920148e+02 -8.275000e+01 1.196619e+02
    endloop
  endfacet
  facet normal -9.721809e-01 6.961444e-02 -2.236473e-01
    outer loop
      vertex   -1.920148e+02 -8.275000e+01 1.196619e+02
      vertex   -1.919714e+02 -8.279688e+01 1.194587e+02
      vertex   -1.920370e+02 -8.281250e+01 1.197390e+02
    endloop
  endfacet
  facet normal -9.421566e-01 -6.961444e-02 -3.278639e-01
    outer loop
      vertex   -1.920148e+02 -8.275000e+01 1.196619e+02
      vertex   -1.920370e+02 -8.281250e+01 1.197390e+02
      vertex   -1.921084e+02 -8.276563e+01 1.199342e+02
    endloop
  endfacet
  facet normal -9.313715e-01 6.961444e-02 -3.573528e-01
    outer loop
      vertex   -1.921084e+02 -8.276563e+01 1.199342e+02
      vertex   -1.920370e+02 -8.281250e+01 1.197390e+02
      vertex   -1.921412e+02 -8.282813e+01 1.200075e+02
    endloop
  endfacet
  facet normal -8.870735e-01 -6.961444e-02 -4.563490e-01
    outer loop
      vertex   -1.921084e+02 -8.276563e+01 1.199342e+02
      vertex   -1.921412e+02 -8.282813e+01 1.200075e+02
      vertex   -1.922392e+02 -8.278125e+01 1.201908e+02
    endloop
  endfacet
  facet normal -8.722720e-01 6.961444e-02 -4.840407e-01
    outer loop
      vertex   -1.922392e+02 -8.278125e+01 1.201908e+02
      vertex   -1.921412e+02 -8.282813e+01 1.200075e+02
      vertex   -1.922819e+02 -8.284375e+01 1.202587e+02
    endloop
  endfacet
  facet normal -8.145703e-01 -6.961444e-02 -5.758725e-01
    outer loop
      vertex   -1.922392e+02 -8.278125e+01 1.201908e+02
      vertex   -1.922819e+02 -8.284375e+01 1.202587e+02
      vertex   -1.924045e+02 -8.279688e+01 1.204265e+02
    endloop
  endfacet
  facet normal -7.960430e-01 6.961444e-02 -6.012232e-01
    outer loop
      vertex   -1.924045e+02 -8.279688e+01 1.204265e+02
      vertex   -1.922819e+02 -8.284375e+01 1.202587e+02
      vertex   -1.924563e+02 -8.285938e+01 1.204878e+02
    endloop
  endfacet
  facet normal -7.260707e-01 -6.961444e-02 -6.840871e-01
    outer loop
      vertex   -1.924045e+02 -8.279688e+01 1.204265e+02
      vertex   -1.924563e+02 -8.285938e+01 1.204878e+02
      vertex   -1.926012e+02 -8.281250e+01 1.206368e+02
    endloop
  endfacet
  facet normal -7.041816e-01 6.961444e-02 -7.065990e-01
    outer loop
      vertex   -1.926012e+02 -8.281250e+01 1.206368e+02
      vertex   -1.924563e+02 -8.285938e+01 1.204878e+02
      vertex   -1.926610e+02 -8.287500e+01 1.206903e+02
    endloop
  endfacet
  facet normal -6.233127e-01 -6.961444e-02 -7.788678e-01
    outer loop
      vertex   -1.926012e+02 -8.281250e+01 1.206368e+02
      vertex   -1.926610e+02 -8.287500e+01 1.206903e+02
      vertex   -1.928253e+02 -8.282813e+01 1.208176e+02
    endloop
  endfacet
  facet normal -5.984916e-01 6.961444e-02 -7.980988e-01
    outer loop
      vertex   -1.928253e+02 -8.282813e+01 1.208176e+02
      vertex   -1.926610e+02 -8.287500e+01 1.206903e+02
      vertex   -1.928920e+02 -8.289063e+01 1.208622e+02
    endloop
  endfacet
  facet normal -5.083143e-01 -6.961444e-02 -8.583533e-01
    outer loop
      vertex   -1.928253e+02 -8.282813e+01 1.208176e+02
      vertex   -1.928920e+02 -8.289063e+01 1.208622e+02
      vertex   -1.930725e+02 -8.284375e+01 1.209653e+02
    endloop
  endfacet
  facet normal -4.810486e-01 6.961444e-02 -8.739257e-01
    outer loop
      vertex   -1.930725e+02 -8.284375e+01 1.209653e+02
      vertex   -1.928920e+02 -8.289063e+01 1.208622e+02
      vertex   -1.931448e+02 -8.290625e+01 1.210001e+02
    endloop
  endfacet
  facet normal -3.833337e-01 -6.961444e-02 -9.209827e-01
    outer loop
      vertex   -1.930725e+02 -8.284375e+01 1.209653e+02
      vertex   -1.931448e+02 -8.290625e+01 1.210001e+02
      vertex   -1.933379e+02 -8.285938e+01 1.210769e+02
    endloop
  endfacet
  facet normal -3.541589e-01 6.961444e-02 -9.325907e-01
    outer loop
      vertex   -1.933379e+02 -8.285938e+01 1.210769e+02
      vertex   -1.931448e+02 -8.290625e+01 1.210001e+02
      vertex   -1.934144e+02 -8.292188e+01 1.211013e+02
    endloop
  endfacet
  facet normal -2.508253e-01 -6.961444e-02 -9.655260e-01
    outer loop
      vertex   -1.933379e+02 -8.285938e+01 1.210769e+02
      vertex   -1.934144e+02 -8.292188e+01 1.211013e+02
      vertex   -1.936163e+02 -8.287500e+01 1.211504e+02
    endloop
  endfacet
  facet normal -2.203143e-01 6.961444e-02 -9.729417e-01
    outer loop
      vertex   -1.936163e+02 -8.287500e+01 1.211504e+02
      vertex   -1.934144e+02 -8.292188e+01 1.211013e+02
      vertex   -1.936954e+02 -8.293750e+01 1.211638e+02
    endloop
  endfacet
  facet normal -1.133913e-01 -6.961444e-02 -9.911086e-01
    outer loop
      vertex   -1.936163e+02 -8.287500e+01 1.211504e+02
      vertex   -1.936954e+02 -8.293750e+01 1.211638e+02
      vertex   -1.939023e+02 -8.289063e+01 1.211842e+02
    endloop
  endfacet
  facet normal -8.214318e-02 6.961444e-02 -9.941863e-01
    outer loop
      vertex   -1.939023e+02 -8.289063e+01 1.211842e+02
      vertex   -1.936954e+02 -8.293750e+01 1.211638e+02
      vertex   -1.939825e+02 -8.295313e+01 1.211864e+02
    endloop
  endfacet
  facet normal 2.626948e-02 -6.961444e-02 -9.972280e-01
    outer loop
      vertex   -1.939023e+02 -8.289063e+01 1.211842e+02
      vertex   -1.939825e+02 -8.295313e+01 1.211864e+02
      vertex   -1.941901e+02 -8.290625e+01 1.211777e+02
    endloop
  endfacet
  facet normal 5.764101e-02 6.961444e-02 -9.959073e-01
    outer loop
      vertex   -1.941901e+02 -8.290625e+01 1.211777e+02
      vertex   -1.939825e+02 -8.295313e+01 1.211864e+02
      vertex   -1.942699e+02 -8.296875e+01 1.211687e+02
    endloop
  endfacet
  facet normal 1.654144e-01 -6.961444e-02 -9.837642e-01
    outer loop
      vertex   -1.941901e+02 -8.290625e+01 1.211777e+02
      vertex   -1.942699e+02 -8.296875e+01 1.211687e+02
      vertex   -1.944743e+02 -8.292188e+01 1.211310e+02
    endloop
  endfacet
  facet normal 1.962933e-01 6.961444e-02 -9.780710e-01
    outer loop
      vertex   -1.944743e+02 -8.292188e+01 1.211310e+02
      vertex   -1.942699e+02 -8.296875e+01 1.211687e+02
      vertex   -1.945520e+02 -8.298438e+01 1.211110e+02
    endloop
  endfacet
  facet normal 3.013109e-01 -6.961444e-02 -9.509814e-01
    outer loop
      vertex   -1.944743e+02 -8.292188e+01 1.211310e+02
      vertex   -1.945520e+02 -8.298438e+01 1.211110e+02
      vertex   -1.947491e+02 -8.293750e+01 1.210451e+02
    endloop
  endfacet
  facet normal 3.310908e-01 6.961444e-02 -9.410275e-01
    outer loop
      vertex   -1.947491e+02 -8.293750e+01 1.210451e+02
      vertex   -1.945520e+02 -8.298438e+01 1.211110e+02
      vertex   -1.948232e+02 -8.300000e+01 1.210144e+02
    endloop
  endfacet
  facet normal 4.312904e-01 -6.961444e-02 -8.995234e-01
    outer loop
      vertex   -1.947491e+02 -8.293750e+01 1.210451e+02
      vertex   -1.948232e+02 -8.300000e+01 1.210144e+02
      vertex   -1.950092e+02 -8.295313e+01 1.209216e+02
    endloop
  endfacet
  facet normal 4.593864e-01 6.961444e-02 -8.855044e-01
    outer loop
      vertex   -1.950092e+02 -8.295313e+01 1.209216e+02
      vertex   -1.948232e+02 -8.300000e+01 1.210144e+02
      vertex   -1.950783e+02 -8.301563e+01 1.208808e+02
    endloop
  endfacet
  facet normal 5.528003e-01 -6.961444e-02 -8.304009e-01
    outer loop
      vertex   -1.950092e+02 -8.295313e+01 1.209216e+02
      vertex   -1.950783e+02 -8.301563e+01 1.208808e+02
      vertex   -1.952495e+02 -8.296875e+01 1.207629e+02
    endloop
  endfacet
  facet normal 5.786607e-01 6.961444e-02 -8.125919e-01
    outer loop
      vertex   -1.952495e+02 -8.296875e+01 1.207629e+02
      vertex   -1.950783e+02 -8.301563e+01 1.208808e+02
      vertex   -1.953122e+02 -8.303125e+01 1.207129e+02
    endloop
  endfacet
  facet normal 6.634545e-01 -6.961444e-02 -7.449712e-01
    outer loop
      vertex   -1.952495e+02 -8.296875e+01 1.207629e+02
      vertex   -1.953122e+02 -8.303125e+01 1.207129e+02
      vertex   -1.954653e+02 -8.298438e+01 1.205722e+02
    endloop
  endfacet
  facet normal 6.865714e-01 6.961444e-02 -7.237220e-01
    outer loop
      vertex   -1.954653e+02 -8.298438e+01 1.205722e+02
      vertex   -1.953122e+02 -8.303125e+01 1.207129e+02
      vertex   -1.955204e+02 -8.304688e+01 1.205139e+02
    endloop
  endfacet
  facet normal 7.610798e-01 -6.961444e-02 -6.449119e-01
    outer loop
      vertex   -1.954653e+02 -8.298438e+01 1.205722e+02
      vertex   -1.955204e+02 -8.304688e+01 1.205139e+02
      vertex   -1.956522e+02 -8.300000e+01 1.203533e+02
    endloop
  endfacet
  facet normal 7.809994e-01 6.961444e-02 -6.206399e-01
    outer loop
      vertex   -1.956522e+02 -8.300000e+01 1.203533e+02
      vertex   -1.955204e+02 -8.304688e+01 1.205139e+02
      vertex   -1.956987e+02 -8.306250e+01 1.202878e+02
    endloop
  endfacet
  facet normal 8.437593e-01 -6.961444e-02 -5.321879e-01
    outer loop
      vertex   -1.956522e+02 -8.300000e+01 1.203533e+02
      vertex   -1.956987e+02 -8.306250e+01 1.202878e+02
      vertex   -1.958068e+02 -8.301563e+01 1.201103e+02
    endloop
  endfacet
  facet normal 8.600903e-01 6.961444e-02 -5.053697e-01
    outer loop
      vertex   -1.958068e+02 -8.301563e+01 1.201103e+02
      vertex   -1.956987e+02 -8.306250e+01 1.202878e+02
      vertex   -1.958436e+02 -8.307813e+01 1.200390e+02
    endloop
  endfacet
  facet normal 9.098693e-01 -6.961444e-02 -4.090130e-01
    outer loop
      vertex   -1.958068e+02 -8.301563e+01 1.201103e+02
      vertex   -1.958436e+02 -8.307813e+01 1.200390e+02
      vertex   -1.959258e+02 -8.303125e+01 1.198481e+02
    endloop
  endfacet
  facet normal 9.222910e-01 6.961444e-02 -3.801752e-01
    outer loop
      vertex   -1.959258e+02 -8.303125e+01 1.198481e+02
      vertex   -1.958436e+02 -8.307813e+01 1.200390e+02
      vertex   -1.959523e+02 -8.309375e+01 1.197724e+02
    endloop
  endfacet
  facet normal 9.581115e-01 -6.961444e-02 -2.778061e-01
    outer loop
      vertex   -1.959258e+02 -8.303125e+01 1.198481e+02
      vertex   -1.959523e+02 -8.309375e+01 1.197724e+02
      vertex   -1.960071e+02 -8.304688e+01 1.195719e+02
    endloop
  endfacet
  facet normal 9.663799e-01 6.961444e-02 -2.475150e-01
    outer loop
      vertex   -1.960071e+02 -8.304688e+01 1.195719e+02
      vertex   -1.959523e+02 -8.309375e+01 1.197724e+02
      vertex   -1.960227e+02 -8.310938e+01 1.194932e+02
    endloop
  endfacet
  facet normal 9.875385e-01 -6.961444e-02 -1.411436e-01
    outer loop
      vertex   -1.960071e+02 -8.304688e+01 1.195719e+02
      vertex   -1.960227e+02 -8.310938e+01 1.194932e+02
      vertex   -1.960489e+02 -8.306250e+01 1.192870e+02
    endloop
  endfacet
  facet normal 9.914914e-01 6.961444e-02 -1.099941e-01
    outer loop
      vertex   -1.960489e+02 -8.306250e+01 1.192870e+02
      vertex   -1.960227e+02 -8.310938e+01 1.194932e+02
      vertex   -1.960534e+02 -8.312500e+01 1.192069e+02
    endloop
  endfacet
  facet normal 9.975725e-01 -6.961444e-02 -1.709364e-03
    outer loop
      vertex   -1.960489e+02 -8.306250e+01 1.192870e+02
      vertex   -1.960534e+02 -8.312500e+01 1.192069e+02
      vertex   -1.960505e+02 -8.307813e+01 1.189991e+02
    endloop
  endfacet
  facet normal 9.971321e-01 6.961444e-02 2.968687e-02
    outer loop
      vertex   -1.960505e+02 -8.307813e+01 1.189991e+02
      vertex   -1.960534e+02 -8.312500e+01 1.192069e+02
      vertex   -1.960437e+02 -8.314063e+01 1.189191e+02
    endloop
  endfacet
  facet normal 9.880164e-01 -6.961444e-02 1.377584e-01
    outer loop
      vertex   -1.960505e+02 -8.307813e+01 1.189991e+02
      vertex   -1.960437e+02 -8.314063e+01 1.189191e+02
      vertex   -1.960118e+02 -8.309375e+01 1.187137e+02
    endloop
  endfacet
  facet normal 9.831915e-01 6.961444e-02 1.687848e-01
    outer loop
      vertex   -1.960118e+02 -8.309375e+01 1.187137e+02
      vertex   -1.960437e+02 -8.314063e+01 1.189191e+02
      vertex   -1.959939e+02 -8.315625e+01 1.186355e+02
    endloop
  endfacet
  facet normal 9.590579e-01 -6.961444e-02 2.745209e-01
    outer loop
      vertex   -1.960118e+02 -8.309375e+01 1.187137e+02
      vertex   -1.959939e+02 -8.315625e+01 1.186355e+02
      vertex   -1.959336e+02 -8.310938e+01 1.184366e+02
    endloop
  endfacet
  facet normal 9.499432e-01 6.961444e-02 3.045682e-01
    outer loop
      vertex   -1.959336e+02 -8.310938e+01 1.184366e+02
      vertex   -1.959939e+02 -8.315625e+01 1.186355e+02
      vertex   -1.959050e+02 -8.317188e+01 1.183616e+02
    endloop
  endfacet
  facet normal 9.112657e-01 -6.961444e-02 4.058925e-01
    outer loop
      vertex   -1.959336e+02 -8.310938e+01 1.184366e+02
      vertex   -1.959050e+02 -8.317188e+01 1.183616e+02
      vertex   -1.958174e+02 -8.312500e+01 1.181731e+02
    endloop
  endfacet
  facet normal 8.980401e-01 6.961444e-02 4.343706e-01
    outer loop
      vertex   -1.958174e+02 -8.312500e+01 1.181731e+02
      vertex   -1.959050e+02 -8.317188e+01 1.183616e+02
      vertex   -1.957786e+02 -8.318750e+01 1.181029e+02
    endloop
  endfacet
  facet normal 8.455782e-01 -6.961444e-02 5.292932e-01
    outer loop
      vertex   -1.958174e+02 -8.312500e+01 1.181731e+02
      vertex   -1.957786e+02 -8.318750e+01 1.181029e+02
      vertex   -1.956656e+02 -8.314063e+01 1.179285e+02
    endloop
  endfacet
  facet normal 8.285016e-01 6.961444e-02 5.556429e-01
    outer loop
      vertex   -1.956656e+02 -8.314063e+01 1.179285e+02
      vertex   -1.957786e+02 -8.318750e+01 1.181029e+02
      vertex   -1.956173e+02 -8.320313e+01 1.178644e+02
    endloop
  endfacet
  facet normal 7.632855e-01 -6.961444e-02 6.422998e-01
    outer loop
      vertex   -1.956656e+02 -8.314063e+01 1.179285e+02
      vertex   -1.956173e+02 -8.320313e+01 1.178644e+02
      vertex   -1.954810e+02 -8.315625e+01 1.177075e+02
    endloop
  endfacet
  facet normal 7.426931e-01 6.961444e-02 6.660036e-01
    outer loop
      vertex   -1.954810e+02 -8.315625e+01 1.177075e+02
      vertex   -1.956173e+02 -8.320313e+01 1.178644e+02
      vertex   -1.954243e+02 -8.321875e+01 1.176507e+02
    endloop
  endfacet
  facet normal 6.660036e-01 -6.961444e-02 7.426931e-01
    outer loop
      vertex   -1.954810e+02 -8.315625e+01 1.177075e+02
      vertex   -1.954243e+02 -8.321875e+01 1.176507e+02
      vertex   -1.952674e+02 -8.317188e+01 1.175144e+02
    endloop
  endfacet
  facet normal 6.422998e-01 6.961444e-02 7.632855e-01
    outer loop
      vertex   -1.952674e+02 -8.317188e+01 1.175144e+02
      vertex   -1.954243e+02 -8.321875e+01 1.176507e+02
      vertex   -1.952033e+02 -8.323438e+01 1.174662e+02
    endloop
  endfacet
  facet normal 5.556429e-01 -6.961444e-02 8.285016e-01
    outer loop
      vertex   -1.952674e+02 -8.317188e+01 1.175144e+02
      vertex   -1.952033e+02 -8.323438e+01 1.174662e+02
      vertex   -1.950288e+02 -8.318750e+01 1.173531e+02
    endloop
  endfacet
  facet normal 5.292932e-01 6.961444e-02 8.455782e-01
    outer loop
      vertex   -1.950288e+02 -8.318750e+01 1.173531e+02
      vertex   -1.952033e+02 -8.323438e+01 1.174662e+02
      vertex   -1.949586e+02 -8.325000e+01 1.173143e+02
    endloop
  endfacet
  facet normal 4.343706e-01 -6.961444e-02 8.980401e-01
    outer loop
      vertex   -1.950288e+02 -8.318750e+01 1.173531e+02
      vertex   -1.949586e+02 -8.325000e+01 1.173143e+02
      vertex   -1.947701e+02 -8.320313e+01 1.172268e+02
    endloop
  endfacet
  facet normal 4.058925e-01 6.961444e-02 9.112657e-01
    outer loop
      vertex   -1.947701e+02 -8.320313e+01 1.172268e+02
      vertex   -1.949586e+02 -8.325000e+01 1.173143e+02
      vertex   -1.946951e+02 -8.326563e+01 1.171982e+02
    endloop
  endfacet
  facet normal 3.045682e-01 -6.961444e-02 9.499432e-01
    outer loop
      vertex   -1.947701e+02 -8.320313e+01 1.172268e+02
      vertex   -1.946951e+02 -8.326563e+01 1.171982e+02
      vertex   -1.944962e+02 -8.321875e+01 1.171378e+02
    endloop
  endfacet
  facet normal 2.745209e-01 6.961444e-02 9.590579e-01
    outer loop
      vertex   -1.944962e+02 -8.321875e+01 1.171378e+02
      vertex   -1.946951e+02 -8.326563e+01 1.171982e+02
      vertex   -1.944180e+02 -8.328125e+01 1.171200e+02
    endloop
  endfacet
  facet normal 1.687848e-01 -6.961444e-02 9.831915e-01
    outer loop
      vertex   -1.944962e+02 -8.321875e+01 1.171378e+02
      vertex   -1.944180e+02 -8.328125e+01 1.171200e+02
      vertex   -1.942126e+02 -8.323438e+01 1.170880e+02
    endloop
  endfacet
  facet normal 1.377584e-01 6.961444e-02 9.880164e-01
    outer loop
      vertex   -1.942126e+02 -8.323438e+01 1.170880e+02
      vertex   -1.944180e+02 -8.328125e+01 1.171200e+02
      vertex   -1.941327e+02 -8.329688e+01 1.170813e+02
    endloop
  endfacet
  facet normal 2.968687e-02 -6.961444e-02 9.971321e-01
    outer loop
      vertex   -1.942126e+02 -8.323438e+01 1.170880e+02
      vertex   -1.941327e+02 -8.329688e+01 1.170813e+02
      vertex   -1.939249e+02 -8.325000e+01 1.170784e+02
    endloop
  endfacet
  facet normal -1.709364e-03 6.961444e-02 9.975725e-01
    outer loop
      vertex   -1.939249e+02 -8.325000e+01 1.170784e+02
      vertex   -1.941327e+02 -8.329688e+01 1.170813e+02
      vertex   -1.938448e+02 -8.331250e+01 1.170829e+02
    endloop
  endfacet
  facet normal -1.099941e-01 -6.961444e-02 9.914914e-01
    outer loop
      vertex   -1.939249e+02 -8.325000e+01 1.170784e+02
      vertex   -1.938448e+02 -8.331250e+01 1.170829e+02
      vertex   -1.936386e+02 -8.326563e+01 1.171090e+02
    endloop
  endfacet
  facet normal -1.411436e-01 6.961444e-02 9.875385e-01
    outer loop
      vertex   -1.936386e+02 -8.326563e+01 1.171090e+02
      vertex   -1.938448e+02 -8.331250e+01 1.170829e+02
      vertex   -1.935599e+02 -8.332813e+01 1.171247e+02
    endloop
  endfacet
  facet normal -2.475150e-01 -6.961444e-02 9.663799e-01
    outer loop
      vertex   -1.936386e+02 -8.326563e+01 1.171090e+02
      vertex   -1.935599e+02 -8.332813e+01 1.171247e+02
      vertex   -1.933594e+02 -8.328125e+01 1.171794e+02
    endloop
  endfacet
  facet normal -2.778061e-01 6.961444e-02 9.581115e-01
    outer loop
      vertex   -1.933594e+02 -8.328125e+01 1.171794e+02
      vertex   -1.935599e+02 -8.332813e+01 1.171247e+02
      vertex   -1.932836e+02 -8.334375e+01 1.172059e+02
    endloop
  endfacet
  facet normal -3.801752e-01 -6.961444e-02 9.222910e-01
    outer loop
      vertex   -1.933594e+02 -8.328125e+01 1.171794e+02
      vertex   -1.932836e+02 -8.334375e+01 1.172059e+02
      vertex   -1.930927e+02 -8.329688e+01 1.172882e+02
    endloop
  endfacet
  facet normal -4.090130e-01 6.961444e-02 9.098693e-01
    outer loop
      vertex   -1.930927e+02 -8.329688e+01 1.172882e+02
      vertex   -1.932836e+02 -8.334375e+01 1.172059e+02
      vertex   -1.930214e+02 -8.335938e+01 1.173250e+02
    endloop
  endfacet
  facet normal -5.053697e-01 -6.961444e-02 8.600903e-01
    outer loop
      vertex   -1.930927e+02 -8.329688e+01 1.172882e+02
      vertex   -1.930214e+02 -8.335938e+01 1.173250e+02
      vertex   -1.928439e+02 -8.331250e+01 1.174331e+02
    endloop
  endfacet
  facet normal -5.321879e-01 6.961444e-02 8.437593e-01
    outer loop
      vertex   -1.928439e+02 -8.331250e+01 1.174331e+02
      vertex   -1.930214e+02 -8.335938e+01 1.173250e+02
      vertex   -1.927785e+02 -8.337500e+01 1.174795e+02
    endloop
  endfacet
  facet normal -6.206399e-01 -6.961444e-02 7.809994e-01
    outer loop
      vertex   -1.928439e+02 -8.331250e+01 1.174331e+02
      vertex   -1.927785e+02 -8.337500e+01 1.174795e+02
      vertex   -1.926178e+02 -8.332813e+01 1.176114e+02
    endloop
  endfacet
  facet normal -6.449119e-01 6.961444e-02 7.610798e-01
    outer loop
      vertex   -1.926178e+02 -8.332813e+01 1.176114e+02
      vertex   -1.927785e+02 -8.337500e+01 1.174795e+02
      vertex   -1.925595e+02 -8.339063e+01 1.176665e+02
    endloop
  endfacet
  facet normal -7.237220e-01 -6.961444e-02 6.865714e-01
    outer loop
      vertex   -1.926178e+02 -8.332813e+01 1.176114e+02
      vertex   -1.925595e+02 -8.339063e+01 1.176665e+02
      vertex   -1.924188e+02 -8.334375e+01 1.178195e+02
    endloop
  endfacet
  facet normal -7.449712e-01 6.961444e-02 6.634545e-01
    outer loop
      vertex   -1.924188e+02 -8.334375e+01 1.178195e+02
      vertex   -1.925595e+02 -8.339063e+01 1.176665e+02
      vertex   -1.923688e+02 -8.340625e+01 1.178822e+02
    endloop
  endfacet
  facet normal -8.125919e-01 -6.961444e-02 5.786607e-01
    outer loop
      vertex   -1.924188e+02 -8.334375e+01 1.178195e+02
      vertex   -1.923688e+02 -8.340625e+01 1.178822e+02
      vertex   -1.922509e+02 -8.335938e+01 1.180534e+02
    endloop
  endfacet
  facet normal -8.304009e-01 6.961444e-02 5.528003e-01
    outer loop
      vertex   -1.922509e+02 -8.335938e+01 1.180534e+02
      vertex   -1.923688e+02 -8.340625e+01 1.178822e+02
      vertex   -1.922102e+02 -8.342188e+01 1.181225e+02
    endloop
  endfacet
  facet normal -8.855044e-01 -6.961444e-02 4.593864e-01
    outer loop
      vertex   -1.922509e+02 -8.335938e+01 1.180534e+02
      vertex   -1.922102e+02 -8.342188e+01 1.181225e+02
      vertex   -1.921174e+02 -8.337500e+01 1.183085e+02
    endloop
  endfacet
  facet normal -8.995234e-01 6.961444e-02 4.312904e-01
    outer loop
      vertex   -1.921174e+02 -8.337500e+01 1.183085e+02
      vertex   -1.922102e+02 -8.342188e+01 1.181225e+02
      vertex   -1.920867e+02 -8.343750e+01 1.183826e+02
    endloop
  endfacet
  facet normal -9.410275e-01 -6.961444e-02 3.310908e-01
    outer loop
      vertex   -1.921174e+02 -8.337500e+01 1.183085e+02
      vertex   -1.920867e+02 -8.343750e+01 1.183826e+02
      vertex   -1.920208e+02 -8.339063e+01 1.185798e+02
    endloop
  endfacet
  facet normal -9.509814e-01 6.961444e-02 3.013109e-01
    outer loop
      vertex   -1.920208e+02 -8.339063e+01 1.185798e+02
      vertex   -1.920867e+02 -8.343750e+01 1.183826e+02
      vertex   -1.920007e+02 -8.345313e+01 1.186575e+02
    endloop
  endfacet
  facet normal -9.780710e-01 -6.961444e-02 1.962933e-01
    outer loop
      vertex   -1.920208e+02 -8.339063e+01 1.185798e+02
      vertex   -1.920007e+02 -8.345313e+01 1.186575e+02
      vertex   -1.919631e+02 -8.340625e+01 1.188619e+02
    endloop
  endfacet
  facet normal -9.837642e-01 6.961444e-02 1.654144e-01
    outer loop
      vertex   -1.919631e+02 -8.340625e+01 1.188619e+02
      vertex   -1.920007e+02 -8.345313e+01 1.186575e+02
      vertex   -1.919541e+02 -8.346875e+01 1.189416e+02
    endloop
  endfacet
  facet normal -9.959073e-01 -6.961444e-02 5.764101e-02
    outer loop
      vertex   -1.919631e+02 -8.340625e+01 1.188619e+02
      vertex   -1.919541e+02 -8.346875e+01 1.189416e+02
      vertex   -1.919453e+02 -8.342188e+01 1.191493e+02
    endloop
  endfacet
  facet normal -9.972280e-01 6.961444e-02 2.626948e-02
    outer loop
      vertex   -1.919453e+02 -8.342188e+01 1.191493e+02
      vertex   -1.919541e+02 -8.346875e+01 1.189416e+02
      vertex   -1.919476e+02 -8.348438e+01 1.192295e+02
    endloop
  endfacet
  facet normal -9.941863e-01 -6.961444e-02 -8.214318e-02
    outer loop
      vertex   -1.919453e+02 -8.342188e+01 1.191493e+02
      vertex   -1.919476e+02 -8.348438e+01 1.192295e+02
      vertex   -1.919679e+02 -8.343750e+01 1.194363e+02
    endloop
  endfacet
  facet normal -9.911086e-01 6.961444e-02 -1.133913e-01
    outer loop
      vertex   -1.919679e+02 -8.343750e+01 1.194363e+02
      vertex   -1.919476e+02 -8.348438e+01 1.192295e+02
      vertex   -1.919814e+02 -8.350000e+01 1.195154e+02
    endloop
  endfacet
  facet normal -9.729417e-01 -6.961444e-02 -2.203143e-01
    outer loop
      vertex   -1.919679e+02 -8.343750e+01 1.194363e+02
      vertex   -1.919814e+02 -8.350000e+01 1.195154e+02
      vertex   -1.920305e+02 -8.345313e+01 1.197174e+02
    endloop
  endfacet
  facet normal -9.655260e-01 6.961444e-02 -2.508253e-01
    outer loop
      vertex   -1.920305e+02 -8.345313e+01 1.197174e+02
      vertex   -1.919814e+02 -8.350000e+01 1.195154e+02
      vertex   -1.920548e+02 -8.351563e+01 1.197938e+02
    endloop
  endfacet
  facet normal -9.325907e-01 -6.961444e-02 -3.541589e-01
    outer loop
      vertex   -1.920305e+02 -8.345313e+01 1.197174e+02
      vertex   -1.920548e+02 -8.351563e+01 1.197938e+02
      vertex   -1.921317e+02 -8.346875e+01 1.199870e+02
    endloop
  endfacet
  facet normal -9.209827e-01 6.961444e-02 -3.833337e-01
    outer loop
      vertex   -1.921317e+02 -8.346875e+01 1.199870e+02
      vertex   -1.920548e+02 -8.351563e+01 1.197938e+02
      vertex   -1.921665e+02 -8.353125e+01 1.200592e+02
    endloop
  endfacet
  facet normal -8.739257e-01 -6.961444e-02 -4.810486e-01
    outer loop
      vertex   -1.921317e+02 -8.346875e+01 1.199870e+02
      vertex   -1.921665e+02 -8.353125e+01 1.200592e+02
      vertex   -1.922696e+02 -8.348438e+01 1.202397e+02
    endloop
  endfacet
  facet normal -8.583533e-01 6.961444e-02 -5.083143e-01
    outer loop
      vertex   -1.922696e+02 -8.348438e+01 1.202397e+02
      vertex   -1.921665e+02 -8.353125e+01 1.200592e+02
      vertex   -1.923142e+02 -8.354688e+01 1.203064e+02
    endloop
  endfacet
  facet normal -7.980988e-01 -6.961444e-02 -5.984916e-01
    outer loop
      vertex   -1.922696e+02 -8.348438e+01 1.202397e+02
      vertex   -1.923142e+02 -8.354688e+01 1.203064e+02
      vertex   -1.924415e+02 -8.350000e+01 1.204708e+02
    endloop
  endfacet
  facet normal -7.788678e-01 6.961444e-02 -6.233127e-01
    outer loop
      vertex   -1.924415e+02 -8.350000e+01 1.204708e+02
      vertex   -1.923142e+02 -8.354688e+01 1.203064e+02
      vertex   -1.924949e+02 -8.356250e+01 1.205306e+02
    endloop
  endfacet
  facet normal -7.065990e-01 -6.961444e-02 -7.041816e-01
    outer loop
      vertex   -1.924415e+02 -8.350000e+01 1.204708e+02
      vertex   -1.924949e+02 -8.356250e+01 1.205306e+02
      vertex   -1.926439e+02 -8.351563e+01 1.206755e+02
    endloop
  endfacet
  facet normal -6.840871e-01 6.961444e-02 -7.260707e-01
    outer loop
      vertex   -1.926439e+02 -8.351563e+01 1.206755e+02
      vertex   -1.924949e+02 -8.356250e+01 1.205306e+02
      vertex   -1.927052e+02 -8.357813e+01 1.207272e+02
    endloop
  endfacet
  facet normal -6.012232e-01 -6.961444e-02 -7.960430e-01
    outer loop
      vertex   -1.926439e+02 -8.351563e+01 1.206755e+02
      vertex   -1.927052e+02 -8.357813e+01 1.207272e+02
      vertex   -1.928730e+02 -8.353125e+01 1.208499e+02
    endloop
  endfacet
  facet normal -5.758725e-01 6.961444e-02 -8.145703e-01
    outer loop
      vertex   -1.928730e+02 -8.353125e+01 1.208499e+02
      vertex   -1.927052e+02 -8.357813e+01 1.207272e+02
      vertex   -1.929410e+02 -8.359375e+01 1.208926e+02
    endloop
  endfacet
  facet normal -4.840407e-01 -6.961444e-02 -8.722720e-01
    outer loop
      vertex   -1.928730e+02 -8.353125e+01 1.208499e+02
      vertex   -1.929410e+02 -8.359375e+01 1.208926e+02
      vertex   -1.931243e+02 -8.354688e+01 1.209905e+02
    endloop
  endfacet
  facet normal -4.563490e-01 6.961444e-02 -8.870735e-01
    outer loop
      vertex   -1.931243e+02 -8.354688e+01 1.209905e+02
      vertex   -1.929410e+02 -8.359375e+01 1.208926e+02
      vertex   -1.931975e+02 -8.360938e+01 1.210233e+02
    endloop
  endfacet
  facet normal -3.573528e-01 -6.961444e-02 -9.313715e-01
    outer loop
      vertex   -1.931243e+02 -8.354688e+01 1.209905e+02
      vertex   -1.931975e+02 -8.360938e+01 1.210233e+02
      vertex   -1.933927e+02 -8.356250e+01 1.210947e+02
    endloop
  endfacet
  facet normal -3.278639e-01 6.961444e-02 -9.421566e-01
    outer loop
      vertex   -1.933927e+02 -8.356250e+01 1.210947e+02
      vertex   -1.931975e+02 -8.360938e+01 1.210233e+02
      vertex   -1.934698e+02 -8.362500e+01 1.211169e+02
    endloop
  endfacet
  facet normal -2.236473e-01 -6.961444e-02 -9.721809e-01
    outer loop
      vertex   -1.933927e+02 -8.356250e+01 1.210947e+02
      vertex   -1.934698e+02 -8.362500e+01 1.211169e+02
      vertex   -1.936731e+02 -8.357813e+01 1.211603e+02
    endloop
  endfacet
  facet normal -1.929402e-01 6.961444e-02 -9.787379e-01
    outer loop
      vertex   -1.936731e+02 -8.357813e+01 1.211603e+02
      vertex   -1.934698e+02 -8.362500e+01 1.211169e+02
      vertex   -1.937525e+02 -8.364063e+01 1.211715e+02
    endloop
  endfacet
  facet normal -8.554981e-02 -6.961444e-02 -9.938989e-01
    outer loop
      vertex   -1.936731e+02 -8.357813e+01 1.211603e+02
      vertex   -1.937525e+02 -8.364063e+01 1.211715e+02
      vertex   -1.939599e+02 -8.359375e+01 1.211861e+02
    endloop
  endfacet
  facet normal -5.422766e-02 6.961444e-02 -9.960990e-01
    outer loop
      vertex   -1.939599e+02 -8.359375e+01 1.211861e+02
      vertex   -1.937525e+02 -8.364063e+01 1.211715e+02
      vertex   -1.940401e+02 -8.365625e+01 1.211861e+02
    endloop
  endfacet
  facet normal 5.422766e-02 -6.961444e-02 -9.960990e-01
    outer loop
      vertex   -1.939599e+02 -8.359375e+01 1.211861e+02
      vertex   -1.940401e+02 -8.365625e+01 1.211861e+02
      vertex   -1.942475e+02 -8.360938e+01 1.211715e+02
    endloop
  endfacet
  facet normal 8.554981e-02 6.961444e-02 -9.938989e-01
    outer loop
      vertex   -1.942475e+02 -8.360938e+01 1.211715e+02
      vertex   -1.940401e+02 -8.365625e+01 1.211861e+02
      vertex   -1.943269e+02 -8.367188e+01 1.211603e+02
    endloop
  endfacet
  facet normal 1.929402e-01 -6.961444e-02 -9.787379e-01
    outer loop
      vertex   -1.942475e+02 -8.360938e+01 1.211715e+02
      vertex   -1.943269e+02 -8.367188e+01 1.211603e+02
      vertex   -1.945302e+02 -8.362500e+01 1.211169e+02
    endloop
  endfacet
  facet normal 2.236473e-01 6.961444e-02 -9.721809e-01
    outer loop
      vertex   -1.945302e+02 -8.362500e+01 1.211169e+02
      vertex   -1.943269e+02 -8.367188e+01 1.211603e+02
      vertex   -1.946073e+02 -8.368750e+01 1.210947e+02
    endloop
  endfacet
  facet normal 3.278639e-01 -6.961444e-02 -9.421566e-01
    outer loop
      vertex   -1.945302e+02 -8.362500e+01 1.211169e+02
      vertex   -1.946073e+02 -8.368750e+01 1.210947e+02
      vertex   -1.948025e+02 -8.364063e+01 1.210233e+02
    endloop
  endfacet
  facet normal 3.573528e-01 6.961444e-02 -9.313715e-01
    outer loop
      vertex   -1.948025e+02 -8.364063e+01 1.210233e+02
      vertex   -1.946073e+02 -8.368750e+01 1.210947e+02
      vertex   -1.948757e+02 -8.370313e+01 1.209905e+02
    endloop
  endfacet
  facet normal 4.563490e-01 -6.961444e-02 -8.870735e-01
    outer loop
      vertex   -1.948025e+02 -8.364063e+01 1.210233e+02
      vertex   -1.948757e+02 -8.370313e+01 1.209905e+02
      vertex   -1.950590e+02 -8.365625e+01 1.208926e+02
    endloop
  endfacet
  facet normal 4.840407e-01 6.961444e-02 -8.722720e-01
    outer loop
      vertex   -1.950590e+02 -8.365625e+01 1.208926e+02
      vertex   -1.948757e+02 -8.370313e+01 1.209905e+02
      vertex   -1.951270e+02 -8.371875e+01 1.208499e+02
    endloop
  endfacet
  facet normal 5.758725e-01 -6.961444e-02 -8.145703e-01
    outer loop
      vertex   -1.950590e+02 -8.365625e+01 1.208926e+02
      vertex   -1.951270e+02 -8.371875e+01 1.208499e+02
      vertex   -1.952948e+02 -8.367188e+01 1.207272e+02
    endloop
  endfacet
  facet normal 6.012232e-01 6.961444e-02 -7.960430e-01
    outer loop
      vertex   -1.952948e+02 -8.367188e+01 1.207272e+02
      vertex   -1.951270e+02 -8.371875e+01 1.208499e+02
      vertex   -1.953561e+02 -8.373438e+01 1.206755e+02
    endloop
  endfacet
  facet normal 6.840871e-01 -6.961444e-02 -7.260707e-01
    outer loop
      vertex   -1.952948e+02 -8.367188e+01 1.207272e+02
      vertex   -1.953561e+02 -8.373438e+01 1.206755e+02
      vertex   -1.955051e+02 -8.368750e+01 1.205306e+02
    endloop
  endfacet
  facet normal 7.065990e-01 6.961444e-02 -7.041816e-01
    outer loop
      vertex   -1.955051e+02 -8.368750e+01 1.205306e+02
      vertex   -1.953561e+02 -8.373438e+01 1.206755e+02
      vertex   -1.955585e+02 -8.375000e+01 1.204708e+02
    endloop
  endfacet
  facet normal 7.788678e-01 -6.961444e-02 -6.233127e-01
    outer loop
      vertex   -1.955051e+02 -8.368750e+01 1.205306e+02
      vertex   -1.955585e+02 -8.375000e+01 1.204708e+02
      vertex   -1.956858e+02 -8.370313e+01 1.203064e+02
    endloop
  endfacet
  facet normal 7.980988e-01 6.961444e-02 -5.984916e-01
    outer loop
      vertex   -1.956858e+02 -8.370313e+01 1.203064e+02
      vertex   -1.955585e+02 -8.375000e+01 1.204708e+02
      vertex   -1.957304e+02 -8.376563e+01 1.202397e+02
    endloop
  endfacet
  facet normal 8.583533e-01 -6.961444e-02 -5.083143e-01
    outer loop
      vertex   -1.956858e+02 -8.370313e+01 1.203064e+02
      vertex   -1.957304e+02 -8.376563e+01 1.202397e+02
      vertex   -1.958335e+02 -8.371875e+01 1.200592e+02
    endloop
  endfacet
  facet normal 8.739257e-01 6.961444e-02 -4.810486e-01
    outer loop
      vertex   -1.958335e+02 -8.371875e+01 1.200592e+02
      vertex   -1.957304e+02 -8.376563e+01 1.202397e+02
      vertex   -1.958683e+02 -8.378125e+01 1.199870e+02
    endloop
  endfacet
  facet normal 9.209827e-01 -6.961444e-02 -3.833337e-01
    outer loop
      vertex   -1.958335e+02 -8.371875e+01 1.200592e+02
      vertex   -1.958683e+02 -8.378125e+01 1.199870e+02
      vertex   -1.959452e+02 -8.373438e+01 1.197938e+02
    endloop
  endfacet
  facet normal 9.325907e-01 6.961444e-02 -3.541589e-01
    outer loop
      vertex   -1.959452e+02 -8.373438e+01 1.197938e+02
      vertex   -1.958683e+02 -8.378125e+01 1.199870e+02
      vertex   -1.959695e+02 -8.379688e+01 1.197174e+02
    endloop
  endfacet
  facet normal 9.655260e-01 -6.961444e-02 -2.508253e-01
    outer loop
      vertex   -1.959452e+02 -8.373438e+01 1.197938e+02
      vertex   -1.959695e+02 -8.379688e+01 1.197174e+02
      vertex   -1.960186e+02 -8.375000e+01 1.195154e+02
    endloop
  endfacet
  facet normal 9.729417e-01 6.961444e-02 -2.203143e-01
    outer loop
      vertex   -1.960186e+02 -8.375000e+01 1.195154e+02
      vertex   -1.959695e+02 -8.379688e+01 1.197174e+02
      vertex   -1.960321e+02 -8.381250e+01 1.194363e+02
    endloop
  endfacet
  facet normal 9.911086e-01 -6.961444e-02 -1.133913e-01
    outer loop
      vertex   -1.960186e+02 -8.375000e+01 1.195154e+02
      vertex   -1.960321e+02 -8.381250e+01 1.194363e+02
      vertex   -1.960524e+02 -8.376563e+01 1.192295e+02
    endloop
  endfacet
  facet normal 9.941863e-01 6.961444e-02 -8.214318e-02
    outer loop
      vertex   -1.960524e+02 -8.376563e+01 1.192295e+02
      vertex   -1.960321e+02 -8.381250e+01 1.194363e+02
      vertex   -1.960547e+02 -8.382813e+01 1.191493e+02
    endloop
  endfacet
  facet normal 9.972280e-01 -6.961444e-02 2.626948e-02
    outer loop
      vertex   -1.960524e+02 -8.376563e+01 1.192295e+02
      vertex   -1.960547e+02 -8.382813e+01 1.191493e+02
      vertex   -1.960459e+02 -8.378125e+01 1.189416e+02
    endloop
  endfacet
  facet normal 9.959073e-01 6.961444e-02 5.764101e-02
    outer loop
      vertex   -1.960459e+02 -8.378125e+01 1.189416e+02
      vertex   -1.960547e+02 -8.382813e+01 1.191493e+02
      vertex   -1.960369e+02 -8.384375e+01 1.188619e+02
    endloop
  endfacet
  facet normal 9.837642e-01 -6.961444e-02 1.654144e-01
    outer loop
      vertex   -1.960459e+02 -8.378125e+01 1.189416e+02
      vertex   -1.960369e+02 -8.384375e+01 1.188619e+02
      vertex   -1.959993e+02 -8.379688e+01 1.186575e+02
    endloop
  endfacet
  facet normal 9.780710e-01 6.961444e-02 1.962933e-01
    outer loop
      vertex   -1.959993e+02 -8.379688e+01 1.186575e+02
      vertex   -1.960369e+02 -8.384375e+01 1.188619e+02
      vertex   -1.959792e+02 -8.385938e+01 1.185798e+02
    endloop
  endfacet
  facet normal 9.509814e-01 -6.961444e-02 3.013109e-01
    outer loop
      vertex   -1.959993e+02 -8.379688e+01 1.186575e+02
      vertex   -1.959792e+02 -8.385938e+01 1.185798e+02
      vertex   -1.959133e+02 -8.381250e+01 1.183826e+02
    endloop
  endfacet
  facet normal 9.410275e-01 6.961444e-02 3.310908e-01
    outer loop
      vertex   -1.959133e+02 -8.381250e+01 1.183826e+02
      vertex   -1.959792e+02 -8.385938e+01 1.185798e+02
      vertex   -1.958826e+02 -8.387500e+01 1.183085e+02
    endloop
  endfacet
  facet normal 8.995234e-01 -6.961444e-02 4.312904e-01
    outer loop
      vertex   -1.959133e+02 -8.381250e+01 1.183826e+02
      vertex   -1.958826e+02 -8.387500e+01 1.183085e+02
      vertex   -1.957898e+02 -8.382813e+01 1.181225e+02
    endloop
  endfacet
  facet normal 8.855044e-01 6.961444e-02 4.593864e-01
    outer loop
      vertex   -1.957898e+02 -8.382813e+01 1.181225e+02
      vertex   -1.958826e+02 -8.387500e+01 1.183085e+02
      vertex   -1.957491e+02 -8.389063e+01 1.180534e+02
    endloop
  endfacet
  facet normal 8.304009e-01 -6.961444e-02 5.528003e-01
    outer loop
      vertex   -1.957898e+02 -8.382813e+01 1.181225e+02
      vertex   -1.957491e+02 -8.389063e+01 1.180534e+02
      vertex   -1.956312e+02 -8.384375e+01 1.178822e+02
    endloop
  endfacet
  facet normal 8.125919e-01 6.961444e-02 5.786607e-01
    outer loop
      vertex   -1.956312e+02 -8.384375e+01 1.178822e+02
      vertex   -1.957491e+02 -8.389063e+01 1.180534e+02
      vertex   -1.955811e+02 -8.390625e+01 1.178195e+02
    endloop
  endfacet
  facet normal 7.449712e-01 -6.961444e-02 6.634545e-01
    outer loop
      vertex   -1.956312e+02 -8.384375e+01 1.178822e+02
      vertex   -1.955811e+02 -8.390625e+01 1.178195e+02
      vertex   -1.954405e+02 -8.385938e+01 1.176665e+02
    endloop
  endfacet
  facet normal 7.237220e-01 6.961444e-02 6.865714e-01
    outer loop
      vertex   -1.954405e+02 -8.385938e+01 1.176665e+02
      vertex   -1.955811e+02 -8.390625e+01 1.178195e+02
      vertex   -1.953822e+02 -8.392188e+01 1.176114e+02
    endloop
  endfacet
  facet normal 6.449119e-01 -6.961444e-02 7.610798e-01
    outer loop
      vertex   -1.954405e+02 -8.385938e+01 1.176665e+02
      vertex   -1.953822e+02 -8.392188e+01 1.176114e+02
      vertex   -1.952215e+02 -8.387500e+01 1.174795e+02
    endloop
  endfacet
  facet normal 6.206399e-01 6.961444e-02 7.809994e-01
    outer loop
      vertex   -1.952215e+02 -8.387500e+01 1.174795e+02
      vertex   -1.953822e+02 -8.392188e+01 1.176114e+02
      vertex   -1.951561e+02 -8.393750e+01 1.174331e+02
    endloop
  endfacet
  facet normal 5.321879e-01 -6.961444e-02 8.437593e-01
    outer loop
      vertex   -1.952215e+02 -8.387500e+01 1.174795e+02
      vertex   -1.951561e+02 -8.393750e+01 1.174331e+02
      vertex   -1.949786e+02 -8.389063e+01 1.173250e+02
    endloop
  endfacet
  facet normal 5.053697e-01 6.961444e-02 8.600903e-01
    outer loop
      vertex   -1.949786e+02 -8.389063e+01 1.173250e+02
      vertex   -1.951561e+02 -8.393750e+01 1.174331e+02
      vertex   -1.949073e+02 -8.395313e+01 1.172882e+02
    endloop
  endfacet
  facet normal 4.090130e-01 -6.961444e-02 9.098693e-01
    outer loop
      vertex   -1.949786e+02 -8.389063e+01 1.173250e+02
      vertex   -1.949073e+02 -8.395313e+01 1.172882e+02
      vertex   -1.947164e+02 -8.390625e+01 1.172059e+02
    endloop
  endfacet
  facet normal 3.801752e-01 6.961444e-02 9.222910e-01
    outer loop
      vertex   -1.947164e+02 -8.390625e+01 1.172059e+02
      vertex   -1.949073e+02 -8.395313e+01 1.172882e+02
      vertex   -1.946406e+02 -8.396875e+01 1.171794e+02
    endloop
  endfacet
  facet normal 2.778061e-01 -6.961444e-02 9.581115e-01
    outer loop
      vertex   -1.947164e+02 -8.390625e+01 1.172059e+02
      vertex   -1.946406e+02 -8.396875e+01 1.171794e+02
      vertex   -1.944401e+02 -8.392188e+01 1.171247e+02
    endloop
  endfacet
  facet normal 2.475150e-01 6.961444e-02 9.663799e-01
    outer loop
      vertex   -1.944401e+02 -8.392188e+01 1.171247e+02
      vertex   -1.946406e+02 -8.396875e+01 1.171794e+02
      vertex   -1.943614e+02 -8.398438e+01 1.171090e+02
    endloop
  endfacet
  facet normal 1.411436e-01 -6.961444e-02 9.875385e-01
    outer loop
      vertex   -1.944401e+02 -8.392188e+01 1.171247e+02
      vertex   -1.943614e+02 -8.398438e+01 1.171090e+02
      vertex   -1.941552e+02 -8.393750e+01 1.170829e+02
    endloop
  endfacet
  facet normal 1.099941e-01 6.961444e-02 9.914914e-01
    outer loop
      vertex   -1.941552e+02 -8.393750e+01 1.170829e+02
      vertex   -1.943614e+02 -8.398438e+01 1.171090e+02
      vertex   -1.940751e+02 -8.400000e+01 1.170784e+02
    endloop
  endfacet
  facet normal 1.709364e-03 -6.961444e-02 9.975725e-01
    outer loop
      vertex   -1.941552e+02 -8.393750e+01 1.170829e+02
      vertex   -1.940751e+02 -8.400000e+01 1.170784e+02
      vertex   -1.938673e+02 -8.395313e+01 1.170813e+02
    endloop
  endfacet
  facet normal -2.968687e-02 6.961444e-02 9.971321e-01
    outer loop
      vertex   -1.938673e+02 -8.395313e+01 1.170813e+02
      vertex   -1.940751e+02 -8.400000e+01 1.170784e+02
      vertex   -1.937874e+02 -8.401562e+01 1.170880e+02
    endloop
  endfacet
  facet normal -1.377584e-01 -6.961444e-02 9.880164e-01
    outer loop
      vertex   -1.938673e+02 -8.395313e+01 1.170813e+02
      vertex   -1.937874e+02 -8.401562e+01 1.170880e+02
      vertex   -1.935820e+02 -8.396875e+01 1.171200e+02
    endloop
  endfacet
  facet normal -1.687848e-01 6.961444e-02 9.831915e-01
    outer loop
      vertex   -1.935820e+02 -8.396875e+01 1.171200e+02
      vertex   -1.937874e+02 -8.401562e+01 1.170880e+02
      vertex   -1.935038e+02 -8.403125e+01 1.171378e+02
    endloop
  endfacet
  facet normal -2.745209e-01 -6.961444e-02 9.590579e-01
    outer loop
      vertex   -1.935820e+02 -8.396875e+01 1.171200e+02
      vertex   -1.935038e+02 -8.403125e+01 1.171378e+02
      vertex   -1.933049e+02 -8.398438e+01 1.171982e+02
    endloop
  endfacet
  facet normal -3.045682e-01 6.961444e-02 9.499432e-01
    outer loop
      vertex   -1.933049e+02 -8.398438e+01 1.171982e+02
      vertex   -1.935038e+02 -8.403125e+01 1.171378e+02
      vertex   -1.932299e+02 -8.404688e+01 1.172268e+02
    endloop
  endfacet
  facet normal -4.058925e-01 -6.961444e-02 9.112657e-01
    outer loop
      vertex   -1.933049e+02 -8.398438e+01 1.171982e+02
      vertex   -1.932299e+02 -8.404688e+01 1.172268e+02
      vertex   -1.930414e+02 -8.400000e+01 1.173143e+02
    endloop
  endfacet
  facet normal -4.343706e-01 6.961444e-02 8.980401e-01
    outer loop
      vertex   -1.930414e+02 -8.400000e+01 1.173143e+02
      vertex   -1.932299e+02 -8.404688e+01 1.172268e+02
      vertex   -1.929712e+02 -8.406250e+01 1.173531e+02
    endloop
  endfacet
  facet normal -5.292932e-01 -6.961444e-02 8.455782e-01
    outer loop
      vertex   -1.930414e+02 -8.400000e+01 1.173143e+02
      vertex   -1.929712e+02 -8.406250e+01 1.173531e+02
      vertex   -1.927967e+02 -8.401562e+01 1.174662e+02
    endloop
  endfacet
  facet normal -5.556429e-01 6.961444e-02 8.285016e-01
    outer loop
      vertex   -1.927967e+02 -8.401562e+01 1.174662e+02
      vertex   -1.929712e+02 -8.406250e+01 1.173531e+02
      vertex   -1.927326e+02 -8.407813e+01 1.175144e+02
    endloop
  endfacet
  facet normal -6.422998e-01 -6.961444e-02 7.632855e-01
    outer loop
      vertex   -1.927967e+02 -8.401562e+01 1.174662e+02
      vertex   -1.927326e+02 -8.407813e+01 1.175144e+02
      vertex   -1.925757e+02 -8.403125e+01 1.176507e+02
    endloop
  endfacet
  facet normal -6.660036e-01 6.961444e-02 7.426931e-01
    outer loop
      vertex   -1.925757e+02 -8.403125e+01 1.176507e+02
      vertex   -1.927326e+02 -8.407813e+01 1.175144e+02
      vertex   -1.925190e+02 -8.409375e+01 1.177075e+02
    endloop
  endfacet
  facet normal -7.426931e-01 -6.961444e-02 6.660036e-01
    outer loop
      vertex   -1.925757e+02 -8.403125e+01 1.176507e+02
      vertex   -1.925190e+02 -8.409375e+01 1.177075e+02
      vertex   -1.923827e+02 -8.404688e+01 1.178644e+02
    endloop
  endfacet
  facet normal -7.632855e-01 6.961444e-02 6.422998e-01
    outer loop
      vertex   -1.923827e+02 -8.404688e+01 1.178644e+02
      vertex   -1.925190e+02 -8.409375e+01 1.177075e+02
      vertex   -1.923344e+02 -8.410938e+01 1.179285e+02
    endloop
  endfacet
  facet normal -8.285016e-01 -6.961444e-02 5.556429e-01
    outer loop
      vertex   -1.923827e+02 -8.404688e+01 1.178644e+02
      vertex   -1.923344e+02 -8.410938e+01 1.179285e+02
      vertex   -1.922214e+02 -8.406250e+01 1.181029e+02
    endloop
  endfacet
  facet normal -8.455782e-01 6.961444e-02 5.292932e-01
    outer loop
      vertex   -1.922214e+02 -8.406250e+01 1.181029e+02
      vertex   -1.923344e+02 -8.410938e+01 1.179285e+02
      vertex   -1.921826e+02 -8.412500e+01 1.181731e+02
    endloop
  endfacet
  facet normal -8.980401e-01 -6.961444e-02 4.343706e-01
    outer loop
      vertex   -1.922214e+02 -8.406250e+01 1.181029e+02
      vertex   -1.921826e+02 -8.412500e+01 1.181731e+02
      vertex   -1.920950e+02 -8.407813e+01 1.183616e+02
    endloop
  endfacet
  facet normal -9.112657e-01 6.961444e-02 4.058925e-01
    outer loop
      vertex   -1.920950e+02 -8.407813e+01 1.183616e+02
      vertex   -1.921826e+02 -8.412500e+01 1.181731e+02
      vertex   -1.920664e+02 -8.414063e+01 1.184366e+02
    endloop
  endfacet
  facet normal -9.499432e-01 -6.961444e-02 3.045682e-01
    outer loop
      vertex   -1.920950e+02 -8.407813e+01 1.183616e+02
      vertex   -1.920664e+02 -8.414063e+01 1.184366e+02
      vertex   -1.920061e+02 -8.409375e+01 1.186355e+02
    endloop
  endfacet
  facet normal -9.590579e-01 6.961444e-02 2.745209e-01
    outer loop
      vertex   -1.920061e+02 -8.409375e+01 1.186355e+02
      vertex   -1.920664e+02 -8.414063e+01 1.184366e+02
      vertex   -1.919882e+02 -8.415625e+01 1.187137e+02
    endloop
  endfacet
  facet normal -9.831915e-01 -6.961444e-02 1.687848e-01
    outer loop
      vertex   -1.920061e+02 -8.409375e+01 1.186355e+02
      vertex   -1.919882e+02 -8.415625e+01 1.187137e+02
      vertex   -1.919563e+02 -8.410938e+01 1.189191e+02
    endloop
  endfacet
  facet normal -9.880164e-01 6.961444e-02 1.377584e-01
    outer loop
      vertex   -1.919563e+02 -8.410938e+01 1.189191e+02
      vertex   -1.919882e+02 -8.415625e+01 1.187137e+02
      vertex   -1.919495e+02 -8.417188e+01 1.189991e+02
    endloop
  endfacet
  facet normal -9.971321e-01 -6.961444e-02 2.968687e-02
    outer loop
      vertex   -1.919563e+02 -8.410938e+01 1.189191e+02
      vertex   -1.919495e+02 -8.417188e+01 1.189991e+02
      vertex   -1.919466e+02 -8.412500e+01 1.192069e+02
    endloop
  endfacet
  facet normal -9.975725e-01 6.961444e-02 -1.709364e-03
    outer loop
      vertex   -1.919466e+02 -8.412500e+01 1.192069e+02
      vertex   -1.919495e+02 -8.417188e+01 1.189991e+02
      vertex   -1.919511e+02 -8.418750e+01 1.192870e+02
    endloop
  endfacet
  facet normal -9.914914e-01 -6.961444e-02 -1.099941e-01
    outer loop
      vertex   -1.919466e+02 -8.412500e+01 1.192069e+02
      vertex   -1.919511e+02 -8.418750e+01 1.192870e+02
      vertex   -1.919773e+02 -8.414063e+01 1.194932e+02
    endloop
  endfacet
  facet normal -9.875385e-01 6.961444e-02 -1.411436e-01
    outer loop
      vertex   -1.919773e+02 -8.414063e+01 1.194932e+02
      vertex   -1.919511e+02 -8.418750e+01 1.192870e+02
      vertex   -1.919929e+02 -8.420313e+01 1.195719e+02
    endloop
  endfacet
  facet normal -9.663799e-01 -6.961444e-02 -2.475150e-01
    outer loop
      vertex   -1.919773e+02 -8.414063e+01 1.194932e+02
      vertex   -1.919929e+02 -8.420313e+01 1.195719e+02
      vertex   -1.920477e+02 -8.415625e+01 1.197724e+02
    endloop
  endfacet
  facet normal -9.581115e-01 6.961444e-02 -2.778061e-01
    outer loop
      vertex   -1.920477e+02 -8.415625e+01 1.197724e+02
      vertex   -1.919929e+02 -8.420313e+01 1.195719e+02
      vertex   -1.920742e+02 -8.421875e+01 1.198481e+02
    endloop
  endfacet
  facet normal -9.222910e-01 -6.961444e-02 -3.801752e-01
    outer loop
      vertex   -1.920477e+02 -8.415625e+01 1.197724e+02
      vertex   -1.920742e+02 -8.421875e+01 1.198481e+02
      vertex   -1.921564e+02 -8.417188e+01 1.200390e+02
    endloop
  endfacet
  facet normal -9.098693e-01 6.961444e-02 -4.090130e-01
    outer loop
      vertex   -1.921564e+02 -8.417188e+01 1.200390e+02
      vertex   -1.920742e+02 -8.421875e+01 1.198481e+02
      vertex   -1.921932e+02 -8.423438e+01 1.201103e+02
    endloop
  endfacet
  facet normal -8.600903e-01 -6.961444e-02 -5.053697e-01
    outer loop
      vertex   -1.921564e+02 -8.417188e+01 1.200390e+02
      vertex   -1.921932e+02 -8.423438e+01 1.201103e+02
      vertex   -1.923013e+02 -8.418750e+01 1.202878e+02
    endloop
  endfacet
  facet normal -8.437593e-01 6.961444e-02 -5.321879e-01
    outer loop
      vertex   -1.923013e+02 -8.418750e+01 1.202878e+02
      vertex   -1.921932e+02 -8.423438e+01 1.201103e+02
      vertex   -1.923478e+02 -8.425000e+01 1.203533e+02
    endloop
  endfacet
  facet normal -7.809994e-01 -6.961444e-02 -6.206399e-01
    outer loop
      vertex   -1.923013e+02 -8.418750e+01 1.202878e+02
      vertex   -1.923478e+02 -8.425000e+01 1.203533e+02
      vertex   -1.924796e+02 -8.420313e+01 1.205139e+02
    endloop
  endfacet
  facet normal -7.610798e-01 6.961444e-02 -6.449119e-01
    outer loop
      vertex   -1.924796e+02 -8.420313e+01 1.205139e+02
      vertex   -1.923478e+02 -8.425000e+01 1.203533e+02
      vertex   -1.925347e+02 -8.426563e+01 1.205722e+02
    endloop
  endfacet
  facet normal -6.865714e-01 -6.961444e-02 -7.237220e-01
    outer loop
      vertex   -1.924796e+02 -8.420313e+01 1.205139e+02
      vertex   -1.925347e+02 -8.426563e+01 1.205722e+02
      vertex   -1.926878e+02 -8.421875e+01 1.207129e+02
    endloop
  endfacet
  facet normal -6.634545e-01 6.961444e-02 -7.449712e-01
    outer loop
      vertex   -1.926878e+02 -8.421875e+01 1.207129e+02
      vertex   -1.925347e+02 -8.426563e+01 1.205722e+02
      vertex   -1.927505e+02 -8.428125e+01 1.207629e+02
    endloop
  endfacet
  facet normal -5.786607e-01 -6.961444e-02 -8.125919e-01
    outer loop
      vertex   -1.926878e+02 -8.421875e+01 1.207129e+02
      vertex   -1.927505e+02 -8.428125e+01 1.207629e+02
      vertex   -1.929217e+02 -8.423438e+01 1.208808e+02
    endloop
  endfacet
  facet normal -5.528003e-01 6.961444e-02 -8.304009e-01
    outer loop
      vertex   -1.929217e+02 -8.423438e+01 1.208808e+02
      vertex   -1.927505e+02 -8.428125e+01 1.207629e+02
      vertex   -1.929908e+02 -8.429688e+01 1.209216e+02
    endloop
  endfacet
  facet normal -4.593864e-01 -6.961444e-02 -8.855044e-01
    outer loop
      vertex   -1.929217e+02 -8.423438e+01 1.208808e+02
      vertex   -1.929908e+02 -8.429688e+01 1.209216e+02
      vertex   -1.931768e+02 -8.425000e+01 1.210144e+02
    endloop
  endfacet
  facet normal -4.312904e-01 6.961444e-02 -8.995234e-01
    outer loop
      vertex   -1.931768e+02 -8.425000e+01 1.210144e+02
      vertex   -1.929908e+02 -8.429688e+01 1.209216e+02
      vertex   -1.932509e+02 -8.431250e+01 1.210451e+02
    endloop
  endfacet
  facet normal -3.310908e-01 -6.961444e-02 -9.410275e-01
    outer loop
      vertex   -1.931768e+02 -8.425000e+01 1.210144e+02
      vertex   -1.932509e+02 -8.431250e+01 1.210451e+02
      vertex   -1.934480e+02 -8.426563e+01 1.211110e+02
    endloop
  endfacet
  facet normal -3.013109e-01 6.961444e-02 -9.509814e-01
    outer loop
      vertex   -1.934480e+02 -8.426563e+01 1.211110e+02
      vertex   -1.932509e+02 -8.431250e+01 1.210451e+02
      vertex   -1.935257e+02 -8.432812e+01 1.211310e+02
    endloop
  endfacet
  facet normal -1.962933e-01 -6.961444e-02 -9.780710e-01
    outer loop
      vertex   -1.934480e+02 -8.426563e+01 1.211110e+02
      vertex   -1.935257e+02 -8.432812e+01 1.211310e+02
      vertex   -1.937301e+02 -8.428125e+01 1.211687e+02
    endloop
  endfacet
  facet normal -1.654144e-01 6.961444e-02 -9.837642e-01
    outer loop
      vertex   -1.937301e+02 -8.428125e+01 1.211687e+02
      vertex   -1.935257e+02 -8.432812e+01 1.211310e+02
      vertex   -1.938098e+02 -8.434375e+01 1.211777e+02
    endloop
  endfacet
  facet normal -5.764101e-02 -6.961444e-02 -9.959073e-01
    outer loop
      vertex   -1.937301e+02 -8.428125e+01 1.211687e+02
      vertex   -1.938098e+02 -8.434375e+01 1.211777e+02
      vertex   -1.940175e+02 -8.429688e+01 1.211864e+02
    endloop
  endfacet
  facet normal -2.626948e-02 6.961444e-02 -9.972280e-01
    outer loop
      vertex   -1.940175e+02 -8.429688e+01 1.211864e+02
      vertex   -1.938098e+02 -8.434375e+01 1.211777e+02
      vertex   -1.940977e+02 -8.435938e+01 1.211842e+02
    endloop
  endfacet
  facet normal 8.214318e-02 -6.961444e-02 -9.941863e-01
    outer loop
      vertex   -1.940175e+02 -8.429688e+01 1.211864e+02
      vertex   -1.940977e+02 -8.435938e+01 1.211842e+02
      vertex   -1.943046e+02 -8.431250e+01 1.211638e+02
    endloop
  endfacet
  facet normal 1.133913e-01 6.961444e-02 -9.911086e-01
    outer loop
      vertex   -1.943046e+02 -8.431250e+01 1.211638e+02
      vertex   -1.940977e+02 -8.435938e+01 1.211842e+02
      vertex   -1.943837e+02 -8.437500e+01 1.211504e+02
    endloop
  endfacet
  facet normal 2.203143e-01 -6.961444e-02 -9.729417e-01
    outer loop
      vertex   -1.943046e+02 -8.431250e+01 1.211638e+02
      vertex   -1.943837e+02 -8.437500e+01 1.211504e+02
      vertex   -1.945856e+02 -8.432812e+01 1.211013e+02
    endloop
  endfacet
  facet normal 2.508253e-01 6.961444e-02 -9.655260e-01
    outer loop
      vertex   -1.945856e+02 -8.432812e+01 1.211013e+02
      vertex   -1.943837e+02 -8.437500e+01 1.211504e+02
      vertex   -1.946621e+02 -8.439062e+01 1.210769e+02
    endloop
  endfacet
  facet normal 3.541589e-01 -6.961444e-02 -9.325907e-01
    outer loop
      vertex   -1.945856e+02 -8.432812e+01 1.211013e+02
      vertex   -1.946621e+02 -8.439062e+01 1.210769e+02
      vertex   -1.948552e+02 -8.434375e+01 1.210001e+02
    endloop
  endfacet
  facet normal 3.833337e-01 6.961444e-02 -9.209827e-01
    outer loop
      vertex   -1.948552e+02 -8.434375e+01 1.210001e+02
      vertex   -1.946621e+02 -8.439062e+01 1.210769e+02
      vertex   -1.949275e+02 -8.440625e+01 1.209653e+02
    endloop
  endfacet
  facet normal 4.810486e-01 -6.961444e-02 -8.739257e-01
    outer loop
      vertex   -1.948552e+02 -8.434375e+01 1.210001e+02
      vertex   -1.949275e+02 -8.440625e+01 1.209653e+02
      vertex   -1.951080e+02 -8.435938e+01 1.208622e+02
    endloop
  endfacet
  facet normal 5.083143e-01 6.961444e-02 -8.583533e-01
    outer loop
      vertex   -1.951080e+02 -8.435938e+01 1.208622e+02
      vertex   -1.949275e+02 -8.440625e+01 1.209653e+02
      vertex   -1.951747e+02 -8.442188e+01 1.208176e+02
    endloop
  endfacet
  facet normal 5.984916e-01 -6.961444e-02 -7.980988e-01
    outer loop
      vertex   -1.951080e+02 -8.435938e+01 1.208622e+02
      vertex   -1.951747e+02 -8.442188e+01 1.208176e+02
      vertex   -1.953390e+02 -8.437500e+01 1.206903e+02
    endloop
  endfacet
  facet normal 6.233127e-01 6.961444e-02 -7.788678e-01
    outer loop
      vertex   -1.953390e+02 -8.437500e+01 1.206903e+02
      vertex   -1.951747e+02 -8.442188e+01 1.208176e+02
      vertex   -1.953988e+02 -8.443750e+01 1.206368e+02
    endloop
  endfacet
  facet normal 7.041816e-01 -6.961444e-02 -7.065990e-01
    outer loop
      vertex   -1.953390e+02 -8.437500e+01 1.206903e+02
      vertex   -1.953988e+02 -8.443750e+01 1.206368e+02
      vertex   -1.955437e+02 -8.439063e+01 1.204878e+02
    endloop
  endfacet
  facet normal 7.260707e-01 6.961444e-02 -6.840871e-01
    outer loop
      vertex   -1.955437e+02 -8.439063e+01 1.204878e+02
      vertex   -1.953988e+02 -8.443750e+01 1.206368e+02
      vertex   -1.955955e+02 -8.445313e+01 1.204265e+02
    endloop
  endfacet
  facet normal 7.960430e-01 -6.961444e-02 -6.012232e-01
    outer loop
      vertex   -1.955437e+02 -8.439063e+01 1.204878e+02
      vertex   -1.955955e+02 -8.445313e+01 1.204265e+02
      vertex   -1.957181e+02 -8.440625e+01 1.202587e+02
    endloop
  endfacet
  facet normal 8.145703e-01 6.961444e-02 -5.758725e-01
    outer loop
      vertex   -1.957181e+02 -8.440625e+01 1.202587e+02
      vertex   -1.955955e+02 -8.445313e+01 1.204265e+02
      vertex   -1.957608e+02 -8.446875e+01 1.201908e+02
    endloop
  endfacet
  facet normal 8.722720e-01 -6.961444e-02 -4.840407e-01
    outer loop
      vertex   -1.957181e+02 -8.440625e+01 1.202587e+02
      vertex   -1.957608e+02 -8.446875e+01 1.201908e+02
      vertex   -1.958588e+02 -8.442188e+01 1.200075e+02
    endloop
  endfacet
  facet normal 8.870735e-01 6.961444e-02 -4.563490e-01
    outer loop
      vertex   -1.958588e+02 -8.442188e+01 1.200075e+02
      vertex   -1.957608e+02 -8.446875e+01 1.201908e+02
      vertex   -1.958916e+02 -8.448438e+01 1.199342e+02
    endloop
  endfacet
  facet normal 9.313715e-01 -6.961444e-02 -3.573528e-01
    outer loop
      vertex   -1.958588e+02 -8.442188e+01 1.200075e+02
      vertex   -1.958916e+02 -8.448438e+01 1.199342e+02
      vertex   -1.959630e+02 -8.443750e+01 1.197390e+02
    endloop
  endfacet
  facet normal 9.421566e-01 6.961444e-02 -3.278639e-01
    outer loop
      vertex   -1.959630e+02 -8.443750e+01 1.197390e+02
      vertex   -1.958916e+02 -8.448438e+01 1.199342e+02
      vertex   -1.959852e+02 -8.450000e+01 1.196619e+02
    endloop
  endfacet
  facet normal 9.721809e-01 -6.961444e-02 -2.236473e-01
    outer loop
      vertex   -1.959630e+02 -8.443750e+01 1.197390e+02
      vertex   -1.959852e+02 -8.450000e+01 1.196619e+02
      vertex   -1.960286e+02 -8.445313e+01 1.194587e+02
    endloop
  endfacet
  facet normal 9.723307e-01 1.592712e-01 -1.708966e-01
    outer loop
      vertex   -1.960286e+02 -8.445313e+01 1.194587e+02
      vertex   -1.959852e+02 -8.450000e+01 1.196619e+02
      vertex   -1.960470e+02 -8.450000e+01 1.193103e+02
    endloop
  endfacet
  facet normal 9.882653e-01 -1.289923e-01 -8.180830e-02
    outer loop
      vertex   -1.960286e+02 -8.445313e+01 1.194587e+02
      vertex   -1.960470e+02 -8.450000e+01 1.193103e+02
      vertex   -1.960544e+02 -8.446875e+01 1.191719e+02
    endloop
  endfacet
  facet normal 9.732422e-01 2.297815e-01 -1.549473e-13
    outer loop
      vertex   -1.960544e+02 -8.446875e+01 1.191719e+02
      vertex   -1.960470e+02 -8.450000e+01 1.193103e+02
      vertex   -1.960470e+02 -8.450000e+01 1.189532e+02
    endloop
  endfacet
  facet normal 9.805361e-01 -1.870050e-01 5.981781e-02
    outer loop
      vertex   -1.960544e+02 -8.446875e+01 1.191719e+02
      vertex   -1.960470e+02 -8.450000e+01 1.189532e+02
      vertex   -1.960398e+02 -8.448438e+01 1.188843e+02
    endloop
  endfacet
  facet normal 9.405227e-01 2.968011e-01 1.653060e-01
    outer loop
      vertex   -1.960398e+02 -8.448438e+01 1.188843e+02
      vertex   -1.960470e+02 -8.450000e+01 1.189532e+02
      vertex   -1.959852e+02 -8.450000e+01 1.186016e+02
    endloop
  endfacet
  facet normal -2.996669e-01 1.289923e-01 9.452834e-01
    outer loop
      vertex   -1.932299e+02 -8.054688e+01 1.172268e+02
      vertex   -1.933705e+02 -8.050000e+01 1.171758e+02
      vertex   -1.935038e+02 -8.053125e+01 1.171378e+02
    endloop
  endfacet
  facet normal -2.165668e-01 -2.297815e-01 9.488410e-01
    outer loop
      vertex   -1.935038e+02 -8.053125e+01 1.171378e+02
      vertex   -1.933705e+02 -8.050000e+01 1.171758e+02
      vertex   -1.937185e+02 -8.050000e+01 1.170964e+02
    endloop
  endfacet
  facet normal -1.598718e-01 1.870050e-01 9.692627e-01
    outer loop
      vertex   -1.935038e+02 -8.053125e+01 1.171378e+02
      vertex   -1.937185e+02 -8.050000e+01 1.170964e+02
      vertex   -1.937874e+02 -8.051563e+01 1.170880e+02
    endloop
  endfacet
  facet normal -4.812455e-02 -2.968011e-01 9.537259e-01
    outer loop
      vertex   -1.937874e+02 -8.051563e+01 1.170880e+02
      vertex   -1.937185e+02 -8.050000e+01 1.170964e+02
      vertex   -1.940751e+02 -8.050000e+01 1.170784e+02
    endloop
  endfacet
  facet normal -2.799203e-01 -8.672282e-01 -4.117765e-01
    outer loop
      vertex   -1.928084e+02 -8.050000e+01 1.203342e+02
      vertex   -1.926878e+02 -8.071875e+01 1.207129e+02
      vertex   -1.930029e+02 -8.050000e+01 1.204664e+02
    endloop
  endfacet
  facet normal -2.563341e-01 -8.620079e-01 -4.373045e-01
    outer loop
      vertex   -1.930029e+02 -8.050000e+01 1.204664e+02
      vertex   -1.926878e+02 -8.071875e+01 1.207129e+02
      vertex   -1.929217e+02 -8.073438e+01 1.208808e+02
    endloop
  endfacet
  facet normal -2.187988e-01 -8.670860e-01 -4.475366e-01
    outer loop
      vertex   -1.930029e+02 -8.050000e+01 1.204664e+02
      vertex   -1.929217e+02 -8.073438e+01 1.208808e+02
      vertex   -1.931993e+02 -8.051563e+01 1.205927e+02
    endloop
  endfacet
  facet normal -1.926862e-01 -8.620079e-01 -4.688437e-01
    outer loop
      vertex   -1.931993e+02 -8.051563e+01 1.205927e+02
      vertex   -1.929217e+02 -8.073438e+01 1.208808e+02
      vertex   -1.931768e+02 -8.075000e+01 1.210144e+02
    endloop
  endfacet
  facet normal -1.540892e-01 -8.670860e-01 -4.737282e-01
    outer loop
      vertex   -1.931993e+02 -8.051563e+01 1.205927e+02
      vertex   -1.931768e+02 -8.075000e+01 1.210144e+02
      vertex   -1.934114e+02 -8.053125e+01 1.206903e+02
    endloop
  endfacet
  facet normal -1.252545e-01 -8.620079e-01 -4.911758e-01
    outer loop
      vertex   -1.934114e+02 -8.053125e+01 1.206903e+02
      vertex   -1.931768e+02 -8.075000e+01 1.210144e+02
      vertex   -1.934480e+02 -8.076563e+01 1.211110e+02
    endloop
  endfacet
  facet normal -8.635354e-02 -8.670860e-01 -4.906169e-01
    outer loop
      vertex   -1.934114e+02 -8.053125e+01 1.206903e+02
      vertex   -1.934480e+02 -8.076563e+01 1.211110e+02
      vertex   -1.936350e+02 -8.054688e+01 1.207573e+02
    endloop
  endfacet
  facet normal -5.536297e-02 -8.620079e-01 -5.038624e-01
    outer loop
      vertex   -1.936350e+02 -8.054688e+01 1.207573e+02
      vertex   -1.934480e+02 -8.076563e+01 1.211110e+02
      vertex   -1.937301e+02 -8.078125e+01 1.211687e+02
    endloop
  endfacet
  facet normal -1.692214e-02 -8.670860e-01 -4.978710e-01
    outer loop
      vertex   -1.936350e+02 -8.054688e+01 1.207573e+02
      vertex   -1.937301e+02 -8.078125e+01 1.211687e+02
      vertex   -1.938659e+02 -8.056250e+01 1.207923e+02
    endloop
  endfacet
  facet normal 1.561572e-02 -8.620079e-01 -5.066542e-01
    outer loop
      vertex   -1.938659e+02 -8.056250e+01 1.207923e+02
      vertex   -1.937301e+02 -8.078125e+01 1.211687e+02
      vertex   -1.940175e+02 -8.079688e+01 1.211864e+02
    endloop
  endfacet
  facet normal 5.284158e-02 -8.670860e-01 -4.953480e-01
    outer loop
      vertex   -1.938659e+02 -8.056250e+01 1.207923e+02
      vertex   -1.940175e+02 -8.079688e+01 1.211864e+02
      vertex   -1.940993e+02 -8.057813e+01 1.207948e+02
    endloop
  endfacet
  facet normal 8.628776e-02 -8.620079e-01 -4.994965e-01
    outer loop
      vertex   -1.940993e+02 -8.057813e+01 1.207948e+02
      vertex   -1.940175e+02 -8.079688e+01 1.211864e+02
      vertex   -1.943046e+02 -8.081250e+01 1.211638e+02
    endloop
  endfacet
  facet normal 1.215676e-01 -8.670860e-01 -4.830975e-01
    outer loop
      vertex   -1.940993e+02 -8.057813e+01 1.207948e+02
      vertex   -1.943046e+02 -8.081250e+01 1.211638e+02
      vertex   -1.943308e+02 -8.059375e+01 1.207646e+02
    endloop
  endfacet
  facet normal 1.552653e-01 -8.620079e-01 -4.825298e-01
    outer loop
      vertex   -1.943308e+02 -8.059375e+01 1.207646e+02
      vertex   -1.943046e+02 -8.081250e+01 1.211638e+02
      vertex   -1.945856e+02 -8.082813e+01 1.211013e+02
    endloop
  endfacet
  facet normal 1.879063e-01 -8.670860e-01 -4.613601e-01
    outer loop
      vertex   -1.943308e+02 -8.059375e+01 1.207646e+02
      vertex   -1.945856e+02 -8.082813e+01 1.211013e+02
      vertex   -1.945558e+02 -8.060938e+01 1.207023e+02
    endloop
  endfacet
  facet normal 2.211938e-01 -8.620079e-01 -4.560874e-01
    outer loop
      vertex   -1.945558e+02 -8.060938e+01 1.207023e+02
      vertex   -1.945856e+02 -8.082813e+01 1.211013e+02
      vertex   -1.948552e+02 -8.084375e+01 1.210001e+02
    endloop
  endfacet
  facet normal 2.505550e-01 -8.670860e-01 -4.305626e-01
    outer loop
      vertex   -1.945558e+02 -8.060938e+01 1.207023e+02
      vertex   -1.948552e+02 -8.084375e+01 1.210001e+02
      vertex   -1.947699e+02 -8.062500e+01 1.206092e+02
    endloop
  endfacet
  facet normal 2.827785e-01 -8.620079e-01 -4.206883e-01
    outer loop
      vertex   -1.947699e+02 -8.062500e+01 1.206092e+02
      vertex   -1.948552e+02 -8.084375e+01 1.210001e+02
      vertex   -1.951080e+02 -8.085938e+01 1.208622e+02
    endloop
  endfacet
  facet normal 3.082833e-01 -8.670860e-01 -3.913098e-01
    outer loop
      vertex   -1.947699e+02 -8.062500e+01 1.206092e+02
      vertex   -1.951080e+02 -8.085938e+01 1.208622e+02
      vertex   -1.949689e+02 -8.064063e+01 1.204871e+02
    endloop
  endfacet
  facet normal 3.388101e-01 -8.620079e-01 -3.770279e-01
    outer loop
      vertex   -1.949689e+02 -8.064063e+01 1.204871e+02
      vertex   -1.951080e+02 -8.085938e+01 1.208622e+02
      vertex   -1.953390e+02 -8.087500e+01 1.206903e+02
    endloop
  endfacet
  facet normal 3.599576e-01 -8.670860e-01 -3.443725e-01
    outer loop
      vertex   -1.949689e+02 -8.064063e+01 1.204871e+02
      vertex   -1.953390e+02 -8.087500e+01 1.206903e+02
      vertex   -1.951488e+02 -8.065625e+01 1.203383e+02
    endloop
  endfacet
  facet normal 3.881882e-01 -8.620079e-01 -3.259636e-01
    outer loop
      vertex   -1.951488e+02 -8.065625e+01 1.203383e+02
      vertex   -1.953390e+02 -8.087500e+01 1.206903e+02
      vertex   -1.955437e+02 -8.089063e+01 1.204878e+02
    endloop
  endfacet
  facet normal 4.045632e-01 -8.670860e-01 -2.906726e-01
    outer loop
      vertex   -1.951488e+02 -8.065625e+01 1.203383e+02
      vertex   -1.955437e+02 -8.089063e+01 1.204878e+02
      vertex   -1.953062e+02 -8.067188e+01 1.201659e+02
    endloop
  endfacet
  facet normal 4.299432e-01 -8.620079e-01 -2.684980e-01
    outer loop
      vertex   -1.953062e+02 -8.067188e+01 1.201659e+02
      vertex   -1.955437e+02 -8.089063e+01 1.204878e+02
      vertex   -1.957181e+02 -8.090625e+01 1.202587e+02
    endloop
  endfacet
  facet normal 4.412241e-01 -8.670860e-01 -2.312645e-01
    outer loop
      vertex   -1.953062e+02 -8.067188e+01 1.201659e+02
      vertex   -1.957181e+02 -8.090625e+01 1.202587e+02
      vertex   -1.954379e+02 -8.068750e+01 1.199731e+02
    endloop
  endfacet
  facet normal 4.632551e-01 -8.620079e-01 -2.057598e-01
    outer loop
      vertex   -1.954379e+02 -8.068750e+01 1.199731e+02
      vertex   -1.957181e+02 -8.090625e+01 1.202587e+02
      vertex   -1.958588e+02 -8.092188e+01 1.200075e+02
    endloop
  endfacet
  facet normal 4.692203e-01 -8.670860e-01 -1.673148e-01
    outer loop
      vertex   -1.954379e+02 -8.068750e+01 1.199731e+02
      vertex   -1.958588e+02 -8.092188e+01 1.200075e+02
      vertex   -1.955414e+02 -8.070313e+01 1.197638e+02
    endloop
  endfacet
  facet normal 4.874697e-01 -8.620079e-01 -1.389808e-01
    outer loop
      vertex   -1.955414e+02 -8.070313e+01 1.197638e+02
      vertex   -1.958588e+02 -8.092188e+01 1.200075e+02
      vertex   -1.959630e+02 -8.093750e+01 1.197390e+02
    endloop
  endfacet
  facet normal 4.880021e-01 -8.670860e-01 -1.000795e-01
    outer loop
      vertex   -1.955414e+02 -8.070313e+01 1.197638e+02
      vertex   -1.959630e+02 -8.093750e+01 1.197390e+02
      vertex   -1.956147e+02 -8.071875e+01 1.195422e+02
    endloop
  endfacet
  facet normal 5.021115e-01 -8.620079e-01 -6.947265e-02
    outer loop
      vertex   -1.956147e+02 -8.071875e+01 1.195422e+02
      vertex   -1.959630e+02 -8.093750e+01 1.197390e+02
      vertex   -1.960286e+02 -8.095313e+01 1.194587e+02
    endloop
  endfacet
  facet normal 4.972006e-01 -8.670860e-01 -3.087890e-02
    outer loop
      vertex   -1.956147e+02 -8.071875e+01 1.195422e+02
      vertex   -1.960286e+02 -8.095313e+01 1.194587e+02
      vertex   -1.956562e+02 -8.073438e+01 1.193124e+02
    endloop
  endfacet
  facet normal 5.068929e-01 -8.620079e-01 1.399827e-03
    outer loop
      vertex   -1.956562e+02 -8.073438e+01 1.193124e+02
      vertex   -1.960286e+02 -8.095313e+01 1.194587e+02
      vertex   -1.960544e+02 -8.096875e+01 1.191719e+02
    endloop
  endfacet
  facet normal 4.966352e-01 -8.670860e-01 3.892813e-02
    outer loop
      vertex   -1.956562e+02 -8.073438e+01 1.193124e+02
      vertex   -1.960544e+02 -8.096875e+01 1.191719e+02
      vertex   -1.956652e+02 -8.075000e+01 1.190791e+02
    endloop
  endfacet
  facet normal 5.017201e-01 -8.620079e-01 7.224481e-02
    outer loop
      vertex   -1.956652e+02 -8.075000e+01 1.190791e+02
      vertex   -1.960544e+02 -8.096875e+01 1.191719e+02
      vertex   -1.960398e+02 -8.098438e+01 1.188843e+02
    endloop
  endfacet
  facet normal 4.863170e-01 -8.670860e-01 1.079707e-01
    outer loop
      vertex   -1.956652e+02 -8.075000e+01 1.190791e+02
      vertex   -1.960398e+02 -8.098438e+01 1.188843e+02
      vertex   -1.956415e+02 -8.076563e+01 1.188469e+02
    endloop
  endfacet
  facet normal 4.866946e-01 -8.620079e-01 1.416711e-01
    outer loop
      vertex   -1.956415e+02 -8.076563e+01 1.188469e+02
      vertex   -1.960398e+02 -8.098438e+01 1.188843e+02
      vertex   -1.959852e+02 -8.100000e+01 1.186016e+02
    endloop
  endfacet
  facet normal 4.664487e-01 -8.670860e-01 1.748930e-01
    outer loop
      vertex   -1.956415e+02 -8.076563e+01 1.188469e+02
      vertex   -1.959852e+02 -8.100000e+01 1.186016e+02
      vertex   -1.955855e+02 -8.078125e+01 1.186202e+02
    endloop
  endfacet
  facet normal 4.621116e-01 -8.620079e-01 2.083152e-01
    outer loop
      vertex   -1.955855e+02 -8.078125e+01 1.186202e+02
      vertex   -1.959852e+02 -8.100000e+01 1.186016e+02
      vertex   -1.958916e+02 -8.101563e+01 1.183293e+02
    endloop
  endfacet
  facet normal 4.374203e-01 -8.670860e-01 2.383807e-01
    outer loop
      vertex   -1.955855e+02 -8.078125e+01 1.186202e+02
      vertex   -1.958916e+02 -8.101563e+01 1.183293e+02
      vertex   -1.954984e+02 -8.079688e+01 1.184036e+02
    endloop
  endfacet
  facet normal 4.284537e-01 -8.620079e-01 2.708685e-01
    outer loop
      vertex   -1.954984e+02 -8.079688e+01 1.184036e+02
      vertex   -1.958916e+02 -8.101563e+01 1.183293e+02
      vertex   -1.957608e+02 -8.103125e+01 1.180727e+02
    endloop
  endfacet
  facet normal 3.998020e-01 -8.670860e-01 2.971872e-01
    outer loop
      vertex   -1.954984e+02 -8.079688e+01 1.184036e+02
      vertex   -1.957608e+02 -8.103125e+01 1.180727e+02
      vertex   -1.953819e+02 -8.081250e+01 1.182013e+02
    endloop
  endfacet
  facet normal 3.863820e-01 -8.620079e-01 3.281026e-01
    outer loop
      vertex   -1.953819e+02 -8.081250e+01 1.182013e+02
      vertex   -1.957608e+02 -8.103125e+01 1.180727e+02
      vertex   -1.955955e+02 -8.104688e+01 1.178370e+02
    endloop
  endfacet
  facet normal 3.543325e-01 -8.670860e-01 3.501577e-01
    outer loop
      vertex   -1.953819e+02 -8.081250e+01 1.182013e+02
      vertex   -1.955955e+02 -8.104688e+01 1.178370e+02
      vertex   -1.952383e+02 -8.082813e+01 1.180172e+02
    endloop
  endfacet
  facet normal 3.367226e-01 -8.620079e-01 3.788935e-01
    outer loop
      vertex   -1.952383e+02 -8.082813e+01 1.180172e+02
      vertex   -1.955955e+02 -8.104688e+01 1.178370e+02
      vertex   -1.953988e+02 -8.106250e+01 1.176267e+02
    endloop
  endfacet
  facet normal 3.019047e-01 -8.670860e-01 3.962518e-01
    outer loop
      vertex   -1.952383e+02 -8.082813e+01 1.180172e+02
      vertex   -1.953988e+02 -8.106250e+01 1.176267e+02
      vertex   -1.950703e+02 -8.084375e+01 1.178551e+02
    endloop
  endfacet
  facet normal 2.804507e-01 -8.620079e-01 4.222437e-01
    outer loop
      vertex   -1.950703e+02 -8.084375e+01 1.178551e+02
      vertex   -1.953988e+02 -8.106250e+01 1.176267e+02
      vertex   -1.951747e+02 -8.107813e+01 1.174459e+02
    endloop
  endfacet
  facet normal 2.435482e-01 -8.670860e-01 4.345644e-01
    outer loop
      vertex   -1.950703e+02 -8.084375e+01 1.178551e+02
      vertex   -1.951747e+02 -8.107813e+01 1.174459e+02
      vertex   -1.948814e+02 -8.085938e+01 1.177180e+02
    endloop
  endfacet
  facet normal 2.186714e-01 -8.620079e-01 4.573021e-01
    outer loop
      vertex   -1.948814e+02 -8.085938e+01 1.177180e+02
      vertex   -1.951747e+02 -8.107813e+01 1.174459e+02
      vertex   -1.949275e+02 -8.109375e+01 1.172982e+02
    endloop
  endfacet
  facet normal 1.804089e-01 -8.670860e-01 4.643431e-01
    outer loop
      vertex   -1.948814e+02 -8.085938e+01 1.177180e+02
      vertex   -1.949275e+02 -8.109375e+01 1.172982e+02
      vertex   -1.946751e+02 -8.087500e+01 1.176087e+02
    endloop
  endfacet
  facet normal 1.525979e-01 -8.620079e-01 4.833800e-01
    outer loop
      vertex   -1.946751e+02 -8.087500e+01 1.176087e+02
      vertex   -1.949275e+02 -8.109375e+01 1.172982e+02
      vertex   -1.946621e+02 -8.110938e+01 1.171866e+02
    endloop
  endfacet
  facet normal 1.137268e-01 -8.670860e-01 4.850032e-01
    outer loop
      vertex   -1.946751e+02 -8.087500e+01 1.176087e+02
      vertex   -1.946621e+02 -8.110938e+01 1.171866e+02
      vertex   -1.944555e+02 -8.089063e+01 1.175292e+02
    endloop
  endfacet
  facet normal 8.352767e-02 -8.620079e-01 4.999655e-01
    outer loop
      vertex   -1.944555e+02 -8.089063e+01 1.175292e+02
      vertex   -1.946621e+02 -8.110938e+01 1.171866e+02
      vertex   -1.943837e+02 -8.112500e+01 1.171131e+02
    endloop
  endfacet
  facet normal 4.481137e-02 -8.670860e-01 4.961390e-01
    outer loop
      vertex   -1.944555e+02 -8.089063e+01 1.175292e+02
      vertex   -1.943837e+02 -8.112500e+01 1.171131e+02
      vertex   -1.942270e+02 -8.090625e+01 1.174813e+02
    endloop
  endfacet
  facet normal 1.281717e-02 -8.620079e-01 5.067328e-01
    outer loop
      vertex   -1.942270e+02 -8.090625e+01 1.174813e+02
      vertex   -1.943837e+02 -8.112500e+01 1.171131e+02
      vertex   -1.940977e+02 -8.114063e+01 1.170793e+02
    endloop
  endfacet
  facet normal -2.498406e-02 -8.670860e-01 4.975316e-01
    outer loop
      vertex   -1.942270e+02 -8.090625e+01 1.174813e+02
      vertex   -1.940977e+02 -8.114063e+01 1.170793e+02
      vertex   -1.939941e+02 -8.092188e+01 1.174658e+02
    endloop
  endfacet
  facet normal -5.814502e-02 -8.620079e-01 5.035489e-01
    outer loop
      vertex   -1.939941e+02 -8.092188e+01 1.174658e+02
      vertex   -1.940977e+02 -8.114063e+01 1.170793e+02
      vertex   -1.938098e+02 -8.115625e+01 1.170858e+02
    endloop
  endfacet
  facet normal -9.428886e-02 -8.670860e-01 4.891539e-01
    outer loop
      vertex   -1.939941e+02 -8.092188e+01 1.174658e+02
      vertex   -1.938098e+02 -8.115625e+01 1.170858e+02
      vertex   -1.937613e+02 -8.093750e+01 1.174829e+02
    endloop
  endfacet
  facet normal -1.279654e-01 -8.620079e-01 4.904765e-01
    outer loop
      vertex   -1.937613e+02 -8.093750e+01 1.174829e+02
      vertex   -1.938098e+02 -8.115625e+01 1.170858e+02
      vertex   -1.935257e+02 -8.117188e+01 1.171325e+02
    endloop
  endfacet
  facet normal -1.617420e-01 -8.670860e-01 4.711703e-01
    outer loop
      vertex   -1.937613e+02 -8.093750e+01 1.174829e+02
      vertex   -1.935257e+02 -8.117188e+01 1.171325e+02
      vertex   -1.935331e+02 -8.095313e+01 1.175325e+02
    endloop
  endfacet
  facet normal -1.952728e-01 -8.620079e-01 4.677723e-01
    outer loop
      vertex   -1.935331e+02 -8.095313e+01 1.175325e+02
      vertex   -1.935257e+02 -8.117188e+01 1.171325e+02
      vertex   -1.932509e+02 -8.118750e+01 1.172184e+02
    endloop
  endfacet
  facet normal -2.260190e-01 -8.670860e-01 4.439339e-01
    outer loop
      vertex   -1.935331e+02 -8.095313e+01 1.175325e+02
      vertex   -1.932509e+02 -8.118750e+01 1.172184e+02
      vertex   -1.933141e+02 -8.096875e+01 1.176135e+02
    endloop
  endfacet
  facet normal -2.587455e-01 -8.620079e-01 4.358820e-01
    outer loop
      vertex   -1.933141e+02 -8.096875e+01 1.176135e+02
      vertex   -1.932509e+02 -8.118750e+01 1.172184e+02
      vertex   -1.929908e+02 -8.120313e+01 1.173419e+02
    endloop
  endfacet
  facet normal -2.858574e-01 -8.670860e-01 4.079797e-01
    outer loop
      vertex   -1.933141e+02 -8.096875e+01 1.176135e+02
      vertex   -1.929908e+02 -8.120313e+01 1.173419e+02
      vertex   -1.931086e+02 -8.098438e+01 1.177243e+02
    endloop
  endfacet
  facet normal -3.171370e-01 -8.620079e-01 3.954320e-01
    outer loop
      vertex   -1.931086e+02 -8.098438e+01 1.177243e+02
      vertex   -1.929908e+02 -8.120313e+01 1.173419e+02
      vertex   -1.927505e+02 -8.121875e+01 1.175006e+02
    endloop
  endfacet
  facet normal -3.400822e-01 -8.670860e-01 3.640137e-01
    outer loop
      vertex   -1.931086e+02 -8.098438e+01 1.177243e+02
      vertex   -1.927505e+02 -8.121875e+01 1.175006e+02
      vertex   -1.929206e+02 -8.100000e+01 1.178627e+02
    endloop
  endfacet
  facet normal -3.693006e-01 -8.620079e-01 3.472167e-01
    outer loop
      vertex   -1.929206e+02 -8.100000e+01 1.178627e+02
      vertex   -1.927505e+02 -8.121875e+01 1.175006e+02
      vertex   -1.925347e+02 -8.123438e+01 1.176913e+02
    endloop
  endfacet
  facet normal -3.876286e-01 -8.670860e-01 3.128993e-01
    outer loop
      vertex   -1.929206e+02 -8.100000e+01 1.178627e+02
      vertex   -1.925347e+02 -8.123438e+01 1.176913e+02
      vertex   -1.927538e+02 -8.101563e+01 1.180260e+02
    endloop
  endfacet
  facet normal -4.142121e-01 -8.620079e-01 2.921827e-01
    outer loop
      vertex   -1.927538e+02 -8.101563e+01 1.180260e+02
      vertex   -1.925347e+02 -8.123438e+01 1.176913e+02
      vertex   -1.923478e+02 -8.125000e+01 1.179102e+02
    endloop
  endfacet
  facet normal -4.275628e-01 -8.670860e-01 2.556403e-01
    outer loop
      vertex   -1.927538e+02 -8.101563e+01 1.180260e+02
      vertex   -1.923478e+02 -8.125000e+01 1.179102e+02
      vertex   -1.926115e+02 -8.103125e+01 1.182111e+02
    endloop
  endfacet
  facet normal -4.509893e-01 -8.620079e-01 2.314110e-01
    outer loop
      vertex   -1.926115e+02 -8.103125e+01 1.182111e+02
      vertex   -1.923478e+02 -8.125000e+01 1.179102e+02
      vertex   -1.921932e+02 -8.126563e+01 1.181532e+02
    endloop
  endfacet
  facet normal -4.591007e-01 -8.670860e-01 1.933610e-01
    outer loop
      vertex   -1.926115e+02 -8.103125e+01 1.182111e+02
      vertex   -1.921932e+02 -8.126563e+01 1.181532e+02
      vertex   -1.924964e+02 -8.104688e+01 1.184142e+02
    endloop
  endfacet
  facet normal -4.789101e-01 -8.620079e-01 1.660948e-01
    outer loop
      vertex   -1.924964e+02 -8.104688e+01 1.184142e+02
      vertex   -1.921932e+02 -8.126563e+01 1.181532e+02
      vertex   -1.920742e+02 -8.128125e+01 1.184154e+02
    endloop
  endfacet
  facet normal -4.816228e-01 -8.670860e-01 1.272846e-01
    outer loop
      vertex   -1.924964e+02 -8.104688e+01 1.184142e+02
      vertex   -1.920742e+02 -8.128125e+01 1.184154e+02
      vertex   -1.924109e+02 -8.106250e+01 1.186315e+02
    endloop
  endfacet
  facet normal -4.974262e-01 -8.620079e-01 9.751697e-02
    outer loop
      vertex   -1.924109e+02 -8.106250e+01 1.186315e+02
      vertex   -1.920742e+02 -8.128125e+01 1.184154e+02
      vertex   -1.919929e+02 -8.129688e+01 1.186916e+02
    endloop
  endfacet
  facet normal -4.946870e-01 -8.670860e-01 5.870858e-02
    outer loop
      vertex   -1.924109e+02 -8.106250e+01 1.186315e+02
      vertex   -1.919929e+02 -8.129688e+01 1.186916e+02
      vertex   -1.923566e+02 -8.107813e+01 1.188585e+02
    endloop
  endfacet
  facet normal -5.061739e-01 -8.620079e-01 2.702409e-02
    outer loop
      vertex   -1.923566e+02 -8.107813e+01 1.188585e+02
      vertex   -1.919929e+02 -8.129688e+01 1.186916e+02
      vertex   -1.919511e+02 -8.131250e+01 1.189765e+02
    endloop
  endfacet
  facet normal -4.980366e-01 -8.670860e-01 -1.102033e-02
    outer loop
      vertex   -1.923566e+02 -8.107813e+01 1.188585e+02
      vertex   -1.919511e+02 -8.131250e+01 1.189765e+02
      vertex   -1.923345e+02 -8.109375e+01 1.190909e+02
    endloop
  endfacet
  facet normal -5.049816e-01 -8.620079e-01 -4.399949e-02
    outer loop
      vertex   -1.923345e+02 -8.109375e+01 1.190909e+02
      vertex   -1.919511e+02 -8.131250e+01 1.189765e+02
      vertex   -1.919495e+02 -8.132813e+01 1.192644e+02
    endloop
  endfacet
  facet normal -4.916059e-01 -8.670860e-01 -8.053283e-02
    outer loop
      vertex   -1.923345e+02 -8.109375e+01 1.190909e+02
      vertex   -1.919495e+02 -8.132813e+01 1.192644e+02
      vertex   -1.923451e+02 -8.110938e+01 1.193241e+02
    endloop
  endfacet
  facet normal -4.938725e-01 -8.620079e-01 -1.141590e-01
    outer loop
      vertex   -1.923451e+02 -8.110938e+01 1.193241e+02
      vertex   -1.919495e+02 -8.132813e+01 1.192644e+02
      vertex   -1.919882e+02 -8.134375e+01 1.195498e+02
    endloop
  endfacet
  facet normal -4.755212e-01 -8.670860e-01 -1.484638e-01
    outer loop
      vertex   -1.923451e+02 -8.110938e+01 1.193241e+02
      vertex   -1.919882e+02 -8.134375e+01 1.195498e+02
      vertex   -1.923883e+02 -8.112500e+01 1.195536e+02
    endloop
  endfacet
  facet normal -4.730649e-01 -8.620079e-01 -1.820767e-01
    outer loop
      vertex   -1.923883e+02 -8.112500e+01 1.195536e+02
      vertex   -1.919882e+02 -8.134375e+01 1.195498e+02
      vertex   -1.920664e+02 -8.135938e+01 1.198269e+02
    endloop
  endfacet
  facet normal -4.500983e-01 -8.670860e-01 -2.134794e-01
    outer loop
      vertex   -1.923883e+02 -8.112500e+01 1.195536e+02
      vertex   -1.920664e+02 -8.135938e+01 1.198269e+02
      vertex   -1.924631e+02 -8.114063e+01 1.197747e+02
    endloop
  endfacet
  facet normal -4.429674e-01 -8.620079e-01 -2.464188e-01
    outer loop
      vertex   -1.924631e+02 -8.114063e+01 1.197747e+02
      vertex   -1.920664e+02 -8.135938e+01 1.198269e+02
      vertex   -1.921826e+02 -8.137500e+01 1.200904e+02
    endloop
  endfacet
  facet normal -4.158365e-01 -8.670860e-01 -2.743026e-01
    outer loop
      vertex   -1.924631e+02 -8.114063e+01 1.197747e+02
      vertex   -1.921826e+02 -8.137500e+01 1.200904e+02
      vertex   -1.925681e+02 -8.115625e+01 1.199833e+02
    endloop
  endfacet
  facet normal -4.041710e-01 -8.620079e-01 -3.059218e-01
    outer loop
      vertex   -1.925681e+02 -8.115625e+01 1.199833e+02
      vertex   -1.921826e+02 -8.137500e+01 1.200904e+02
      vertex   -1.923344e+02 -8.139063e+01 1.203350e+02
    endloop
  endfacet
  facet normal -3.734086e-01 -8.670860e-01 -3.297392e-01
    outer loop
      vertex   -1.925681e+02 -8.115625e+01 1.199833e+02
      vertex   -1.923344e+02 -8.139063e+01 1.203350e+02
      vertex   -1.927012e+02 -8.117188e+01 1.201751e+02
    endloop
  endfacet
  facet normal -3.574376e-01 -8.620079e-01 -3.594172e-01
    outer loop
      vertex   -1.927012e+02 -8.117188e+01 1.201751e+02
      vertex   -1.923344e+02 -8.139063e+01 1.203350e+02
      vertex   -1.925190e+02 -8.140625e+01 1.205560e+02
    endloop
  endfacet
  facet normal -3.236478e-01 -8.670860e-01 -3.787005e-01
    outer loop
      vertex   -1.927012e+02 -8.117188e+01 1.201751e+02
      vertex   -1.925190e+02 -8.140625e+01 1.205560e+02
      vertex   -1.928598e+02 -8.118750e+01 1.203464e+02
    endloop
  endfacet
  facet normal -3.036849e-01 -8.620079e-01 -4.058545e-01
    outer loop
      vertex   -1.928598e+02 -8.118750e+01 1.203464e+02
      vertex   -1.925190e+02 -8.140625e+01 1.205560e+02
      vertex   -1.927326e+02 -8.142188e+01 1.207491e+02
    endloop
  endfacet
  facet normal -2.675312e-01 -8.670860e-01 -4.202249e-01
    outer loop
      vertex   -1.928598e+02 -8.118750e+01 1.203464e+02
      vertex   -1.927326e+02 -8.142188e+01 1.207491e+02
      vertex   -1.930408e+02 -8.120313e+01 1.204939e+02
    endloop
  endfacet
  facet normal -2.439685e-01 -8.620079e-01 -4.443217e-01
    outer loop
      vertex   -1.930408e+02 -8.120313e+01 1.204939e+02
      vertex   -1.927326e+02 -8.142188e+01 1.207491e+02
      vertex   -1.929712e+02 -8.143750e+01 1.209104e+02
    endloop
  endfacet
  facet normal -2.061610e-01 -8.670860e-01 -4.534970e-01
    outer loop
      vertex   -1.930408e+02 -8.120313e+01 1.204939e+02
      vertex   -1.929712e+02 -8.143750e+01 1.209104e+02
      vertex   -1.932406e+02 -8.121875e+01 1.206146e+02
    endloop
  endfacet
  facet normal -1.794611e-01 -8.620079e-01 -4.740634e-01
    outer loop
      vertex   -1.932406e+02 -8.121875e+01 1.206146e+02
      vertex   -1.929712e+02 -8.143750e+01 1.209104e+02
      vertex   -1.932299e+02 -8.145313e+01 1.210367e+02
    endloop
  endfacet
  facet normal -1.407422e-01 -8.670860e-01 -4.778635e-01
    outer loop
      vertex   -1.932406e+02 -8.121875e+01 1.206146e+02
      vertex   -1.932299e+02 -8.145313e+01 1.210367e+02
      vertex   -1.934553e+02 -8.123438e+01 1.207062e+02
    endloop
  endfacet
  facet normal -1.114296e-01 -8.620079e-01 -4.944955e-01
    outer loop
      vertex   -1.934553e+02 -8.123438e+01 1.207062e+02
      vertex   -1.932299e+02 -8.145313e+01 1.210367e+02
      vertex   -1.935038e+02 -8.146875e+01 1.211257e+02
    endloop
  endfacet
  facet normal -7.255961e-02 -8.670860e-01 -4.928458e-01
    outer loop
      vertex   -1.934553e+02 -8.123438e+01 1.207062e+02
      vertex   -1.935038e+02 -8.146875e+01 1.211257e+02
      vertex   -1.936808e+02 -8.125000e+01 1.207669e+02
    endloop
  endfacet
  facet normal -4.120974e-02 -8.620079e-01 -5.052169e-01
    outer loop
      vertex   -1.936808e+02 -8.125000e+01 1.207669e+02
      vertex   -1.935038e+02 -8.146875e+01 1.211257e+02
      vertex   -1.937874e+02 -8.148438e+01 1.211755e+02
    endloop
  endfacet
  facet normal -2.952065e-03 -8.670860e-01 -4.981498e-01
    outer loop
      vertex   -1.936808e+02 -8.125000e+01 1.207669e+02
      vertex   -1.937874e+02 -8.148438e+01 1.211755e+02
      vertex   -1.939125e+02 -8.126563e+01 1.207954e+02
    endloop
  endfacet
  facet normal 2.981934e-02 -8.620079e-01 -5.060170e-01
    outer loop
      vertex   -1.939125e+02 -8.126563e+01 1.207954e+02
      vertex   -1.937874e+02 -8.148438e+01 1.211755e+02
      vertex   -1.940751e+02 -8.150000e+01 1.211851e+02
    endloop
  endfacet
  facet normal 6.671345e-02 -8.670860e-01 -4.936712e-01
    outer loop
      vertex   -1.939125e+02 -8.126563e+01 1.207954e+02
      vertex   -1.940751e+02 -8.150000e+01 1.211851e+02
      vertex   -1.941459e+02 -8.128125e+01 1.207913e+02
    endloop
  endfacet
  facet normal 1.002628e-01 -8.620079e-01 -4.968800e-01
    outer loop
      vertex   -1.941459e+02 -8.128125e+01 1.207913e+02
      vertex   -1.940751e+02 -8.150000e+01 1.211851e+02
      vertex   -1.943614e+02 -8.151563e+01 1.211545e+02
    endloop
  endfacet
  facet normal 1.350689e-01 -8.670860e-01 -4.794980e-01
    outer loop
      vertex   -1.941459e+02 -8.128125e+01 1.207913e+02
      vertex   -1.943614e+02 -8.151563e+01 1.211545e+02
      vertex   -1.943765e+02 -8.129688e+01 1.207547e+02
    endloop
  endfacet
  facet normal 1.687374e-01 -8.620079e-01 -4.779854e-01
    outer loop
      vertex   -1.943765e+02 -8.129688e+01 1.207547e+02
      vertex   -1.943614e+02 -8.151563e+01 1.211545e+02
      vertex   -1.946406e+02 -8.153125e+01 1.210841e+02
    endloop
  endfacet
  facet normal 2.007718e-01 -8.670860e-01 -4.559085e-01
    outer loop
      vertex   -1.943765e+02 -8.129688e+01 1.207547e+02
      vertex   -1.946406e+02 -8.153125e+01 1.210841e+02
      vertex   -1.945996e+02 -8.131250e+01 1.206861e+02
    endloop
  endfacet
  facet normal 2.338983e-01 -8.620079e-01 -4.497043e-01
    outer loop
      vertex   -1.945996e+02 -8.131250e+01 1.206861e+02
      vertex   -1.946406e+02 -8.153125e+01 1.210841e+02
      vertex   -1.949073e+02 -8.154688e+01 1.209753e+02
    endloop
  endfacet
  facet normal 2.625321e-01 -8.670860e-01 -4.233661e-01
    outer loop
      vertex   -1.945996e+02 -8.131250e+01 1.206861e+02
      vertex   -1.949073e+02 -8.154688e+01 1.209753e+02
      vertex   -1.948110e+02 -8.132813e+01 1.205870e+02
    endloop
  endfacet
  facet normal 2.944660e-01 -8.620079e-01 -4.125920e-01
    outer loop
      vertex   -1.948110e+02 -8.132813e+01 1.205870e+02
      vertex   -1.949073e+02 -8.154688e+01 1.209753e+02
      vertex   -1.951561e+02 -8.156250e+01 1.208304e+02
    endloop
  endfacet
  facet normal 3.191368e-01 -8.670860e-01 -3.825096e-01
    outer loop
      vertex   -1.948110e+02 -8.132813e+01 1.205870e+02
      vertex   -1.951561e+02 -8.156250e+01 1.208304e+02
      vertex   -1.950065e+02 -8.134375e+01 1.204593e+02
    endloop
  endfacet
  facet normal 3.492511e-01 -8.620079e-01 -3.673773e-01
    outer loop
      vertex   -1.950065e+02 -8.134375e+01 1.204593e+02
      vertex   -1.951561e+02 -8.156250e+01 1.208304e+02
      vertex   -1.953822e+02 -8.157813e+01 1.206521e+02
    endloop
  endfacet
  facet normal 3.694744e-01 -8.670860e-01 -3.341416e-01
    outer loop
      vertex   -1.950065e+02 -8.134375e+01 1.204593e+02
      vertex   -1.953822e+02 -8.157813e+01 1.206521e+02
      vertex   -1.951822e+02 -8.135938e+01 1.203056e+02
    endloop
  endfacet
  facet normal 3.971776e-01 -8.620079e-01 -3.149481e-01
    outer loop
      vertex   -1.951822e+02 -8.135938e+01 1.203056e+02
      vertex   -1.953822e+02 -8.157813e+01 1.206521e+02
      vertex   -1.955811e+02 -8.159375e+01 1.204440e+02
    endloop
  endfacet
  facet normal 4.125563e-01 -8.670860e-01 -2.792117e-01
    outer loop
      vertex   -1.951822e+02 -8.135938e+01 1.203056e+02
      vertex   -1.955811e+02 -8.159375e+01 1.204440e+02
      vertex   -1.953347e+02 -8.137500e+01 1.201288e+02
    endloop
  endfacet
  facet normal 4.373045e-01 -8.620079e-01 -2.563341e-01
    outer loop
      vertex   -1.953347e+02 -8.137500e+01 1.201288e+02
      vertex   -1.955811e+02 -8.159375e+01 1.204440e+02
      vertex   -1.957491e+02 -8.160938e+01 1.202101e+02
    endloop
  endfacet
  facet normal 4.475366e-01 -8.670860e-01 -2.187988e-01
    outer loop
      vertex   -1.953347e+02 -8.137500e+01 1.201288e+02
      vertex   -1.957491e+02 -8.160938e+01 1.202101e+02
      vertex   -1.954610e+02 -8.139063e+01 1.199325e+02
    endloop
  endfacet
  facet normal 4.688437e-01 -8.620079e-01 -1.926862e-01
    outer loop
      vertex   -1.954610e+02 -8.139063e+01 1.199325e+02
      vertex   -1.957491e+02 -8.160938e+01 1.202101e+02
      vertex   -1.958826e+02 -8.162500e+01 1.199550e+02
    endloop
  endfacet
  facet normal 4.737282e-01 -8.670860e-01 -1.540892e-01
    outer loop
      vertex   -1.954610e+02 -8.139063e+01 1.199325e+02
      vertex   -1.958826e+02 -8.162500e+01 1.199550e+02
      vertex   -1.955586e+02 -8.140625e+01 1.197204e+02
    endloop
  endfacet
  facet normal 4.911758e-01 -8.620079e-01 -1.252545e-01
    outer loop
      vertex   -1.955586e+02 -8.140625e+01 1.197204e+02
      vertex   -1.958826e+02 -8.162500e+01 1.199550e+02
      vertex   -1.959792e+02 -8.164063e+01 1.196837e+02
    endloop
  endfacet
  facet normal 4.906169e-01 -8.670860e-01 -8.635354e-02
    outer loop
      vertex   -1.955586e+02 -8.140625e+01 1.197204e+02
      vertex   -1.959792e+02 -8.164063e+01 1.196837e+02
      vertex   -1.956255e+02 -8.142188e+01 1.194967e+02
    endloop
  endfacet
  facet normal 5.038624e-01 -8.620079e-01 -5.536297e-02
    outer loop
      vertex   -1.956255e+02 -8.142188e+01 1.194967e+02
      vertex   -1.959792e+02 -8.164063e+01 1.196837e+02
      vertex   -1.960369e+02 -8.165625e+01 1.194016e+02
    endloop
  endfacet
  facet normal 4.978710e-01 -8.670860e-01 -1.692214e-02
    outer loop
      vertex   -1.956255e+02 -8.142188e+01 1.194967e+02
      vertex   -1.960369e+02 -8.165625e+01 1.194016e+02
      vertex   -1.956606e+02 -8.143750e+01 1.192659e+02
    endloop
  endfacet
  facet normal 5.066542e-01 -8.620079e-01 1.561572e-02
    outer loop
      vertex   -1.956606e+02 -8.143750e+01 1.192659e+02
      vertex   -1.960369e+02 -8.165625e+01 1.194016e+02
      vertex   -1.960547e+02 -8.167188e+01 1.191142e+02
    endloop
  endfacet
  facet normal 4.953480e-01 -8.670860e-01 5.284158e-02
    outer loop
      vertex   -1.956606e+02 -8.143750e+01 1.192659e+02
      vertex   -1.960547e+02 -8.167188e+01 1.191142e+02
      vertex   -1.956630e+02 -8.145313e+01 1.190324e+02
    endloop
  endfacet
  facet normal 4.994965e-01 -8.620079e-01 8.628776e-02
    outer loop
      vertex   -1.956630e+02 -8.145313e+01 1.190324e+02
      vertex   -1.960547e+02 -8.167188e+01 1.191142e+02
      vertex   -1.960321e+02 -8.168750e+01 1.188272e+02
    endloop
  endfacet
  facet normal 4.830975e-01 -8.670860e-01 1.215676e-01
    outer loop
      vertex   -1.956630e+02 -8.145313e+01 1.190324e+02
      vertex   -1.960321e+02 -8.168750e+01 1.188272e+02
      vertex   -1.956328e+02 -8.146875e+01 1.188009e+02
    endloop
  endfacet
  facet normal 4.825298e-01 -8.620079e-01 1.552653e-01
    outer loop
      vertex   -1.956328e+02 -8.146875e+01 1.188009e+02
      vertex   -1.960321e+02 -8.168750e+01 1.188272e+02
      vertex   -1.959695e+02 -8.170313e+01 1.185461e+02
    endloop
  endfacet
  facet normal 4.613601e-01 -8.670860e-01 1.879063e-01
    outer loop
      vertex   -1.956328e+02 -8.146875e+01 1.188009e+02
      vertex   -1.959695e+02 -8.170313e+01 1.185461e+02
      vertex   -1.955706e+02 -8.148438e+01 1.185759e+02
    endloop
  endfacet
  facet normal 4.560874e-01 -8.620079e-01 2.211938e-01
    outer loop
      vertex   -1.955706e+02 -8.148438e+01 1.185759e+02
      vertex   -1.959695e+02 -8.170313e+01 1.185461e+02
      vertex   -1.958683e+02 -8.171875e+01 1.182765e+02
    endloop
  endfacet
  facet normal 4.305626e-01 -8.670860e-01 2.505550e-01
    outer loop
      vertex   -1.955706e+02 -8.148438e+01 1.185759e+02
      vertex   -1.958683e+02 -8.171875e+01 1.182765e+02
      vertex   -1.954774e+02 -8.150000e+01 1.183618e+02
    endloop
  endfacet
  facet normal 4.206883e-01 -8.620079e-01 2.827785e-01
    outer loop
      vertex   -1.954774e+02 -8.150000e+01 1.183618e+02
      vertex   -1.958683e+02 -8.171875e+01 1.182765e+02
      vertex   -1.957304e+02 -8.173438e+01 1.180238e+02
    endloop
  endfacet
  facet normal 3.913098e-01 -8.670860e-01 3.082833e-01
    outer loop
      vertex   -1.954774e+02 -8.150000e+01 1.183618e+02
      vertex   -1.957304e+02 -8.173438e+01 1.180238e+02
      vertex   -1.953553e+02 -8.151563e+01 1.181629e+02
    endloop
  endfacet
  facet normal 3.770279e-01 -8.620079e-01 3.388101e-01
    outer loop
      vertex   -1.953553e+02 -8.151563e+01 1.181629e+02
      vertex   -1.957304e+02 -8.173438e+01 1.180238e+02
      vertex   -1.955585e+02 -8.175000e+01 1.177927e+02
    endloop
  endfacet
  facet normal 3.443725e-01 -8.670860e-01 3.599576e-01
    outer loop
      vertex   -1.953553e+02 -8.151563e+01 1.181629e+02
      vertex   -1.955585e+02 -8.175000e+01 1.177927e+02
      vertex   -1.952066e+02 -8.153125e+01 1.179829e+02
    endloop
  endfacet
  facet normal 3.259636e-01 -8.620079e-01 3.881882e-01
    outer loop
      vertex   -1.952066e+02 -8.153125e+01 1.179829e+02
      vertex   -1.955585e+02 -8.175000e+01 1.177927e+02
      vertex   -1.953561e+02 -8.176563e+01 1.175880e+02
    endloop
  endfacet
  facet normal 2.906726e-01 -8.670860e-01 4.045632e-01
    outer loop
      vertex   -1.952066e+02 -8.153125e+01 1.179829e+02
      vertex   -1.953561e+02 -8.176563e+01 1.175880e+02
      vertex   -1.950341e+02 -8.154688e+01 1.178255e+02
    endloop
  endfacet
  facet normal 2.684980e-01 -8.620079e-01 4.299432e-01
    outer loop
      vertex   -1.950341e+02 -8.154688e+01 1.178255e+02
      vertex   -1.953561e+02 -8.176563e+01 1.175880e+02
      vertex   -1.951270e+02 -8.178125e+01 1.174136e+02
    endloop
  endfacet
  facet normal 2.312645e-01 -8.670860e-01 4.412241e-01
    outer loop
      vertex   -1.950341e+02 -8.154688e+01 1.178255e+02
      vertex   -1.951270e+02 -8.178125e+01 1.174136e+02
      vertex   -1.948414e+02 -8.156250e+01 1.176938e+02
    endloop
  endfacet
  facet normal 2.057598e-01 -8.620079e-01 4.632551e-01
    outer loop
      vertex   -1.948414e+02 -8.156250e+01 1.176938e+02
      vertex   -1.951270e+02 -8.178125e+01 1.174136e+02
      vertex   -1.948757e+02 -8.179688e+01 1.172730e+02
    endloop
  endfacet
  facet normal 1.673148e-01 -8.670860e-01 4.692203e-01
    outer loop
      vertex   -1.948414e+02 -8.156250e+01 1.176938e+02
      vertex   -1.948757e+02 -8.179688e+01 1.172730e+02
      vertex   -1.946321e+02 -8.157813e+01 1.175903e+02
    endloop
  endfacet
  facet normal 1.389808e-01 -8.620079e-01 4.874697e-01
    outer loop
      vertex   -1.946321e+02 -8.157813e+01 1.175903e+02
      vertex   -1.948757e+02 -8.179688e+01 1.172730e+02
      vertex   -1.946073e+02 -8.181250e+01 1.171688e+02
    endloop
  endfacet
  facet normal 1.000795e-01 -8.670860e-01 4.880021e-01
    outer loop
      vertex   -1.946321e+02 -8.157813e+01 1.175903e+02
      vertex   -1.946073e+02 -8.181250e+01 1.171688e+02
      vertex   -1.944104e+02 -8.159375e+01 1.175171e+02
    endloop
  endfacet
  facet normal 6.947265e-02 -8.620079e-01 5.021115e-01
    outer loop
      vertex   -1.944104e+02 -8.159375e+01 1.175171e+02
      vertex   -1.946073e+02 -8.181250e+01 1.171688e+02
      vertex   -1.943269e+02 -8.182813e+01 1.171032e+02
    endloop
  endfacet
  facet normal 3.087890e-02 -8.670860e-01 4.972006e-01
    outer loop
      vertex   -1.944104e+02 -8.159375e+01 1.175171e+02
      vertex   -1.943269e+02 -8.182813e+01 1.171032e+02
      vertex   -1.941807e+02 -8.160938e+01 1.174756e+02
    endloop
  endfacet
  facet normal -1.399827e-03 -8.620079e-01 5.068929e-01
    outer loop
      vertex   -1.941807e+02 -8.160938e+01 1.174756e+02
      vertex   -1.943269e+02 -8.182813e+01 1.171032e+02
      vertex   -1.940401e+02 -8.184375e+01 1.170774e+02
    endloop
  endfacet
  facet normal -3.892813e-02 -8.670860e-01 4.966352e-01
    outer loop
      vertex   -1.941807e+02 -8.160938e+01 1.174756e+02
      vertex   -1.940401e+02 -8.184375e+01 1.170774e+02
      vertex   -1.939474e+02 -8.162500e+01 1.174666e+02
    endloop
  endfacet
  facet normal -7.224481e-02 -8.620079e-01 5.017201e-01
    outer loop
      vertex   -1.939474e+02 -8.162500e+01 1.174666e+02
      vertex   -1.940401e+02 -8.184375e+01 1.170774e+02
      vertex   -1.937525e+02 -8.185938e+01 1.170920e+02
    endloop
  endfacet
  facet normal -1.079707e-01 -8.670860e-01 4.863170e-01
    outer loop
      vertex   -1.939474e+02 -8.162500e+01 1.174666e+02
      vertex   -1.937525e+02 -8.185938e+01 1.170920e+02
      vertex   -1.937151e+02 -8.164063e+01 1.174903e+02
    endloop
  endfacet
  facet normal -1.416711e-01 -8.620079e-01 4.866946e-01
    outer loop
      vertex   -1.937151e+02 -8.164063e+01 1.174903e+02
      vertex   -1.937525e+02 -8.185938e+01 1.170920e+02
      vertex   -1.934698e+02 -8.187500e+01 1.171466e+02
    endloop
  endfacet
  facet normal -1.748930e-01 -8.670860e-01 4.664487e-01
    outer loop
      vertex   -1.937151e+02 -8.164063e+01 1.174903e+02
      vertex   -1.934698e+02 -8.187500e+01 1.171466e+02
      vertex   -1.934885e+02 -8.165625e+01 1.175462e+02
    endloop
  endfacet
  facet normal -2.083152e-01 -8.620079e-01 4.621116e-01
    outer loop
      vertex   -1.934885e+02 -8.165625e+01 1.175462e+02
      vertex   -1.934698e+02 -8.187500e+01 1.171466e+02
      vertex   -1.931975e+02 -8.189063e+01 1.172402e+02
    endloop
  endfacet
  facet normal -2.383807e-01 -8.670860e-01 4.374203e-01
    outer loop
      vertex   -1.934885e+02 -8.165625e+01 1.175462e+02
      vertex   -1.931975e+02 -8.189063e+01 1.172402e+02
      vertex   -1.932718e+02 -8.167188e+01 1.176333e+02
    endloop
  endfacet
  facet normal -2.708685e-01 -8.620079e-01 4.284537e-01
    outer loop
      vertex   -1.932718e+02 -8.167188e+01 1.176333e+02
      vertex   -1.931975e+02 -8.189063e+01 1.172402e+02
      vertex   -1.929410e+02 -8.190625e+01 1.173709e+02
    endloop
  endfacet
  facet normal -2.971872e-01 -8.670860e-01 3.998020e-01
    outer loop
      vertex   -1.932718e+02 -8.167188e+01 1.176333e+02
      vertex   -1.929410e+02 -8.190625e+01 1.173709e+02
      vertex   -1.930695e+02 -8.168750e+01 1.177498e+02
    endloop
  endfacet
  facet normal -3.281026e-01 -8.620079e-01 3.863820e-01
    outer loop
      vertex   -1.930695e+02 -8.168750e+01 1.177498e+02
      vertex   -1.929410e+02 -8.190625e+01 1.173709e+02
      vertex   -1.927052e+02 -8.192188e+01 1.175363e+02
    endloop
  endfacet
  facet normal -3.501577e-01 -8.670860e-01 3.543325e-01
    outer loop
      vertex   -1.930695e+02 -8.168750e+01 1.177498e+02
      vertex   -1.927052e+02 -8.192188e+01 1.175363e+02
      vertex   -1.928855e+02 -8.170313e+01 1.178935e+02
    endloop
  endfacet
  facet normal -3.788935e-01 -8.620079e-01 3.367226e-01
    outer loop
      vertex   -1.928855e+02 -8.170313e+01 1.178935e+02
      vertex   -1.927052e+02 -8.192188e+01 1.175363e+02
      vertex   -1.924949e+02 -8.193750e+01 1.177329e+02
    endloop
  endfacet
  facet normal -3.962518e-01 -8.670860e-01 3.019047e-01
    outer loop
      vertex   -1.928855e+02 -8.170313e+01 1.178935e+02
      vertex   -1.924949e+02 -8.193750e+01 1.177329e+02
      vertex   -1.927233e+02 -8.171875e+01 1.180614e+02
    endloop
  endfacet
  facet normal -4.222437e-01 -8.620079e-01 2.804507e-01
    outer loop
      vertex   -1.927233e+02 -8.171875e+01 1.180614e+02
      vertex   -1.924949e+02 -8.193750e+01 1.177329e+02
      vertex   -1.923142e+02 -8.195313e+01 1.179571e+02
    endloop
  endfacet
  facet normal -4.345644e-01 -8.670860e-01 2.435482e-01
    outer loop
      vertex   -1.927233e+02 -8.171875e+01 1.180614e+02
      vertex   -1.923142e+02 -8.195313e+01 1.179571e+02
      vertex   -1.925862e+02 -8.173438e+01 1.182504e+02
    endloop
  endfacet
  facet normal -4.573021e-01 -8.620079e-01 2.186714e-01
    outer loop
      vertex   -1.925862e+02 -8.173438e+01 1.182504e+02
      vertex   -1.923142e+02 -8.195313e+01 1.179571e+02
      vertex   -1.921665e+02 -8.196875e+01 1.182043e+02
    endloop
  endfacet
  facet normal -4.643431e-01 -8.670860e-01 1.804089e-01
    outer loop
      vertex   -1.925862e+02 -8.173438e+01 1.182504e+02
      vertex   -1.921665e+02 -8.196875e+01 1.182043e+02
      vertex   -1.924769e+02 -8.175000e+01 1.184567e+02
    endloop
  endfacet
  facet normal -4.833800e-01 -8.620079e-01 1.525979e-01
    outer loop
      vertex   -1.924769e+02 -8.175000e+01 1.184567e+02
      vertex   -1.921665e+02 -8.196875e+01 1.182043e+02
      vertex   -1.920548e+02 -8.198438e+01 1.184697e+02
    endloop
  endfacet
  facet normal -4.850032e-01 -8.670860e-01 1.137268e-01
    outer loop
      vertex   -1.924769e+02 -8.175000e+01 1.184567e+02
      vertex   -1.920548e+02 -8.198438e+01 1.184697e+02
      vertex   -1.923975e+02 -8.176563e+01 1.186762e+02
    endloop
  endfacet
  facet normal -4.999655e-01 -8.620079e-01 8.352767e-02
    outer loop
      vertex   -1.923975e+02 -8.176563e+01 1.186762e+02
      vertex   -1.920548e+02 -8.198438e+01 1.184697e+02
      vertex   -1.919814e+02 -8.200000e+01 1.187481e+02
    endloop
  endfacet
  facet normal -4.961390e-01 -8.670860e-01 4.481137e-02
    outer loop
      vertex   -1.923975e+02 -8.176563e+01 1.186762e+02
      vertex   -1.919814e+02 -8.200000e+01 1.187481e+02
      vertex   -1.923495e+02 -8.178125e+01 1.189047e+02
    endloop
  endfacet
  facet normal -5.067328e-01 -8.620079e-01 1.281717e-02
    outer loop
      vertex   -1.923495e+02 -8.178125e+01 1.189047e+02
      vertex   -1.919814e+02 -8.200000e+01 1.187481e+02
      vertex   -1.919476e+02 -8.201563e+01 1.190340e+02
    endloop
  endfacet
  facet normal -4.975316e-01 -8.670860e-01 -2.498406e-02
    outer loop
      vertex   -1.923495e+02 -8.178125e+01 1.189047e+02
      vertex   -1.919476e+02 -8.201563e+01 1.190340e+02
      vertex   -1.923340e+02 -8.179688e+01 1.191377e+02
    endloop
  endfacet
  facet normal -5.035489e-01 -8.620079e-01 -5.814502e-02
    outer loop
      vertex   -1.923340e+02 -8.179688e+01 1.191377e+02
      vertex   -1.919476e+02 -8.201563e+01 1.190340e+02
      vertex   -1.919541e+02 -8.203125e+01 1.193219e+02
    endloop
  endfacet
  facet normal -4.891539e-01 -8.670860e-01 -9.428886e-02
    outer loop
      vertex   -1.923340e+02 -8.179688e+01 1.191377e+02
      vertex   -1.919541e+02 -8.203125e+01 1.193219e+02
      vertex   -1.923512e+02 -8.181250e+01 1.193705e+02
    endloop
  endfacet
  facet normal -4.904765e-01 -8.620079e-01 -1.279654e-01
    outer loop
      vertex   -1.923512e+02 -8.181250e+01 1.193705e+02
      vertex   -1.919541e+02 -8.203125e+01 1.193219e+02
      vertex   -1.920007e+02 -8.204688e+01 1.196060e+02
    endloop
  endfacet
  facet normal -4.711703e-01 -8.670860e-01 -1.617420e-01
    outer loop
      vertex   -1.923512e+02 -8.181250e+01 1.193705e+02
      vertex   -1.920007e+02 -8.204688e+01 1.196060e+02
      vertex   -1.924008e+02 -8.182813e+01 1.195986e+02
    endloop
  endfacet
  facet normal -4.677723e-01 -8.620079e-01 -1.952728e-01
    outer loop
      vertex   -1.924008e+02 -8.182813e+01 1.195986e+02
      vertex   -1.920007e+02 -8.204688e+01 1.196060e+02
      vertex   -1.920867e+02 -8.206250e+01 1.198809e+02
    endloop
  endfacet
  facet normal -4.439339e-01 -8.670860e-01 -2.260190e-01
    outer loop
      vertex   -1.924008e+02 -8.182813e+01 1.195986e+02
      vertex   -1.920867e+02 -8.206250e+01 1.198809e+02
      vertex   -1.924817e+02 -8.184375e+01 1.198176e+02
    endloop
  endfacet
  facet normal -4.358820e-01 -8.620079e-01 -2.587455e-01
    outer loop
      vertex   -1.924817e+02 -8.184375e+01 1.198176e+02
      vertex   -1.920867e+02 -8.206250e+01 1.198809e+02
      vertex   -1.922102e+02 -8.207813e+01 1.201410e+02
    endloop
  endfacet
  facet normal -4.079797e-01 -8.670860e-01 -2.858574e-01
    outer loop
      vertex   -1.924817e+02 -8.184375e+01 1.198176e+02
      vertex   -1.922102e+02 -8.207813e+01 1.201410e+02
      vertex   -1.925925e+02 -8.185938e+01 1.200231e+02
    endloop
  endfacet
  facet normal -3.954320e-01 -8.620079e-01 -3.171370e-01
    outer loop
      vertex   -1.925925e+02 -8.185938e+01 1.200231e+02
      vertex   -1.922102e+02 -8.207813e+01 1.201410e+02
      vertex   -1.923688e+02 -8.209375e+01 1.203813e+02
    endloop
  endfacet
  facet normal -3.640137e-01 -8.670860e-01 -3.400822e-01
    outer loop
      vertex   -1.925925e+02 -8.185938e+01 1.200231e+02
      vertex   -1.923688e+02 -8.209375e+01 1.203813e+02
      vertex   -1.927309e+02 -8.187500e+01 1.202111e+02
    endloop
  endfacet
  facet normal -3.472167e-01 -8.620079e-01 -3.693006e-01
    outer loop
      vertex   -1.927309e+02 -8.187500e+01 1.202111e+02
      vertex   -1.923688e+02 -8.209375e+01 1.203813e+02
      vertex   -1.925595e+02 -8.210938e+01 1.205970e+02
    endloop
  endfacet
  facet normal -3.128993e-01 -8.670860e-01 -3.876286e-01
    outer loop
      vertex   -1.927309e+02 -8.187500e+01 1.202111e+02
      vertex   -1.925595e+02 -8.210938e+01 1.205970e+02
      vertex   -1.928943e+02 -8.189063e+01 1.203779e+02
    endloop
  endfacet
  facet normal -2.921827e-01 -8.620079e-01 -4.142121e-01
    outer loop
      vertex   -1.928943e+02 -8.189063e+01 1.203779e+02
      vertex   -1.925595e+02 -8.210938e+01 1.205970e+02
      vertex   -1.927785e+02 -8.212500e+01 1.207840e+02
    endloop
  endfacet
  facet normal -2.556403e-01 -8.670860e-01 -4.275628e-01
    outer loop
      vertex   -1.928943e+02 -8.189063e+01 1.203779e+02
      vertex   -1.927785e+02 -8.212500e+01 1.207840e+02
      vertex   -1.930793e+02 -8.190625e+01 1.205202e+02
    endloop
  endfacet
  facet normal -2.314110e-01 -8.620079e-01 -4.509893e-01
    outer loop
      vertex   -1.930793e+02 -8.190625e+01 1.205202e+02
      vertex   -1.927785e+02 -8.212500e+01 1.207840e+02
      vertex   -1.930214e+02 -8.214063e+01 1.209385e+02
    endloop
  endfacet
  facet normal -1.933610e-01 -8.670860e-01 -4.591007e-01
    outer loop
      vertex   -1.930793e+02 -8.190625e+01 1.205202e+02
      vertex   -1.930214e+02 -8.214063e+01 1.209385e+02
      vertex   -1.932825e+02 -8.192188e+01 1.206353e+02
    endloop
  endfacet
  facet normal -1.660948e-01 -8.620079e-01 -4.789101e-01
    outer loop
      vertex   -1.932825e+02 -8.192188e+01 1.206353e+02
      vertex   -1.930214e+02 -8.214063e+01 1.209385e+02
      vertex   -1.932836e+02 -8.215625e+01 1.210576e+02
    endloop
  endfacet
  facet normal -1.272846e-01 -8.670860e-01 -4.816228e-01
    outer loop
      vertex   -1.932825e+02 -8.192188e+01 1.206353e+02
      vertex   -1.932836e+02 -8.215625e+01 1.210576e+02
      vertex   -1.934997e+02 -8.193750e+01 1.207209e+02
    endloop
  endfacet
  facet normal -9.751697e-02 -8.620079e-01 -4.974262e-01
    outer loop
      vertex   -1.934997e+02 -8.193750e+01 1.207209e+02
      vertex   -1.932836e+02 -8.215625e+01 1.210576e+02
      vertex   -1.935599e+02 -8.217188e+01 1.211388e+02
    endloop
  endfacet
  facet normal -5.870858e-02 -8.670860e-01 -4.946870e-01
    outer loop
      vertex   -1.934997e+02 -8.193750e+01 1.207209e+02
      vertex   -1.935599e+02 -8.217188e+01 1.211388e+02
      vertex   -1.937268e+02 -8.195313e+01 1.207752e+02
    endloop
  endfacet
  facet normal -2.702409e-02 -8.620079e-01 -5.061739e-01
    outer loop
      vertex   -1.937268e+02 -8.195313e+01 1.207752e+02
      vertex   -1.935599e+02 -8.217188e+01 1.211388e+02
      vertex   -1.938448e+02 -8.218750e+01 1.211806e+02
    endloop
  endfacet
  facet normal 1.102033e-02 -8.670860e-01 -4.980366e-01
    outer loop
      vertex   -1.937268e+02 -8.195313e+01 1.207752e+02
      vertex   -1.938448e+02 -8.218750e+01 1.211806e+02
      vertex   -1.939592e+02 -8.196875e+01 1.207972e+02
    endloop
  endfacet
  facet normal 4.399949e-02 -8.620079e-01 -5.049816e-01
    outer loop
      vertex   -1.939592e+02 -8.196875e+01 1.207972e+02
      vertex   -1.938448e+02 -8.218750e+01 1.211806e+02
      vertex   -1.941327e+02 -8.220313e+01 1.211822e+02
    endloop
  endfacet
  facet normal 8.053283e-02 -8.670860e-01 -4.916059e-01
    outer loop
      vertex   -1.939592e+02 -8.196875e+01 1.207972e+02
      vertex   -1.941327e+02 -8.220313e+01 1.211822e+02
      vertex   -1.941924e+02 -8.198438e+01 1.207866e+02
    endloop
  endfacet
  facet normal 1.141590e-01 -8.620079e-01 -4.938725e-01
    outer loop
      vertex   -1.941924e+02 -8.198438e+01 1.207866e+02
      vertex   -1.941327e+02 -8.220313e+01 1.211822e+02
      vertex   -1.944180e+02 -8.221875e+01 1.211435e+02
    endloop
  endfacet
  facet normal 1.484638e-01 -8.670860e-01 -4.755212e-01
    outer loop
      vertex   -1.941924e+02 -8.198438e+01 1.207866e+02
      vertex   -1.944180e+02 -8.221875e+01 1.211435e+02
      vertex   -1.944218e+02 -8.200000e+01 1.207435e+02
    endloop
  endfacet
  facet normal 1.820767e-01 -8.620079e-01 -4.730649e-01
    outer loop
      vertex   -1.944218e+02 -8.200000e+01 1.207435e+02
      vertex   -1.944180e+02 -8.221875e+01 1.211435e+02
      vertex   -1.946951e+02 -8.223438e+01 1.210653e+02
    endloop
  endfacet
  facet normal 2.134794e-01 -8.670860e-01 -4.500983e-01
    outer loop
      vertex   -1.944218e+02 -8.200000e+01 1.207435e+02
      vertex   -1.946951e+02 -8.223438e+01 1.210653e+02
      vertex   -1.946430e+02 -8.201563e+01 1.206687e+02
    endloop
  endfacet
  facet normal 2.464188e-01 -8.620079e-01 -4.429674e-01
    outer loop
      vertex   -1.946430e+02 -8.201563e+01 1.206687e+02
      vertex   -1.946951e+02 -8.223438e+01 1.210653e+02
      vertex   -1.949586e+02 -8.225000e+01 1.209492e+02
    endloop
  endfacet
  facet normal 2.743026e-01 -8.670860e-01 -4.158365e-01
    outer loop
      vertex   -1.946430e+02 -8.201563e+01 1.206687e+02
      vertex   -1.949586e+02 -8.225000e+01 1.209492e+02
      vertex   -1.948515e+02 -8.203125e+01 1.205637e+02
    endloop
  endfacet
  facet normal 3.059218e-01 -8.620079e-01 -4.041710e-01
    outer loop
      vertex   -1.948515e+02 -8.203125e+01 1.205637e+02
      vertex   -1.949586e+02 -8.225000e+01 1.209492e+02
      vertex   -1.952033e+02 -8.226563e+01 1.207973e+02
    endloop
  endfacet
  facet normal 3.297392e-01 -8.670860e-01 -3.734086e-01
    outer loop
      vertex   -1.948515e+02 -8.203125e+01 1.205637e+02
      vertex   -1.952033e+02 -8.226563e+01 1.207973e+02
      vertex   -1.950433e+02 -8.204688e+01 1.204306e+02
    endloop
  endfacet
  facet normal 3.594172e-01 -8.620079e-01 -3.574376e-01
    outer loop
      vertex   -1.950433e+02 -8.204688e+01 1.204306e+02
      vertex   -1.952033e+02 -8.226563e+01 1.207973e+02
      vertex   -1.954243e+02 -8.228125e+01 1.206128e+02
    endloop
  endfacet
  facet normal 3.787005e-01 -8.670860e-01 -3.236478e-01
    outer loop
      vertex   -1.950433e+02 -8.204688e+01 1.204306e+02
      vertex   -1.954243e+02 -8.228125e+01 1.206128e+02
      vertex   -1.952147e+02 -8.206250e+01 1.202720e+02
    endloop
  endfacet
  facet normal 4.058545e-01 -8.620079e-01 -3.036849e-01
    outer loop
      vertex   -1.952147e+02 -8.206250e+01 1.202720e+02
      vertex   -1.954243e+02 -8.228125e+01 1.206128e+02
      vertex   -1.956173e+02 -8.229688e+01 1.203991e+02
    endloop
  endfacet
  facet normal 4.202249e-01 -8.670860e-01 -2.675312e-01
    outer loop
      vertex   -1.952147e+02 -8.206250e+01 1.202720e+02
      vertex   -1.956173e+02 -8.229688e+01 1.203991e+02
      vertex   -1.953621e+02 -8.207813e+01 1.200910e+02
    endloop
  endfacet
  facet normal 4.443217e-01 -8.620079e-01 -2.439685e-01
    outer loop
      vertex   -1.953621e+02 -8.207813e+01 1.200910e+02
      vertex   -1.956173e+02 -8.229688e+01 1.203991e+02
      vertex   -1.957786e+02 -8.231250e+01 1.201606e+02
    endloop
  endfacet
  facet normal 4.534970e-01 -8.670860e-01 -2.061610e-01
    outer loop
      vertex   -1.953621e+02 -8.207813e+01 1.200910e+02
      vertex   -1.957786e+02 -8.231250e+01 1.201606e+02
      vertex   -1.954828e+02 -8.209375e+01 1.198912e+02
    endloop
  endfacet
  facet normal 4.740634e-01 -8.620079e-01 -1.794611e-01
    outer loop
      vertex   -1.954828e+02 -8.209375e+01 1.198912e+02
      vertex   -1.957786e+02 -8.231250e+01 1.201606e+02
      vertex   -1.959050e+02 -8.232813e+01 1.199019e+02
    endloop
  endfacet
  facet normal 4.778635e-01 -8.670860e-01 -1.407422e-01
    outer loop
      vertex   -1.954828e+02 -8.209375e+01 1.198912e+02
      vertex   -1.959050e+02 -8.232813e+01 1.199019e+02
      vertex   -1.955744e+02 -8.210938e+01 1.196764e+02
    endloop
  endfacet
  facet normal 4.944955e-01 -8.620079e-01 -1.114296e-01
    outer loop
      vertex   -1.955744e+02 -8.210938e+01 1.196764e+02
      vertex   -1.959050e+02 -8.232813e+01 1.199019e+02
      vertex   -1.959939e+02 -8.234375e+01 1.196280e+02
    endloop
  endfacet
  facet normal 4.928458e-01 -8.670860e-01 -7.255961e-02
    outer loop
      vertex   -1.955744e+02 -8.210938e+01 1.196764e+02
      vertex   -1.959939e+02 -8.234375e+01 1.196280e+02
      vertex   -1.956351e+02 -8.212500e+01 1.194510e+02
    endloop
  endfacet
  facet normal 5.052169e-01 -8.620079e-01 -4.120974e-02
    outer loop
      vertex   -1.956351e+02 -8.212500e+01 1.194510e+02
      vertex   -1.959939e+02 -8.234375e+01 1.196280e+02
      vertex   -1.960437e+02 -8.235938e+01 1.193444e+02
    endloop
  endfacet
  facet normal 4.981498e-01 -8.670860e-01 -2.952065e-03
    outer loop
      vertex   -1.956351e+02 -8.212500e+01 1.194510e+02
      vertex   -1.960437e+02 -8.235938e+01 1.193444e+02
      vertex   -1.956637e+02 -8.214063e+01 1.192193e+02
    endloop
  endfacet
  facet normal 5.060170e-01 -8.620079e-01 2.981934e-02
    outer loop
      vertex   -1.956637e+02 -8.214063e+01 1.192193e+02
      vertex   -1.960437e+02 -8.235938e+01 1.193444e+02
      vertex   -1.960534e+02 -8.237500e+01 1.190566e+02
    endloop
  endfacet
  facet normal 4.936712e-01 -8.670860e-01 6.671345e-02
    outer loop
      vertex   -1.956637e+02 -8.214063e+01 1.192193e+02
      vertex   -1.960534e+02 -8.237500e+01 1.190566e+02
      vertex   -1.956596e+02 -8.215625e+01 1.189858e+02
    endloop
  endfacet
  facet normal 4.968800e-01 -8.620079e-01 1.002628e-01
    outer loop
      vertex   -1.956596e+02 -8.215625e+01 1.189858e+02
      vertex   -1.960534e+02 -8.237500e+01 1.190566e+02
      vertex   -1.960227e+02 -8.239063e+01 1.187703e+02
    endloop
  endfacet
  facet normal 4.794980e-01 -8.670860e-01 1.350689e-01
    outer loop
      vertex   -1.956596e+02 -8.215625e+01 1.189858e+02
      vertex   -1.960227e+02 -8.239063e+01 1.187703e+02
      vertex   -1.956229e+02 -8.217188e+01 1.187553e+02
    endloop
  endfacet
  facet normal 4.779854e-01 -8.620079e-01 1.687374e-01
    outer loop
      vertex   -1.956229e+02 -8.217188e+01 1.187553e+02
      vertex   -1.960227e+02 -8.239063e+01 1.187703e+02
      vertex   -1.959523e+02 -8.240625e+01 1.184911e+02
    endloop
  endfacet
  facet normal 4.559085e-01 -8.670860e-01 2.007718e-01
    outer loop
      vertex   -1.956229e+02 -8.217188e+01 1.187553e+02
      vertex   -1.959523e+02 -8.240625e+01 1.184911e+02
      vertex   -1.955543e+02 -8.218750e+01 1.185321e+02
    endloop
  endfacet
  facet normal 4.497043e-01 -8.620079e-01 2.338983e-01
    outer loop
      vertex   -1.955543e+02 -8.218750e+01 1.185321e+02
      vertex   -1.959523e+02 -8.240625e+01 1.184911e+02
      vertex   -1.958436e+02 -8.242188e+01 1.182245e+02
    endloop
  endfacet
  facet normal 4.233661e-01 -8.670860e-01 2.625321e-01
    outer loop
      vertex   -1.955543e+02 -8.218750e+01 1.185321e+02
      vertex   -1.958436e+02 -8.242188e+01 1.182245e+02
      vertex   -1.954553e+02 -8.220313e+01 1.183207e+02
    endloop
  endfacet
  facet normal 4.125920e-01 -8.620079e-01 2.944660e-01
    outer loop
      vertex   -1.954553e+02 -8.220313e+01 1.183207e+02
      vertex   -1.958436e+02 -8.242188e+01 1.182245e+02
      vertex   -1.956987e+02 -8.243750e+01 1.179757e+02
    endloop
  endfacet
  facet normal 3.825096e-01 -8.670860e-01 3.191368e-01
    outer loop
      vertex   -1.954553e+02 -8.220313e+01 1.183207e+02
      vertex   -1.956987e+02 -8.243750e+01 1.179757e+02
      vertex   -1.953276e+02 -8.221875e+01 1.181252e+02
    endloop
  endfacet
  facet normal 3.673773e-01 -8.620079e-01 3.492511e-01
    outer loop
      vertex   -1.953276e+02 -8.221875e+01 1.181252e+02
      vertex   -1.956987e+02 -8.243750e+01 1.179757e+02
      vertex   -1.955204e+02 -8.245313e+01 1.177496e+02
    endloop
  endfacet
  facet normal 3.341416e-01 -8.670860e-01 3.694744e-01
    outer loop
      vertex   -1.953276e+02 -8.221875e+01 1.181252e+02
      vertex   -1.955204e+02 -8.245313e+01 1.177496e+02
      vertex   -1.951739e+02 -8.223438e+01 1.179495e+02
    endloop
  endfacet
  facet normal 3.149481e-01 -8.620079e-01 3.971776e-01
    outer loop
      vertex   -1.951739e+02 -8.223438e+01 1.179495e+02
      vertex   -1.955204e+02 -8.245313e+01 1.177496e+02
      vertex   -1.953122e+02 -8.246875e+01 1.175506e+02
    endloop
  endfacet
  facet normal 2.792117e-01 -8.670860e-01 4.125563e-01
    outer loop
      vertex   -1.951739e+02 -8.223438e+01 1.179495e+02
      vertex   -1.953122e+02 -8.246875e+01 1.175506e+02
      vertex   -1.949971e+02 -8.225000e+01 1.177971e+02
    endloop
  endfacet
  facet normal 2.563341e-01 -8.620079e-01 4.373045e-01
    outer loop
      vertex   -1.949971e+02 -8.225000e+01 1.177971e+02
      vertex   -1.953122e+02 -8.246875e+01 1.175506e+02
      vertex   -1.950783e+02 -8.248438e+01 1.173827e+02
    endloop
  endfacet
  facet normal 2.187988e-01 -8.670860e-01 4.475366e-01
    outer loop
      vertex   -1.949971e+02 -8.225000e+01 1.177971e+02
      vertex   -1.950783e+02 -8.248438e+01 1.173827e+02
      vertex   -1.948007e+02 -8.226563e+01 1.176708e+02
    endloop
  endfacet
  facet normal 1.926862e-01 -8.620079e-01 4.688437e-01
    outer loop
      vertex   -1.948007e+02 -8.226563e+01 1.176708e+02
      vertex   -1.950783e+02 -8.248438e+01 1.173827e+02
      vertex   -1.948232e+02 -8.250000e+01 1.172491e+02
    endloop
  endfacet
  facet normal 1.540892e-01 -8.670860e-01 4.737282e-01
    outer loop
      vertex   -1.948007e+02 -8.226563e+01 1.176708e+02
      vertex   -1.948232e+02 -8.250000e+01 1.172491e+02
      vertex   -1.945886e+02 -8.228125e+01 1.175732e+02
    endloop
  endfacet
  facet normal 1.252545e-01 -8.620079e-01 4.911758e-01
    outer loop
      vertex   -1.945886e+02 -8.228125e+01 1.175732e+02
      vertex   -1.948232e+02 -8.250000e+01 1.172491e+02
      vertex   -1.945520e+02 -8.251563e+01 1.171525e+02
    endloop
  endfacet
  facet normal 8.635354e-02 -8.670860e-01 4.906169e-01
    outer loop
      vertex   -1.945886e+02 -8.228125e+01 1.175732e+02
      vertex   -1.945520e+02 -8.251563e+01 1.171525e+02
      vertex   -1.943650e+02 -8.229688e+01 1.175062e+02
    endloop
  endfacet
  facet normal 5.536297e-02 -8.620079e-01 5.038624e-01
    outer loop
      vertex   -1.943650e+02 -8.229688e+01 1.175062e+02
      vertex   -1.945520e+02 -8.251563e+01 1.171525e+02
      vertex   -1.942699e+02 -8.253125e+01 1.170948e+02
    endloop
  endfacet
  facet normal 1.692214e-02 -8.670860e-01 4.978710e-01
    outer loop
      vertex   -1.943650e+02 -8.229688e+01 1.175062e+02
      vertex   -1.942699e+02 -8.253125e+01 1.170948e+02
      vertex   -1.941341e+02 -8.231250e+01 1.174712e+02
    endloop
  endfacet
  facet normal -1.561572e-02 -8.620079e-01 5.066542e-01
    outer loop
      vertex   -1.941341e+02 -8.231250e+01 1.174712e+02
      vertex   -1.942699e+02 -8.253125e+01 1.170948e+02
      vertex   -1.939825e+02 -8.254688e+01 1.170771e+02
    endloop
  endfacet
  facet normal -5.284158e-02 -8.670860e-01 4.953480e-01
    outer loop
      vertex   -1.941341e+02 -8.231250e+01 1.174712e+02
      vertex   -1.939825e+02 -8.254688e+01 1.170771e+02
      vertex   -1.939007e+02 -8.232813e+01 1.174687e+02
    endloop
  endfacet
  facet normal -8.628776e-02 -8.620079e-01 4.994965e-01
    outer loop
      vertex   -1.939007e+02 -8.232813e+01 1.174687e+02
      vertex   -1.939825e+02 -8.254688e+01 1.170771e+02
      vertex   -1.936954e+02 -8.256250e+01 1.170997e+02
    endloop
  endfacet
  facet normal -1.215676e-01 -8.670860e-01 4.830975e-01
    outer loop
      vertex   -1.939007e+02 -8.232813e+01 1.174687e+02
      vertex   -1.936954e+02 -8.256250e+01 1.170997e+02
      vertex   -1.936692e+02 -8.234375e+01 1.174989e+02
    endloop
  endfacet
  facet normal -1.552653e-01 -8.620079e-01 4.825298e-01
    outer loop
      vertex   -1.936692e+02 -8.234375e+01 1.174989e+02
      vertex   -1.936954e+02 -8.256250e+01 1.170997e+02
      vertex   -1.934144e+02 -8.257813e+01 1.171622e+02
    endloop
  endfacet
  facet normal -1.879063e-01 -8.670860e-01 4.613601e-01
    outer loop
      vertex   -1.936692e+02 -8.234375e+01 1.174989e+02
      vertex   -1.934144e+02 -8.257813e+01 1.171622e+02
      vertex   -1.934442e+02 -8.235938e+01 1.175612e+02
    endloop
  endfacet
  facet normal -2.211938e-01 -8.620079e-01 4.560874e-01
    outer loop
      vertex   -1.934442e+02 -8.235938e+01 1.175612e+02
      vertex   -1.934144e+02 -8.257813e+01 1.171622e+02
      vertex   -1.931448e+02 -8.259375e+01 1.172634e+02
    endloop
  endfacet
  facet normal -2.505550e-01 -8.670860e-01 4.305626e-01
    outer loop
      vertex   -1.934442e+02 -8.235938e+01 1.175612e+02
      vertex   -1.931448e+02 -8.259375e+01 1.172634e+02
      vertex   -1.932301e+02 -8.237500e+01 1.176543e+02
    endloop
  endfacet
  facet normal -2.827785e-01 -8.620079e-01 4.206883e-01
    outer loop
      vertex   -1.932301e+02 -8.237500e+01 1.176543e+02
      vertex   -1.931448e+02 -8.259375e+01 1.172634e+02
      vertex   -1.928920e+02 -8.260938e+01 1.174013e+02
    endloop
  endfacet
  facet normal -3.082833e-01 -8.670860e-01 3.913098e-01
    outer loop
      vertex   -1.932301e+02 -8.237500e+01 1.176543e+02
      vertex   -1.928920e+02 -8.260938e+01 1.174013e+02
      vertex   -1.930311e+02 -8.239063e+01 1.177764e+02
    endloop
  endfacet
  facet normal -3.388101e-01 -8.620079e-01 3.770279e-01
    outer loop
      vertex   -1.930311e+02 -8.239063e+01 1.177764e+02
      vertex   -1.928920e+02 -8.260938e+01 1.174013e+02
      vertex   -1.926610e+02 -8.262500e+01 1.175732e+02
    endloop
  endfacet
  facet normal -3.599576e-01 -8.670860e-01 3.443725e-01
    outer loop
      vertex   -1.930311e+02 -8.239063e+01 1.177764e+02
      vertex   -1.926610e+02 -8.262500e+01 1.175732e+02
      vertex   -1.928512e+02 -8.240625e+01 1.179252e+02
    endloop
  endfacet
  facet normal -3.881882e-01 -8.620079e-01 3.259636e-01
    outer loop
      vertex   -1.928512e+02 -8.240625e+01 1.179252e+02
      vertex   -1.926610e+02 -8.262500e+01 1.175732e+02
      vertex   -1.924563e+02 -8.264063e+01 1.177757e+02
    endloop
  endfacet
  facet normal -4.045632e-01 -8.670860e-01 2.906726e-01
    outer loop
      vertex   -1.928512e+02 -8.240625e+01 1.179252e+02
      vertex   -1.924563e+02 -8.264063e+01 1.177757e+02
      vertex   -1.926938e+02 -8.242188e+01 1.180976e+02
    endloop
  endfacet
  facet normal -4.299432e-01 -8.620079e-01 2.684980e-01
    outer loop
      vertex   -1.926938e+02 -8.242188e+01 1.180976e+02
      vertex   -1.924563e+02 -8.264063e+01 1.177757e+02
      vertex   -1.922819e+02 -8.265625e+01 1.180048e+02
    endloop
  endfacet
  facet normal -4.412241e-01 -8.670860e-01 2.312645e-01
    outer loop
      vertex   -1.926938e+02 -8.242188e+01 1.180976e+02
      vertex   -1.922819e+02 -8.265625e+01 1.180048e+02
      vertex   -1.925621e+02 -8.243750e+01 1.182904e+02
    endloop
  endfacet
  facet normal -4.632551e-01 -8.620079e-01 2.057598e-01
    outer loop
      vertex   -1.925621e+02 -8.243750e+01 1.182904e+02
      vertex   -1.922819e+02 -8.265625e+01 1.180048e+02
      vertex   -1.921412e+02 -8.267188e+01 1.182560e+02
    endloop
  endfacet
  facet normal -4.692203e-01 -8.670860e-01 1.673148e-01
    outer loop
      vertex   -1.925621e+02 -8.243750e+01 1.182904e+02
      vertex   -1.921412e+02 -8.267188e+01 1.182560e+02
      vertex   -1.924586e+02 -8.245313e+01 1.184997e+02
    endloop
  endfacet
  facet normal -4.874697e-01 -8.620079e-01 1.389808e-01
    outer loop
      vertex   -1.924586e+02 -8.245313e+01 1.184997e+02
      vertex   -1.921412e+02 -8.267188e+01 1.182560e+02
      vertex   -1.920370e+02 -8.268750e+01 1.185245e+02
    endloop
  endfacet
  facet normal -4.880021e-01 -8.670860e-01 1.000795e-01
    outer loop
      vertex   -1.924586e+02 -8.245313e+01 1.184997e+02
      vertex   -1.920370e+02 -8.268750e+01 1.185245e+02
      vertex   -1.923853e+02 -8.246875e+01 1.187213e+02
    endloop
  endfacet
  facet normal -5.021115e-01 -8.620079e-01 6.947265e-02
    outer loop
      vertex   -1.923853e+02 -8.246875e+01 1.187213e+02
      vertex   -1.920370e+02 -8.268750e+01 1.185245e+02
      vertex   -1.919714e+02 -8.270313e+01 1.188048e+02
    endloop
  endfacet
  facet normal -4.972006e-01 -8.670860e-01 3.087890e-02
    outer loop
      vertex   -1.923853e+02 -8.246875e+01 1.187213e+02
      vertex   -1.919714e+02 -8.270313e+01 1.188048e+02
      vertex   -1.923438e+02 -8.248438e+01 1.189511e+02
    endloop
  endfacet
  facet normal -5.068929e-01 -8.620079e-01 -1.399827e-03
    outer loop
      vertex   -1.923438e+02 -8.248438e+01 1.189511e+02
      vertex   -1.919714e+02 -8.270313e+01 1.188048e+02
      vertex   -1.919456e+02 -8.271875e+01 1.190916e+02
    endloop
  endfacet
  facet normal -4.966352e-01 -8.670860e-01 -3.892813e-02
    outer loop
      vertex   -1.923438e+02 -8.248438e+01 1.189511e+02
      vertex   -1.919456e+02 -8.271875e+01 1.190916e+02
      vertex   -1.923348e+02 -8.250000e+01 1.191844e+02
    endloop
  endfacet
  facet normal -5.017201e-01 -8.620079e-01 -7.224481e-02
    outer loop
      vertex   -1.923348e+02 -8.250000e+01 1.191844e+02
      vertex   -1.919456e+02 -8.271875e+01 1.190916e+02
      vertex   -1.919602e+02 -8.273438e+01 1.193792e+02
    endloop
  endfacet
  facet normal -4.863170e-01 -8.670860e-01 -1.079707e-01
    outer loop
      vertex   -1.923348e+02 -8.250000e+01 1.191844e+02
      vertex   -1.919602e+02 -8.273438e+01 1.193792e+02
      vertex   -1.923585e+02 -8.251563e+01 1.194166e+02
    endloop
  endfacet
  facet normal -4.866946e-01 -8.620079e-01 -1.416711e-01
    outer loop
      vertex   -1.923585e+02 -8.251563e+01 1.194166e+02
      vertex   -1.919602e+02 -8.273438e+01 1.193792e+02
      vertex   -1.920148e+02 -8.275000e+01 1.196619e+02
    endloop
  endfacet
  facet normal -4.664487e-01 -8.670860e-01 -1.748930e-01
    outer loop
      vertex   -1.923585e+02 -8.251563e+01 1.194166e+02
      vertex   -1.920148e+02 -8.275000e+01 1.196619e+02
      vertex   -1.924145e+02 -8.253125e+01 1.196433e+02
    endloop
  endfacet
  facet normal -4.621116e-01 -8.620079e-01 -2.083152e-01
    outer loop
      vertex   -1.924145e+02 -8.253125e+01 1.196433e+02
      vertex   -1.920148e+02 -8.275000e+01 1.196619e+02
      vertex   -1.921084e+02 -8.276563e+01 1.199342e+02
    endloop
  endfacet
  facet normal -4.374203e-01 -8.670860e-01 -2.383807e-01
    outer loop
      vertex   -1.924145e+02 -8.253125e+01 1.196433e+02
      vertex   -1.921084e+02 -8.276563e+01 1.199342e+02
      vertex   -1.925016e+02 -8.254688e+01 1.198599e+02
    endloop
  endfacet
  facet normal -4.284537e-01 -8.620079e-01 -2.708685e-01
    outer loop
      vertex   -1.925016e+02 -8.254688e+01 1.198599e+02
      vertex   -1.921084e+02 -8.276563e+01 1.199342e+02
      vertex   -1.922392e+02 -8.278125e+01 1.201908e+02
    endloop
  endfacet
  facet normal -3.998020e-01 -8.670860e-01 -2.971872e-01
    outer loop
      vertex   -1.925016e+02 -8.254688e+01 1.198599e+02
      vertex   -1.922392e+02 -8.278125e+01 1.201908e+02
      vertex   -1.926181e+02 -8.256250e+01 1.200622e+02
    endloop
  endfacet
  facet normal -3.863820e-01 -8.620079e-01 -3.281026e-01
    outer loop
      vertex   -1.926181e+02 -8.256250e+01 1.200622e+02
      vertex   -1.922392e+02 -8.278125e+01 1.201908e+02
      vertex   -1.924045e+02 -8.279688e+01 1.204265e+02
    endloop
  endfacet
  facet normal -3.543325e-01 -8.670860e-01 -3.501577e-01
    outer loop
      vertex   -1.926181e+02 -8.256250e+01 1.200622e+02
      vertex   -1.924045e+02 -8.279688e+01 1.204265e+02
      vertex   -1.927617e+02 -8.257813e+01 1.202463e+02
    endloop
  endfacet
  facet normal -3.367226e-01 -8.620079e-01 -3.788935e-01
    outer loop
      vertex   -1.927617e+02 -8.257813e+01 1.202463e+02
      vertex   -1.924045e+02 -8.279688e+01 1.204265e+02
      vertex   -1.926012e+02 -8.281250e+01 1.206368e+02
    endloop
  endfacet
  facet normal -3.019047e-01 -8.670860e-01 -3.962518e-01
    outer loop
      vertex   -1.927617e+02 -8.257813e+01 1.202463e+02
      vertex   -1.926012e+02 -8.281250e+01 1.206368e+02
      vertex   -1.929297e+02 -8.259375e+01 1.204084e+02
    endloop
  endfacet
  facet normal -2.804507e-01 -8.620079e-01 -4.222437e-01
    outer loop
      vertex   -1.929297e+02 -8.259375e+01 1.204084e+02
      vertex   -1.926012e+02 -8.281250e+01 1.206368e+02
      vertex   -1.928253e+02 -8.282813e+01 1.208176e+02
    endloop
  endfacet
  facet normal -2.435482e-01 -8.670860e-01 -4.345644e-01
    outer loop
      vertex   -1.929297e+02 -8.259375e+01 1.204084e+02
      vertex   -1.928253e+02 -8.282813e+01 1.208176e+02
      vertex   -1.931186e+02 -8.260938e+01 1.205455e+02
    endloop
  endfacet
  facet normal -2.186714e-01 -8.620079e-01 -4.573021e-01
    outer loop
      vertex   -1.931186e+02 -8.260938e+01 1.205455e+02
      vertex   -1.928253e+02 -8.282813e+01 1.208176e+02
      vertex   -1.930725e+02 -8.284375e+01 1.209653e+02
    endloop
  endfacet
  facet normal -1.804089e-01 -8.670860e-01 -4.643431e-01
    outer loop
      vertex   -1.931186e+02 -8.260938e+01 1.205455e+02
      vertex   -1.930725e+02 -8.284375e+01 1.209653e+02
      vertex   -1.933249e+02 -8.262500e+01 1.206548e+02
    endloop
  endfacet
  facet normal -1.525979e-01 -8.620079e-01 -4.833800e-01
    outer loop
      vertex   -1.933249e+02 -8.262500e+01 1.206548e+02
      vertex   -1.930725e+02 -8.284375e+01 1.209653e+02
      vertex   -1.933379e+02 -8.285938e+01 1.210769e+02
    endloop
  endfacet
  facet normal -1.137268e-01 -8.670860e-01 -4.850032e-01
    outer loop
      vertex   -1.933249e+02 -8.262500e+01 1.206548e+02
      vertex   -1.933379e+02 -8.285938e+01 1.210769e+02
      vertex   -1.935445e+02 -8.264063e+01 1.207343e+02
    endloop
  endfacet
  facet normal -8.352767e-02 -8.620079e-01 -4.999655e-01
    outer loop
      vertex   -1.935445e+02 -8.264063e+01 1.207343e+02
      vertex   -1.933379e+02 -8.285938e+01 1.210769e+02
      vertex   -1.936163e+02 -8.287500e+01 1.211504e+02
    endloop
  endfacet
  facet normal -4.481137e-02 -8.670860e-01 -4.961390e-01
    outer loop
      vertex   -1.935445e+02 -8.264063e+01 1.207343e+02
      vertex   -1.936163e+02 -8.287500e+01 1.211504e+02
      vertex   -1.937730e+02 -8.265625e+01 1.207822e+02
    endloop
  endfacet
  facet normal -1.281717e-02 -8.620079e-01 -5.067328e-01
    outer loop
      vertex   -1.937730e+02 -8.265625e+01 1.207822e+02
      vertex   -1.936163e+02 -8.287500e+01 1.211504e+02
      vertex   -1.939023e+02 -8.289063e+01 1.211842e+02
    endloop
  endfacet
  facet normal 2.498406e-02 -8.670860e-01 -4.975316e-01
    outer loop
      vertex   -1.937730e+02 -8.265625e+01 1.207822e+02
      vertex   -1.939023e+02 -8.289063e+01 1.211842e+02
      vertex   -1.940059e+02 -8.267188e+01 1.207977e+02
    endloop
  endfacet
  facet normal 5.814502e-02 -8.620079e-01 -5.035489e-01
    outer loop
      vertex   -1.940059e+02 -8.267188e+01 1.207977e+02
      vertex   -1.939023e+02 -8.289063e+01 1.211842e+02
      vertex   -1.941901e+02 -8.290625e+01 1.211777e+02
    endloop
  endfacet
  facet normal 9.428886e-02 -8.670860e-01 -4.891539e-01
    outer loop
      vertex   -1.940059e+02 -8.267188e+01 1.207977e+02
      vertex   -1.941901e+02 -8.290625e+01 1.211777e+02
      vertex   -1.942387e+02 -8.268750e+01 1.207806e+02
    endloop
  endfacet
  facet normal 1.279654e-01 -8.620079e-01 -4.904765e-01
    outer loop
      vertex   -1.942387e+02 -8.268750e+01 1.207806e+02
      vertex   -1.941901e+02 -8.290625e+01 1.211777e+02
      vertex   -1.944743e+02 -8.292188e+01 1.211310e+02
    endloop
  endfacet
  facet normal 1.617420e-01 -8.670860e-01 -4.711703e-01
    outer loop
      vertex   -1.942387e+02 -8.268750e+01 1.207806e+02
      vertex   -1.944743e+02 -8.292188e+01 1.211310e+02
      vertex   -1.944669e+02 -8.270313e+01 1.207310e+02
    endloop
  endfacet
  facet normal 1.952728e-01 -8.620079e-01 -4.677723e-01
    outer loop
      vertex   -1.944669e+02 -8.270313e+01 1.207310e+02
      vertex   -1.944743e+02 -8.292188e+01 1.211310e+02
      vertex   -1.947491e+02 -8.293750e+01 1.210451e+02
    endloop
  endfacet
  facet normal 2.260190e-01 -8.670860e-01 -4.439339e-01
    outer loop
      vertex   -1.944669e+02 -8.270313e+01 1.207310e+02
      vertex   -1.947491e+02 -8.293750e+01 1.210451e+02
      vertex   -1.946858e+02 -8.271875e+01 1.206500e+02
    endloop
  endfacet
  facet normal 2.587455e-01 -8.620079e-01 -4.358820e-01
    outer loop
      vertex   -1.946858e+02 -8.271875e+01 1.206500e+02
      vertex   -1.947491e+02 -8.293750e+01 1.210451e+02
      vertex   -1.950092e+02 -8.295313e+01 1.209216e+02
    endloop
  endfacet
  facet normal 2.858574e-01 -8.670860e-01 -4.079797e-01
    outer loop
      vertex   -1.946858e+02 -8.271875e+01 1.206500e+02
      vertex   -1.950092e+02 -8.295313e+01 1.209216e+02
      vertex   -1.948914e+02 -8.273438e+01 1.205392e+02
    endloop
  endfacet
  facet normal 3.171370e-01 -8.620079e-01 -3.954320e-01
    outer loop
      vertex   -1.948914e+02 -8.273438e+01 1.205392e+02
      vertex   -1.950092e+02 -8.295313e+01 1.209216e+02
      vertex   -1.952495e+02 -8.296875e+01 1.207629e+02
    endloop
  endfacet
  facet normal 3.400822e-01 -8.670860e-01 -3.640137e-01
    outer loop
      vertex   -1.948914e+02 -8.273438e+01 1.205392e+02
      vertex   -1.952495e+02 -8.296875e+01 1.207629e+02
      vertex   -1.950794e+02 -8.275000e+01 1.204008e+02
    endloop
  endfacet
  facet normal 3.693006e-01 -8.620079e-01 -3.472167e-01
    outer loop
      vertex   -1.950794e+02 -8.275000e+01 1.204008e+02
      vertex   -1.952495e+02 -8.296875e+01 1.207629e+02
      vertex   -1.954653e+02 -8.298438e+01 1.205722e+02
    endloop
  endfacet
  facet normal 3.876286e-01 -8.670860e-01 -3.128993e-01
    outer loop
      vertex   -1.950794e+02 -8.275000e+01 1.204008e+02
      vertex   -1.954653e+02 -8.298438e+01 1.205722e+02
      vertex   -1.952462e+02 -8.276563e+01 1.202375e+02
    endloop
  endfacet
  facet normal 4.142121e-01 -8.620079e-01 -2.921827e-01
    outer loop
      vertex   -1.952462e+02 -8.276563e+01 1.202375e+02
      vertex   -1.954653e+02 -8.298438e+01 1.205722e+02
      vertex   -1.956522e+02 -8.300000e+01 1.203533e+02
    endloop
  endfacet
  facet normal 4.275628e-01 -8.670860e-01 -2.556403e-01
    outer loop
      vertex   -1.952462e+02 -8.276563e+01 1.202375e+02
      vertex   -1.956522e+02 -8.300000e+01 1.203533e+02
      vertex   -1.953885e+02 -8.278125e+01 1.200524e+02
    endloop
  endfacet
  facet normal 4.509893e-01 -8.620079e-01 -2.314110e-01
    outer loop
      vertex   -1.953885e+02 -8.278125e+01 1.200524e+02
      vertex   -1.956522e+02 -8.300000e+01 1.203533e+02
      vertex   -1.958068e+02 -8.301563e+01 1.201103e+02
    endloop
  endfacet
  facet normal 4.591007e-01 -8.670860e-01 -1.933610e-01
    outer loop
      vertex   -1.953885e+02 -8.278125e+01 1.200524e+02
      vertex   -1.958068e+02 -8.301563e+01 1.201103e+02
      vertex   -1.955036e+02 -8.279688e+01 1.198493e+02
    endloop
  endfacet
  facet normal 4.789101e-01 -8.620079e-01 -1.660948e-01
    outer loop
      vertex   -1.955036e+02 -8.279688e+01 1.198493e+02
      vertex   -1.958068e+02 -8.301563e+01 1.201103e+02
      vertex   -1.959258e+02 -8.303125e+01 1.198481e+02
    endloop
  endfacet
  facet normal 4.816228e-01 -8.670860e-01 -1.272846e-01
    outer loop
      vertex   -1.955036e+02 -8.279688e+01 1.198493e+02
      vertex   -1.959258e+02 -8.303125e+01 1.198481e+02
      vertex   -1.955891e+02 -8.281250e+01 1.196320e+02
    endloop
  endfacet
  facet normal 4.974262e-01 -8.620079e-01 -9.751697e-02
    outer loop
      vertex   -1.955891e+02 -8.281250e+01 1.196320e+02
      vertex   -1.959258e+02 -8.303125e+01 1.198481e+02
      vertex   -1.960071e+02 -8.304688e+01 1.195719e+02
    endloop
  endfacet
  facet normal 4.946870e-01 -8.670860e-01 -5.870858e-02
    outer loop
      vertex   -1.955891e+02 -8.281250e+01 1.196320e+02
      vertex   -1.960071e+02 -8.304688e+01 1.195719e+02
      vertex   -1.956434e+02 -8.282813e+01 1.194050e+02
    endloop
  endfacet
  facet normal 5.061739e-01 -8.620079e-01 -2.702409e-02
    outer loop
      vertex   -1.956434e+02 -8.282813e+01 1.194050e+02
      vertex   -1.960071e+02 -8.304688e+01 1.195719e+02
      vertex   -1.960489e+02 -8.306250e+01 1.192870e+02
    endloop
  endfacet
  facet normal 4.980366e-01 -8.670860e-01 1.102033e-02
    outer loop
      vertex   -1.956434e+02 -8.282813e+01 1.194050e+02
      vertex   -1.960489e+02 -8.306250e+01 1.192870e+02
      vertex   -1.956655e+02 -8.284375e+01 1.191726e+02
    endloop
  endfacet
  facet normal 5.049816e-01 -8.620079e-01 4.399949e-02
    outer loop
      vertex   -1.956655e+02 -8.284375e+01 1.191726e+02
      vertex   -1.960489e+02 -8.306250e+01 1.192870e+02
      vertex   -1.960505e+02 -8.307813e+01 1.189991e+02
    endloop
  endfacet
  facet normal 4.916059e-01 -8.670860e-01 8.053283e-02
    outer loop
      vertex   -1.956655e+02 -8.284375e+01 1.191726e+02
      vertex   -1.960505e+02 -8.307813e+01 1.189991e+02
      vertex   -1.956549e+02 -8.285938e+01 1.189394e+02
    endloop
  endfacet
  facet normal 4.938725e-01 -8.620079e-01 1.141590e-01
    outer loop
      vertex   -1.956549e+02 -8.285938e+01 1.189394e+02
      vertex   -1.960505e+02 -8.307813e+01 1.189991e+02
      vertex   -1.960118e+02 -8.309375e+01 1.187137e+02
    endloop
  endfacet
  facet normal 4.755212e-01 -8.670860e-01 1.484638e-01
    outer loop
      vertex   -1.956549e+02 -8.285938e+01 1.189394e+02
      vertex   -1.960118e+02 -8.309375e+01 1.187137e+02
      vertex   -1.956117e+02 -8.287500e+01 1.187099e+02
    endloop
  endfacet
  facet normal 4.730649e-01 -8.620079e-01 1.820767e-01
    outer loop
      vertex   -1.956117e+02 -8.287500e+01 1.187099e+02
      vertex   -1.960118e+02 -8.309375e+01 1.187137e+02
      vertex   -1.959336e+02 -8.310938e+01 1.184366e+02
    endloop
  endfacet
  facet normal 4.500983e-01 -8.670860e-01 2.134794e-01
    outer loop
      vertex   -1.956117e+02 -8.287500e+01 1.187099e+02
      vertex   -1.959336e+02 -8.310938e+01 1.184366e+02
      vertex   -1.955369e+02 -8.289063e+01 1.184888e+02
    endloop
  endfacet
  facet normal 4.429674e-01 -8.620079e-01 2.464188e-01
    outer loop
      vertex   -1.955369e+02 -8.289063e+01 1.184888e+02
      vertex   -1.959336e+02 -8.310938e+01 1.184366e+02
      vertex   -1.958174e+02 -8.312500e+01 1.181731e+02
    endloop
  endfacet
  facet normal 4.158365e-01 -8.670860e-01 2.743026e-01
    outer loop
      vertex   -1.955369e+02 -8.289063e+01 1.184888e+02
      vertex   -1.958174e+02 -8.312500e+01 1.181731e+02
      vertex   -1.954319e+02 -8.290625e+01 1.182802e+02
    endloop
  endfacet
  facet normal 4.041710e-01 -8.620079e-01 3.059218e-01
    outer loop
      vertex   -1.954319e+02 -8.290625e+01 1.182802e+02
      vertex   -1.958174e+02 -8.312500e+01 1.181731e+02
      vertex   -1.956656e+02 -8.314063e+01 1.179285e+02
    endloop
  endfacet
  facet normal 3.734086e-01 -8.670860e-01 3.297392e-01
    outer loop
      vertex   -1.954319e+02 -8.290625e+01 1.182802e+02
      vertex   -1.956656e+02 -8.314063e+01 1.179285e+02
      vertex   -1.952988e+02 -8.292188e+01 1.180884e+02
    endloop
  endfacet
  facet normal 3.574376e-01 -8.620079e-01 3.594172e-01
    outer loop
      vertex   -1.952988e+02 -8.292188e+01 1.180884e+02
      vertex   -1.956656e+02 -8.314063e+01 1.179285e+02
      vertex   -1.954810e+02 -8.315625e+01 1.177075e+02
    endloop
  endfacet
  facet normal 3.236478e-01 -8.670860e-01 3.787005e-01
    outer loop
      vertex   -1.952988e+02 -8.292188e+01 1.180884e+02
      vertex   -1.954810e+02 -8.315625e+01 1.177075e+02
      vertex   -1.951402e+02 -8.293750e+01 1.179171e+02
    endloop
  endfacet
  facet normal 3.036849e-01 -8.620079e-01 4.058545e-01
    outer loop
      vertex   -1.951402e+02 -8.293750e+01 1.179171e+02
      vertex   -1.954810e+02 -8.315625e+01 1.177075e+02
      vertex   -1.952674e+02 -8.317188e+01 1.175144e+02
    endloop
  endfacet
  facet normal 2.675312e-01 -8.670860e-01 4.202249e-01
    outer loop
      vertex   -1.951402e+02 -8.293750e+01 1.179171e+02
      vertex   -1.952674e+02 -8.317188e+01 1.175144e+02
      vertex   -1.949592e+02 -8.295313e+01 1.177696e+02
    endloop
  endfacet
  facet normal 2.439685e-01 -8.620079e-01 4.443217e-01
    outer loop
      vertex   -1.949592e+02 -8.295313e+01 1.177696e+02
      vertex   -1.952674e+02 -8.317188e+01 1.175144e+02
      vertex   -1.950288e+02 -8.318750e+01 1.173531e+02
    endloop
  endfacet
  facet normal 2.061610e-01 -8.670860e-01 4.534970e-01
    outer loop
      vertex   -1.949592e+02 -8.295313e+01 1.177696e+02
      vertex   -1.950288e+02 -8.318750e+01 1.173531e+02
      vertex   -1.947594e+02 -8.296875e+01 1.176489e+02
    endloop
  endfacet
  facet normal 1.794611e-01 -8.620079e-01 4.740634e-01
    outer loop
      vertex   -1.947594e+02 -8.296875e+01 1.176489e+02
      vertex   -1.950288e+02 -8.318750e+01 1.173531e+02
      vertex   -1.947701e+02 -8.320313e+01 1.172268e+02
    endloop
  endfacet
  facet normal 1.407422e-01 -8.670860e-01 4.778635e-01
    outer loop
      vertex   -1.947594e+02 -8.296875e+01 1.176489e+02
      vertex   -1.947701e+02 -8.320313e+01 1.172268e+02
      vertex   -1.945447e+02 -8.298438e+01 1.175573e+02
    endloop
  endfacet
  facet normal 1.114296e-01 -8.620079e-01 4.944955e-01
    outer loop
      vertex   -1.945447e+02 -8.298438e+01 1.175573e+02
      vertex   -1.947701e+02 -8.320313e+01 1.172268e+02
      vertex   -1.944962e+02 -8.321875e+01 1.171378e+02
    endloop
  endfacet
  facet normal 7.255961e-02 -8.670860e-01 4.928458e-01
    outer loop
      vertex   -1.945447e+02 -8.298438e+01 1.175573e+02
      vertex   -1.944962e+02 -8.321875e+01 1.171378e+02
      vertex   -1.943192e+02 -8.300000e+01 1.174966e+02
    endloop
  endfacet
  facet normal 4.120974e-02 -8.620079e-01 5.052169e-01
    outer loop
      vertex   -1.943192e+02 -8.300000e+01 1.174966e+02
      vertex   -1.944962e+02 -8.321875e+01 1.171378e+02
      vertex   -1.942126e+02 -8.323438e+01 1.170880e+02
    endloop
  endfacet
  facet normal 2.952065e-03 -8.670860e-01 4.981498e-01
    outer loop
      vertex   -1.943192e+02 -8.300000e+01 1.174966e+02
      vertex   -1.942126e+02 -8.323438e+01 1.170880e+02
      vertex   -1.940875e+02 -8.301563e+01 1.174681e+02
    endloop
  endfacet
  facet normal -2.981934e-02 -8.620079e-01 5.060170e-01
    outer loop
      vertex   -1.940875e+02 -8.301563e+01 1.174681e+02
      vertex   -1.942126e+02 -8.323438e+01 1.170880e+02
      vertex   -1.939249e+02 -8.325000e+01 1.170784e+02
    endloop
  endfacet
  facet normal -6.671345e-02 -8.670860e-01 4.936712e-01
    outer loop
      vertex   -1.940875e+02 -8.301563e+01 1.174681e+02
      vertex   -1.939249e+02 -8.325000e+01 1.170784e+02
      vertex   -1.938541e+02 -8.303125e+01 1.174722e+02
    endloop
  endfacet
  facet normal -1.002628e-01 -8.620079e-01 4.968800e-01
    outer loop
      vertex   -1.938541e+02 -8.303125e+01 1.174722e+02
      vertex   -1.939249e+02 -8.325000e+01 1.170784e+02
      vertex   -1.936386e+02 -8.326563e+01 1.171090e+02
    endloop
  endfacet
  facet normal -1.350689e-01 -8.670860e-01 4.794980e-01
    outer loop
      vertex   -1.938541e+02 -8.303125e+01 1.174722e+02
      vertex   -1.936386e+02 -8.326563e+01 1.171090e+02
      vertex   -1.936235e+02 -8.304688e+01 1.175088e+02
    endloop
  endfacet
  facet normal -1.687374e-01 -8.620079e-01 4.779854e-01
    outer loop
      vertex   -1.936235e+02 -8.304688e+01 1.175088e+02
      vertex   -1.936386e+02 -8.326563e+01 1.171090e+02
      vertex   -1.933594e+02 -8.328125e+01 1.171794e+02
    endloop
  endfacet
  facet normal -2.007718e-01 -8.670860e-01 4.559085e-01
    outer loop
      vertex   -1.936235e+02 -8.304688e+01 1.175088e+02
      vertex   -1.933594e+02 -8.328125e+01 1.171794e+02
      vertex   -1.934004e+02 -8.306250e+01 1.175774e+02
    endloop
  endfacet
  facet normal -2.338983e-01 -8.620079e-01 4.497043e-01
    outer loop
      vertex   -1.934004e+02 -8.306250e+01 1.175774e+02
      vertex   -1.933594e+02 -8.328125e+01 1.171794e+02
      vertex   -1.930927e+02 -8.329688e+01 1.172882e+02
    endloop
  endfacet
  facet normal -2.625321e-01 -8.670860e-01 4.233661e-01
    outer loop
      vertex   -1.934004e+02 -8.306250e+01 1.175774e+02
      vertex   -1.930927e+02 -8.329688e+01 1.172882e+02
      vertex   -1.931890e+02 -8.307813e+01 1.176765e+02
    endloop
  endfacet
  facet normal -2.944660e-01 -8.620079e-01 4.125920e-01
    outer loop
      vertex   -1.931890e+02 -8.307813e+01 1.176765e+02
      vertex   -1.930927e+02 -8.329688e+01 1.172882e+02
      vertex   -1.928439e+02 -8.331250e+01 1.174331e+02
    endloop
  endfacet
  facet normal -3.191368e-01 -8.670860e-01 3.825096e-01
    outer loop
      vertex   -1.931890e+02 -8.307813e+01 1.176765e+02
      vertex   -1.928439e+02 -8.331250e+01 1.174331e+02
      vertex   -1.929935e+02 -8.309375e+01 1.178042e+02
    endloop
  endfacet
  facet normal -3.492511e-01 -8.620079e-01 3.673773e-01
    outer loop
      vertex   -1.929935e+02 -8.309375e+01 1.178042e+02
      vertex   -1.928439e+02 -8.331250e+01 1.174331e+02
      vertex   -1.926178e+02 -8.332813e+01 1.176114e+02
    endloop
  endfacet
  facet normal -3.694744e-01 -8.670860e-01 3.341416e-01
    outer loop
      vertex   -1.929935e+02 -8.309375e+01 1.178042e+02
      vertex   -1.926178e+02 -8.332813e+01 1.176114e+02
      vertex   -1.928178e+02 -8.310938e+01 1.179579e+02
    endloop
  endfacet
  facet normal -3.971776e-01 -8.620079e-01 3.149481e-01
    outer loop
      vertex   -1.928178e+02 -8.310938e+01 1.179579e+02
      vertex   -1.926178e+02 -8.332813e+01 1.176114e+02
      vertex   -1.924188e+02 -8.334375e+01 1.178195e+02
    endloop
  endfacet
  facet normal -4.125563e-01 -8.670860e-01 2.792117e-01
    outer loop
      vertex   -1.928178e+02 -8.310938e+01 1.179579e+02
      vertex   -1.924188e+02 -8.334375e+01 1.178195e+02
      vertex   -1.926653e+02 -8.312500e+01 1.181347e+02
    endloop
  endfacet
  facet normal -4.373045e-01 -8.620079e-01 2.563341e-01
    outer loop
      vertex   -1.926653e+02 -8.312500e+01 1.181347e+02
      vertex   -1.924188e+02 -8.334375e+01 1.178195e+02
      vertex   -1.922509e+02 -8.335938e+01 1.180534e+02
    endloop
  endfacet
  facet normal -4.475366e-01 -8.670860e-01 2.187988e-01
    outer loop
      vertex   -1.926653e+02 -8.312500e+01 1.181347e+02
      vertex   -1.922509e+02 -8.335938e+01 1.180534e+02
      vertex   -1.925390e+02 -8.314063e+01 1.183310e+02
    endloop
  endfacet
  facet normal -4.688437e-01 -8.620079e-01 1.926862e-01
    outer loop
      vertex   -1.925390e+02 -8.314063e+01 1.183310e+02
      vertex   -1.922509e+02 -8.335938e+01 1.180534e+02
      vertex   -1.921174e+02 -8.337500e+01 1.183085e+02
    endloop
  endfacet
  facet normal -4.737282e-01 -8.670860e-01 1.540892e-01
    outer loop
      vertex   -1.925390e+02 -8.314063e+01 1.183310e+02
      vertex   -1.921174e+02 -8.337500e+01 1.183085e+02
      vertex   -1.924414e+02 -8.315625e+01 1.185431e+02
    endloop
  endfacet
  facet normal -4.911758e-01 -8.620079e-01 1.252545e-01
    outer loop
      vertex   -1.924414e+02 -8.315625e+01 1.185431e+02
      vertex   -1.921174e+02 -8.337500e+01 1.183085e+02
      vertex   -1.920208e+02 -8.339063e+01 1.185798e+02
    endloop
  endfacet
  facet normal -4.906169e-01 -8.670860e-01 8.635354e-02
    outer loop
      vertex   -1.924414e+02 -8.315625e+01 1.185431e+02
      vertex   -1.920208e+02 -8.339063e+01 1.185798e+02
      vertex   -1.923745e+02 -8.317188e+01 1.187668e+02
    endloop
  endfacet
  facet normal -5.038624e-01 -8.620079e-01 5.536297e-02
    outer loop
      vertex   -1.923745e+02 -8.317188e+01 1.187668e+02
      vertex   -1.920208e+02 -8.339063e+01 1.185798e+02
      vertex   -1.919631e+02 -8.340625e+01 1.188619e+02
    endloop
  endfacet
  facet normal -4.978710e-01 -8.670860e-01 1.692214e-02
    outer loop
      vertex   -1.923745e+02 -8.317188e+01 1.187668e+02
      vertex   -1.919631e+02 -8.340625e+01 1.188619e+02
      vertex   -1.923394e+02 -8.318750e+01 1.189976e+02
    endloop
  endfacet
  facet normal -5.066542e-01 -8.620079e-01 -1.561572e-02
    outer loop
      vertex   -1.923394e+02 -8.318750e+01 1.189976e+02
      vertex   -1.919631e+02 -8.340625e+01 1.188619e+02
      vertex   -1.919453e+02 -8.342188e+01 1.191493e+02
    endloop
  endfacet
  facet normal -4.953480e-01 -8.670860e-01 -5.284158e-02
    outer loop
      vertex   -1.923394e+02 -8.318750e+01 1.189976e+02
      vertex   -1.919453e+02 -8.342188e+01 1.191493e+02
      vertex   -1.923370e+02 -8.320313e+01 1.192311e+02
    endloop
  endfacet
  facet normal -4.994965e-01 -8.620079e-01 -8.628776e-02
    outer loop
      vertex   -1.923370e+02 -8.320313e+01 1.192311e+02
      vertex   -1.919453e+02 -8.342188e+01 1.191493e+02
      vertex   -1.919679e+02 -8.343750e+01 1.194363e+02
    endloop
  endfacet
  facet normal -4.830975e-01 -8.670860e-01 -1.215676e-01
    outer loop
      vertex   -1.923370e+02 -8.320313e+01 1.192311e+02
      vertex   -1.919679e+02 -8.343750e+01 1.194363e+02
      vertex   -1.923672e+02 -8.321875e+01 1.194626e+02
    endloop
  endfacet
  facet normal -4.825298e-01 -8.620079e-01 -1.552653e-01
    outer loop
      vertex   -1.923672e+02 -8.321875e+01 1.194626e+02
      vertex   -1.919679e+02 -8.343750e+01 1.194363e+02
      vertex   -1.920305e+02 -8.345313e+01 1.197174e+02
    endloop
  endfacet
  facet normal -4.613601e-01 -8.670860e-01 -1.879063e-01
    outer loop
      vertex   -1.923672e+02 -8.321875e+01 1.194626e+02
      vertex   -1.920305e+02 -8.345313e+01 1.197174e+02
      vertex   -1.924294e+02 -8.323438e+01 1.196876e+02
    endloop
  endfacet
  facet normal -4.560874e-01 -8.620079e-01 -2.211938e-01
    outer loop
      vertex   -1.924294e+02 -8.323438e+01 1.196876e+02
      vertex   -1.920305e+02 -8.345313e+01 1.197174e+02
      vertex   -1.921317e+02 -8.346875e+01 1.199870e+02
    endloop
  endfacet
  facet normal -4.305626e-01 -8.670860e-01 -2.505550e-01
    outer loop
      vertex   -1.924294e+02 -8.323438e+01 1.196876e+02
      vertex   -1.921317e+02 -8.346875e+01 1.199870e+02
      vertex   -1.925226e+02 -8.325000e+01 1.199017e+02
    endloop
  endfacet
  facet normal -4.206883e-01 -8.620079e-01 -2.827785e-01
    outer loop
      vertex   -1.925226e+02 -8.325000e+01 1.199017e+02
      vertex   -1.921317e+02 -8.346875e+01 1.199870e+02
      vertex   -1.922696e+02 -8.348438e+01 1.202397e+02
    endloop
  endfacet
  facet normal -3.913098e-01 -8.670860e-01 -3.082833e-01
    outer loop
      vertex   -1.925226e+02 -8.325000e+01 1.199017e+02
      vertex   -1.922696e+02 -8.348438e+01 1.202397e+02
      vertex   -1.926447e+02 -8.326563e+01 1.201006e+02
    endloop
  endfacet
  facet normal -3.770279e-01 -8.620079e-01 -3.388101e-01
    outer loop
      vertex   -1.926447e+02 -8.326563e+01 1.201006e+02
      vertex   -1.922696e+02 -8.348438e+01 1.202397e+02
      vertex   -1.924415e+02 -8.350000e+01 1.204708e+02
    endloop
  endfacet
  facet normal -3.443725e-01 -8.670860e-01 -3.599576e-01
    outer loop
      vertex   -1.926447e+02 -8.326563e+01 1.201006e+02
      vertex   -1.924415e+02 -8.350000e+01 1.204708e+02
      vertex   -1.927934e+02 -8.328125e+01 1.202806e+02
    endloop
  endfacet
  facet normal -3.259636e-01 -8.620079e-01 -3.881882e-01
    outer loop
      vertex   -1.927934e+02 -8.328125e+01 1.202806e+02
      vertex   -1.924415e+02 -8.350000e+01 1.204708e+02
      vertex   -1.926439e+02 -8.351563e+01 1.206755e+02
    endloop
  endfacet
  facet normal -2.906726e-01 -8.670860e-01 -4.045632e-01
    outer loop
      vertex   -1.927934e+02 -8.328125e+01 1.202806e+02
      vertex   -1.926439e+02 -8.351563e+01 1.206755e+02
      vertex   -1.929659e+02 -8.329688e+01 1.204380e+02
    endloop
  endfacet
  facet normal -2.684980e-01 -8.620079e-01 -4.299432e-01
    outer loop
      vertex   -1.929659e+02 -8.329688e+01 1.204380e+02
      vertex   -1.926439e+02 -8.351563e+01 1.206755e+02
      vertex   -1.928730e+02 -8.353125e+01 1.208499e+02
    endloop
  endfacet
  facet normal -2.312645e-01 -8.670860e-01 -4.412241e-01
    outer loop
      vertex   -1.929659e+02 -8.329688e+01 1.204380e+02
      vertex   -1.928730e+02 -8.353125e+01 1.208499e+02
      vertex   -1.931586e+02 -8.331250e+01 1.205697e+02
    endloop
  endfacet
  facet normal -2.057598e-01 -8.620079e-01 -4.632551e-01
    outer loop
      vertex   -1.931586e+02 -8.331250e+01 1.205697e+02
      vertex   -1.928730e+02 -8.353125e+01 1.208499e+02
      vertex   -1.931243e+02 -8.354688e+01 1.209905e+02
    endloop
  endfacet
  facet normal -1.673148e-01 -8.670860e-01 -4.692203e-01
    outer loop
      vertex   -1.931586e+02 -8.331250e+01 1.205697e+02
      vertex   -1.931243e+02 -8.354688e+01 1.209905e+02
      vertex   -1.933679e+02 -8.332813e+01 1.206732e+02
    endloop
  endfacet
  facet normal -1.389808e-01 -8.620079e-01 -4.874697e-01
    outer loop
      vertex   -1.933679e+02 -8.332813e+01 1.206732e+02
      vertex   -1.931243e+02 -8.354688e+01 1.209905e+02
      vertex   -1.933927e+02 -8.356250e+01 1.210947e+02
    endloop
  endfacet
  facet normal -1.000795e-01 -8.670860e-01 -4.880021e-01
    outer loop
      vertex   -1.933679e+02 -8.332813e+01 1.206732e+02
      vertex   -1.933927e+02 -8.356250e+01 1.210947e+02
      vertex   -1.935896e+02 -8.334375e+01 1.207464e+02
    endloop
  endfacet
  facet normal -6.947265e-02 -8.620079e-01 -5.021115e-01
    outer loop
      vertex   -1.935896e+02 -8.334375e+01 1.207464e+02
      vertex   -1.933927e+02 -8.356250e+01 1.210947e+02
      vertex   -1.936731e+02 -8.357813e+01 1.211603e+02
    endloop
  endfacet
  facet normal -3.087890e-02 -8.670860e-01 -4.972006e-01
    outer loop
      vertex   -1.935896e+02 -8.334375e+01 1.207464e+02
      vertex   -1.936731e+02 -8.357813e+01 1.211603e+02
      vertex   -1.938193e+02 -8.335938e+01 1.207879e+02
    endloop
  endfacet
  facet normal 1.399827e-03 -8.620079e-01 -5.068929e-01
    outer loop
      vertex   -1.938193e+02 -8.335938e+01 1.207879e+02
      vertex   -1.936731e+02 -8.357813e+01 1.211603e+02
      vertex   -1.939599e+02 -8.359375e+01 1.211861e+02
    endloop
  endfacet
  facet normal 3.892813e-02 -8.670860e-01 -4.966352e-01
    outer loop
      vertex   -1.938193e+02 -8.335938e+01 1.207879e+02
      vertex   -1.939599e+02 -8.359375e+01 1.211861e+02
      vertex   -1.940526e+02 -8.337500e+01 1.207969e+02
    endloop
  endfacet
  facet normal 7.224481e-02 -8.620079e-01 -5.017201e-01
    outer loop
      vertex   -1.940526e+02 -8.337500e+01 1.207969e+02
      vertex   -1.939599e+02 -8.359375e+01 1.211861e+02
      vertex   -1.942475e+02 -8.360938e+01 1.211715e+02
    endloop
  endfacet
  facet normal 1.079707e-01 -8.670860e-01 -4.863170e-01
    outer loop
      vertex   -1.940526e+02 -8.337500e+01 1.207969e+02
      vertex   -1.942475e+02 -8.360938e+01 1.211715e+02
      vertex   -1.942849e+02 -8.339063e+01 1.207732e+02
    endloop
  endfacet
  facet normal 1.416711e-01 -8.620079e-01 -4.866946e-01
    outer loop
      vertex   -1.942849e+02 -8.339063e+01 1.207732e+02
      vertex   -1.942475e+02 -8.360938e+01 1.211715e+02
      vertex   -1.945302e+02 -8.362500e+01 1.211169e+02
    endloop
  endfacet
  facet normal 1.748930e-01 -8.670860e-01 -4.664487e-01
    outer loop
      vertex   -1.942849e+02 -8.339063e+01 1.207732e+02
      vertex   -1.945302e+02 -8.362500e+01 1.211169e+02
      vertex   -1.945115e+02 -8.340625e+01 1.207173e+02
    endloop
  endfacet
  facet normal 2.083152e-01 -8.620079e-01 -4.621116e-01
    outer loop
      vertex   -1.945115e+02 -8.340625e+01 1.207173e+02
      vertex   -1.945302e+02 -8.362500e+01 1.211169e+02
      vertex   -1.948025e+02 -8.364063e+01 1.210233e+02
    endloop
  endfacet
  facet normal 2.383807e-01 -8.670860e-01 -4.374203e-01
    outer loop
      vertex   -1.945115e+02 -8.340625e+01 1.207173e+02
      vertex   -1.948025e+02 -8.364063e+01 1.210233e+02
      vertex   -1.947282e+02 -8.342188e+01 1.206302e+02
    endloop
  endfacet
  facet normal 2.708685e-01 -8.620079e-01 -4.284537e-01
    outer loop
      vertex   -1.947282e+02 -8.342188e+01 1.206302e+02
      vertex   -1.948025e+02 -8.364063e+01 1.210233e+02
      vertex   -1.950590e+02 -8.365625e+01 1.208926e+02
    endloop
  endfacet
  facet normal 2.971872e-01 -8.670860e-01 -3.998020e-01
    outer loop
      vertex   -1.947282e+02 -8.342188e+01 1.206302e+02
      vertex   -1.950590e+02 -8.365625e+01 1.208926e+02
      vertex   -1.949305e+02 -8.343750e+01 1.205137e+02
    endloop
  endfacet
  facet normal 3.281026e-01 -8.620079e-01 -3.863820e-01
    outer loop
      vertex   -1.949305e+02 -8.343750e+01 1.205137e+02
      vertex   -1.950590e+02 -8.365625e+01 1.208926e+02
      vertex   -1.952948e+02 -8.367188e+01 1.207272e+02
    endloop
  endfacet
  facet normal 3.501577e-01 -8.670860e-01 -3.543325e-01
    outer loop
      vertex   -1.949305e+02 -8.343750e+01 1.205137e+02
      vertex   -1.952948e+02 -8.367188e+01 1.207272e+02
      vertex   -1.951145e+02 -8.345313e+01 1.203700e+02
    endloop
  endfacet
  facet normal 3.788935e-01 -8.620079e-01 -3.367226e-01
    outer loop
      vertex   -1.951145e+02 -8.345313e+01 1.203700e+02
      vertex   -1.952948e+02 -8.367188e+01 1.207272e+02
      vertex   -1.955051e+02 -8.368750e+01 1.205306e+02
    endloop
  endfacet
  facet normal 3.962518e-01 -8.670860e-01 -3.019047e-01
    outer loop
      vertex   -1.951145e+02 -8.345313e+01 1.203700e+02
      vertex   -1.955051e+02 -8.368750e+01 1.205306e+02
      vertex   -1.952767e+02 -8.346875e+01 1.202021e+02
    endloop
  endfacet
  facet normal 4.222437e-01 -8.620079e-01 -2.804507e-01
    outer loop
      vertex   -1.952767e+02 -8.346875e+01 1.202021e+02
      vertex   -1.955051e+02 -8.368750e+01 1.205306e+02
      vertex   -1.956858e+02 -8.370313e+01 1.203064e+02
    endloop
  endfacet
  facet normal 4.345644e-01 -8.670860e-01 -2.435482e-01
    outer loop
      vertex   -1.952767e+02 -8.346875e+01 1.202021e+02
      vertex   -1.956858e+02 -8.370313e+01 1.203064e+02
      vertex   -1.954138e+02 -8.348438e+01 1.200131e+02
    endloop
  endfacet
  facet normal 4.573021e-01 -8.620079e-01 -2.186714e-01
    outer loop
      vertex   -1.954138e+02 -8.348438e+01 1.200131e+02
      vertex   -1.956858e+02 -8.370313e+01 1.203064e+02
      vertex   -1.958335e+02 -8.371875e+01 1.200592e+02
    endloop
  endfacet
  facet normal 4.643431e-01 -8.670860e-01 -1.804089e-01
    outer loop
      vertex   -1.954138e+02 -8.348438e+01 1.200131e+02
      vertex   -1.958335e+02 -8.371875e+01 1.200592e+02
      vertex   -1.955231e+02 -8.350000e+01 1.198068e+02
    endloop
  endfacet
  facet normal 4.833800e-01 -8.620079e-01 -1.525979e-01
    outer loop
      vertex   -1.955231e+02 -8.350000e+01 1.198068e+02
      vertex   -1.958335e+02 -8.371875e+01 1.200592e+02
      vertex   -1.959452e+02 -8.373438e+01 1.197938e+02
    endloop
  endfacet
  facet normal 4.850032e-01 -8.670860e-01 -1.137268e-01
    outer loop
      vertex   -1.955231e+02 -8.350000e+01 1.198068e+02
      vertex   -1.959452e+02 -8.373438e+01 1.197938e+02
      vertex   -1.956025e+02 -8.351563e+01 1.195873e+02
    endloop
  endfacet
  facet normal 4.999655e-01 -8.620079e-01 -8.352767e-02
    outer loop
      vertex   -1.956025e+02 -8.351563e+01 1.195873e+02
      vertex   -1.959452e+02 -8.373438e+01 1.197938e+02
      vertex   -1.960186e+02 -8.375000e+01 1.195154e+02
    endloop
  endfacet
  facet normal 4.961390e-01 -8.670860e-01 -4.481137e-02
    outer loop
      vertex   -1.956025e+02 -8.351563e+01 1.195873e+02
      vertex   -1.960186e+02 -8.375000e+01 1.195154e+02
      vertex   -1.956505e+02 -8.353125e+01 1.193588e+02
    endloop
  endfacet
  facet normal 5.067328e-01 -8.620079e-01 -1.281717e-02
    outer loop
      vertex   -1.956505e+02 -8.353125e+01 1.193588e+02
      vertex   -1.960186e+02 -8.375000e+01 1.195154e+02
      vertex   -1.960524e+02 -8.376563e+01 1.192295e+02
    endloop
  endfacet
  facet normal 4.975316e-01 -8.670860e-01 2.498406e-02
    outer loop
      vertex   -1.956505e+02 -8.353125e+01 1.193588e+02
      vertex   -1.960524e+02 -8.376563e+01 1.192295e+02
      vertex   -1.956660e+02 -8.354688e+01 1.191258e+02
    endloop
  endfacet
  facet normal 5.035489e-01 -8.620079e-01 5.814502e-02
    outer loop
      vertex   -1.956660e+02 -8.354688e+01 1.191258e+02
      vertex   -1.960524e+02 -8.376563e+01 1.192295e+02
      vertex   -1.960459e+02 -8.378125e+01 1.189416e+02
    endloop
  endfacet
  facet normal 4.891539e-01 -8.670860e-01 9.428886e-02
    outer loop
      vertex   -1.956660e+02 -8.354688e+01 1.191258e+02
      vertex   -1.960459e+02 -8.378125e+01 1.189416e+02
      vertex   -1.956488e+02 -8.356250e+01 1.188930e+02
    endloop
  endfacet
  facet normal 4.904765e-01 -8.620079e-01 1.279654e-01
    outer loop
      vertex   -1.956488e+02 -8.356250e+01 1.188930e+02
      vertex   -1.960459e+02 -8.378125e+01 1.189416e+02
      vertex   -1.959993e+02 -8.379688e+01 1.186575e+02
    endloop
  endfacet
  facet normal 4.711703e-01 -8.670860e-01 1.617420e-01
    outer loop
      vertex   -1.956488e+02 -8.356250e+01 1.188930e+02
      vertex   -1.959993e+02 -8.379688e+01 1.186575e+02
      vertex   -1.955992e+02 -8.357813e+01 1.186649e+02
    endloop
  endfacet
  facet normal 4.677723e-01 -8.620079e-01 1.952728e-01
    outer loop
      vertex   -1.955992e+02 -8.357813e+01 1.186649e+02
      vertex   -1.959993e+02 -8.379688e+01 1.186575e+02
      vertex   -1.959133e+02 -8.381250e+01 1.183826e+02
    endloop
  endfacet
  facet normal 4.439339e-01 -8.670860e-01 2.260190e-01
    outer loop
      vertex   -1.955992e+02 -8.357813e+01 1.186649e+02
      vertex   -1.959133e+02 -8.381250e+01 1.183826e+02
      vertex   -1.955183e+02 -8.359375e+01 1.184459e+02
    endloop
  endfacet
  facet normal 4.358820e-01 -8.620079e-01 2.587455e-01
    outer loop
      vertex   -1.955183e+02 -8.359375e+01 1.184459e+02
      vertex   -1.959133e+02 -8.381250e+01 1.183826e+02
      vertex   -1.957898e+02 -8.382813e+01 1.181225e+02
    endloop
  endfacet
  facet normal 4.079797e-01 -8.670860e-01 2.858574e-01
    outer loop
      vertex   -1.955183e+02 -8.359375e+01 1.184459e+02
      vertex   -1.957898e+02 -8.382813e+01 1.181225e+02
      vertex   -1.954075e+02 -8.360938e+01 1.182404e+02
    endloop
  endfacet
  facet normal 3.954320e-01 -8.620079e-01 3.171370e-01
    outer loop
      vertex   -1.954075e+02 -8.360938e+01 1.182404e+02
      vertex   -1.957898e+02 -8.382813e+01 1.181225e+02
      vertex   -1.956312e+02 -8.384375e+01 1.178822e+02
    endloop
  endfacet
  facet normal 3.640137e-01 -8.670860e-01 3.400822e-01
    outer loop
      vertex   -1.954075e+02 -8.360938e+01 1.182404e+02
      vertex   -1.956312e+02 -8.384375e+01 1.178822e+02
      vertex   -1.952691e+02 -8.362500e+01 1.180524e+02
    endloop
  endfacet
  facet normal 3.472167e-01 -8.620079e-01 3.693006e-01
    outer loop
      vertex   -1.952691e+02 -8.362500e+01 1.180524e+02
      vertex   -1.956312e+02 -8.384375e+01 1.178822e+02
      vertex   -1.954405e+02 -8.385938e+01 1.176665e+02
    endloop
  endfacet
  facet normal 3.128993e-01 -8.670860e-01 3.876286e-01
    outer loop
      vertex   -1.952691e+02 -8.362500e+01 1.180524e+02
      vertex   -1.954405e+02 -8.385938e+01 1.176665e+02
      vertex   -1.951057e+02 -8.364063e+01 1.178856e+02
    endloop
  endfacet
  facet normal 2.921827e-01 -8.620079e-01 4.142121e-01
    outer loop
      vertex   -1.951057e+02 -8.364063e+01 1.178856e+02
      vertex   -1.954405e+02 -8.385938e+01 1.176665e+02
      vertex   -1.952215e+02 -8.387500e+01 1.174795e+02
    endloop
  endfacet
  facet normal 2.556403e-01 -8.670860e-01 4.275628e-01
    outer loop
      vertex   -1.951057e+02 -8.364063e+01 1.178856e+02
      vertex   -1.952215e+02 -8.387500e+01 1.174795e+02
      vertex   -1.949207e+02 -8.365625e+01 1.177433e+02
    endloop
  endfacet
  facet normal 2.314110e-01 -8.620079e-01 4.509893e-01
    outer loop
      vertex   -1.949207e+02 -8.365625e+01 1.177433e+02
      vertex   -1.952215e+02 -8.387500e+01 1.174795e+02
      vertex   -1.949786e+02 -8.389063e+01 1.173250e+02
    endloop
  endfacet
  facet normal 1.933610e-01 -8.670860e-01 4.591007e-01
    outer loop
      vertex   -1.949207e+02 -8.365625e+01 1.177433e+02
      vertex   -1.949786e+02 -8.389063e+01 1.173250e+02
      vertex   -1.947175e+02 -8.367188e+01 1.176282e+02
    endloop
  endfacet
  facet normal 1.660948e-01 -8.620079e-01 4.789101e-01
    outer loop
      vertex   -1.947175e+02 -8.367188e+01 1.176282e+02
      vertex   -1.949786e+02 -8.389063e+01 1.173250e+02
      vertex   -1.947164e+02 -8.390625e+01 1.172059e+02
    endloop
  endfacet
  facet normal 1.272846e-01 -8.670860e-01 4.816228e-01
    outer loop
      vertex   -1.947175e+02 -8.367188e+01 1.176282e+02
      vertex   -1.947164e+02 -8.390625e+01 1.172059e+02
      vertex   -1.945003e+02 -8.368750e+01 1.175426e+02
    endloop
  endfacet
  facet normal 9.751697e-02 -8.620079e-01 4.974262e-01
    outer loop
      vertex   -1.945003e+02 -8.368750e+01 1.175426e+02
      vertex   -1.947164e+02 -8.390625e+01 1.172059e+02
      vertex   -1.944401e+02 -8.392188e+01 1.171247e+02
    endloop
  endfacet
  facet normal 5.870858e-02 -8.670860e-01 4.946870e-01
    outer loop
      vertex   -1.945003e+02 -8.368750e+01 1.175426e+02
      vertex   -1.944401e+02 -8.392188e+01 1.171247e+02
      vertex   -1.942732e+02 -8.370313e+01 1.174883e+02
    endloop
  endfacet
  facet normal 2.702409e-02 -8.620079e-01 5.061739e-01
    outer loop
      vertex   -1.942732e+02 -8.370313e+01 1.174883e+02
      vertex   -1.944401e+02 -8.392188e+01 1.171247e+02
      vertex   -1.941552e+02 -8.393750e+01 1.170829e+02
    endloop
  endfacet
  facet normal -1.102033e-02 -8.670860e-01 4.980366e-01
    outer loop
      vertex   -1.942732e+02 -8.370313e+01 1.174883e+02
      vertex   -1.941552e+02 -8.393750e+01 1.170829e+02
      vertex   -1.940408e+02 -8.371875e+01 1.174663e+02
    endloop
  endfacet
  facet normal -4.399949e-02 -8.620079e-01 5.049816e-01
    outer loop
      vertex   -1.940408e+02 -8.371875e+01 1.174663e+02
      vertex   -1.941552e+02 -8.393750e+01 1.170829e+02
      vertex   -1.938673e+02 -8.395313e+01 1.170813e+02
    endloop
  endfacet
  facet normal -8.053283e-02 -8.670860e-01 4.916059e-01
    outer loop
      vertex   -1.940408e+02 -8.371875e+01 1.174663e+02
      vertex   -1.938673e+02 -8.395313e+01 1.170813e+02
      vertex   -1.938076e+02 -8.373438e+01 1.174769e+02
    endloop
  endfacet
  facet normal -1.141590e-01 -8.620079e-01 4.938725e-01
    outer loop
      vertex   -1.938076e+02 -8.373438e+01 1.174769e+02
      vertex   -1.938673e+02 -8.395313e+01 1.170813e+02
      vertex   -1.935820e+02 -8.396875e+01 1.171200e+02
    endloop
  endfacet
  facet normal -1.484638e-01 -8.670860e-01 4.755212e-01
    outer loop
      vertex   -1.938076e+02 -8.373438e+01 1.174769e+02
      vertex   -1.935820e+02 -8.396875e+01 1.171200e+02
      vertex   -1.935782e+02 -8.375000e+01 1.175200e+02
    endloop
  endfacet
  facet normal -1.820767e-01 -8.620079e-01 4.730649e-01
    outer loop
      vertex   -1.935782e+02 -8.375000e+01 1.175200e+02
      vertex   -1.935820e+02 -8.396875e+01 1.171200e+02
      vertex   -1.933049e+02 -8.398438e+01 1.171982e+02
    endloop
  endfacet
  facet normal -2.134794e-01 -8.670860e-01 4.500983e-01
    outer loop
      vertex   -1.935782e+02 -8.375000e+01 1.175200e+02
      vertex   -1.933049e+02 -8.398438e+01 1.171982e+02
      vertex   -1.933570e+02 -8.376563e+01 1.175948e+02
    endloop
  endfacet
  facet normal -2.464188e-01 -8.620079e-01 4.429674e-01
    outer loop
      vertex   -1.933570e+02 -8.376563e+01 1.175948e+02
      vertex   -1.933049e+02 -8.398438e+01 1.171982e+02
      vertex   -1.930414e+02 -8.400000e+01 1.173143e+02
    endloop
  endfacet
  facet normal -2.743026e-01 -8.670860e-01 4.158365e-01
    outer loop
      vertex   -1.933570e+02 -8.376563e+01 1.175948e+02
      vertex   -1.930414e+02 -8.400000e+01 1.173143e+02
      vertex   -1.931485e+02 -8.378125e+01 1.176998e+02
    endloop
  endfacet
  facet normal -3.059218e-01 -8.620079e-01 4.041710e-01
    outer loop
      vertex   -1.931485e+02 -8.378125e+01 1.176998e+02
      vertex   -1.930414e+02 -8.400000e+01 1.173143e+02
      vertex   -1.927967e+02 -8.401562e+01 1.174662e+02
    endloop
  endfacet
  facet normal -3.297392e-01 -8.670860e-01 3.734086e-01
    outer loop
      vertex   -1.931485e+02 -8.378125e+01 1.176998e+02
      vertex   -1.927967e+02 -8.401562e+01 1.174662e+02
      vertex   -1.929567e+02 -8.379688e+01 1.178329e+02
    endloop
  endfacet
  facet normal -3.594172e-01 -8.620079e-01 3.574376e-01
    outer loop
      vertex   -1.929567e+02 -8.379688e+01 1.178329e+02
      vertex   -1.927967e+02 -8.401562e+01 1.174662e+02
      vertex   -1.925757e+02 -8.403125e+01 1.176507e+02
    endloop
  endfacet
  facet normal -3.787005e-01 -8.670860e-01 3.236478e-01
    outer loop
      vertex   -1.929567e+02 -8.379688e+01 1.178329e+02
      vertex   -1.925757e+02 -8.403125e+01 1.176507e+02
      vertex   -1.927853e+02 -8.381250e+01 1.179915e+02
    endloop
  endfacet
  facet normal -4.058545e-01 -8.620079e-01 3.036849e-01
    outer loop
      vertex   -1.927853e+02 -8.381250e+01 1.179915e+02
      vertex   -1.925757e+02 -8.403125e+01 1.176507e+02
      vertex   -1.923827e+02 -8.404688e+01 1.178644e+02
    endloop
  endfacet
  facet normal -4.202249e-01 -8.670860e-01 2.675312e-01
    outer loop
      vertex   -1.927853e+02 -8.381250e+01 1.179915e+02
      vertex   -1.923827e+02 -8.404688e+01 1.178644e+02
      vertex   -1.926379e+02 -8.382813e+01 1.181725e+02
    endloop
  endfacet
  facet normal -4.443217e-01 -8.620079e-01 2.439685e-01
    outer loop
      vertex   -1.926379e+02 -8.382813e+01 1.181725e+02
      vertex   -1.923827e+02 -8.404688e+01 1.178644e+02
      vertex   -1.922214e+02 -8.406250e+01 1.181029e+02
    endloop
  endfacet
  facet normal -4.534970e-01 -8.670860e-01 2.061610e-01
    outer loop
      vertex   -1.926379e+02 -8.382813e+01 1.181725e+02
      vertex   -1.922214e+02 -8.406250e+01 1.181029e+02
      vertex   -1.925171e+02 -8.384375e+01 1.183723e+02
    endloop
  endfacet
  facet normal -4.740634e-01 -8.620079e-01 1.794611e-01
    outer loop
      vertex   -1.925171e+02 -8.384375e+01 1.183723e+02
      vertex   -1.922214e+02 -8.406250e+01 1.181029e+02
      vertex   -1.920950e+02 -8.407813e+01 1.183616e+02
    endloop
  endfacet
  facet normal -4.778635e-01 -8.670860e-01 1.407422e-01
    outer loop
      vertex   -1.925171e+02 -8.384375e+01 1.183723e+02
      vertex   -1.920950e+02 -8.407813e+01 1.183616e+02
      vertex   -1.924256e+02 -8.385938e+01 1.185871e+02
    endloop
  endfacet
  facet normal -4.944955e-01 -8.620079e-01 1.114296e-01
    outer loop
      vertex   -1.924256e+02 -8.385938e+01 1.185871e+02
      vertex   -1.920950e+02 -8.407813e+01 1.183616e+02
      vertex   -1.920061e+02 -8.409375e+01 1.186355e+02
    endloop
  endfacet
  facet normal -4.928458e-01 -8.670860e-01 7.255961e-02
    outer loop
      vertex   -1.924256e+02 -8.385938e+01 1.185871e+02
      vertex   -1.920061e+02 -8.409375e+01 1.186355e+02
      vertex   -1.923649e+02 -8.387500e+01 1.188125e+02
    endloop
  endfacet
  facet normal -5.052169e-01 -8.620079e-01 4.120974e-02
    outer loop
      vertex   -1.923649e+02 -8.387500e+01 1.188125e+02
      vertex   -1.920061e+02 -8.409375e+01 1.186355e+02
      vertex   -1.919563e+02 -8.410938e+01 1.189191e+02
    endloop
  endfacet
  facet normal -4.981498e-01 -8.670860e-01 2.952065e-03
    outer loop
      vertex   -1.923649e+02 -8.387500e+01 1.188125e+02
      vertex   -1.919563e+02 -8.410938e+01 1.189191e+02
      vertex   -1.923363e+02 -8.389063e+01 1.190442e+02
    endloop
  endfacet
  facet normal -5.060170e-01 -8.620079e-01 -2.981934e-02
    outer loop
      vertex   -1.923363e+02 -8.389063e+01 1.190442e+02
      vertex   -1.919563e+02 -8.410938e+01 1.189191e+02
      vertex   -1.919466e+02 -8.412500e+01 1.192069e+02
    endloop
  endfacet
  facet normal -4.936712e-01 -8.670860e-01 -6.671345e-02
    outer loop
      vertex   -1.923363e+02 -8.389063e+01 1.190442e+02
      vertex   -1.919466e+02 -8.412500e+01 1.192069e+02
      vertex   -1.923404e+02 -8.390625e+01 1.192777e+02
    endloop
  endfacet
  facet normal -4.968800e-01 -8.620079e-01 -1.002628e-01
    outer loop
      vertex   -1.923404e+02 -8.390625e+01 1.192777e+02
      vertex   -1.919466e+02 -8.412500e+01 1.192069e+02
      vertex   -1.919773e+02 -8.414063e+01 1.194932e+02
    endloop
  endfacet
  facet normal -4.794980e-01 -8.670860e-01 -1.350689e-01
    outer loop
      vertex   -1.923404e+02 -8.390625e+01 1.192777e+02
      vertex   -1.919773e+02 -8.414063e+01 1.194932e+02
      vertex   -1.923771e+02 -8.392188e+01 1.195082e+02
    endloop
  endfacet
  facet normal -4.779854e-01 -8.620079e-01 -1.687374e-01
    outer loop
      vertex   -1.923771e+02 -8.392188e+01 1.195082e+02
      vertex   -1.919773e+02 -8.414063e+01 1.194932e+02
      vertex   -1.920477e+02 -8.415625e+01 1.197724e+02
    endloop
  endfacet
  facet normal -4.559085e-01 -8.670860e-01 -2.007718e-01
    outer loop
      vertex   -1.923771e+02 -8.392188e+01 1.195082e+02
      vertex   -1.920477e+02 -8.415625e+01 1.197724e+02
      vertex   -1.924457e+02 -8.393750e+01 1.197314e+02
    endloop
  endfacet
  facet normal -4.497043e-01 -8.620079e-01 -2.338983e-01
    outer loop
      vertex   -1.924457e+02 -8.393750e+01 1.197314e+02
      vertex   -1.920477e+02 -8.415625e+01 1.197724e+02
      vertex   -1.921564e+02 -8.417188e+01 1.200390e+02
    endloop
  endfacet
  facet normal -4.233661e-01 -8.670860e-01 -2.625321e-01
    outer loop
      vertex   -1.924457e+02 -8.393750e+01 1.197314e+02
      vertex   -1.921564e+02 -8.417188e+01 1.200390e+02
      vertex   -1.925447e+02 -8.395313e+01 1.199428e+02
    endloop
  endfacet
  facet normal -4.125920e-01 -8.620079e-01 -2.944660e-01
    outer loop
      vertex   -1.925447e+02 -8.395313e+01 1.199428e+02
      vertex   -1.921564e+02 -8.417188e+01 1.200390e+02
      vertex   -1.923013e+02 -8.418750e+01 1.202878e+02
    endloop
  endfacet
  facet normal -3.825096e-01 -8.670860e-01 -3.191368e-01
    outer loop
      vertex   -1.925447e+02 -8.395313e+01 1.199428e+02
      vertex   -1.923013e+02 -8.418750e+01 1.202878e+02
      vertex   -1.926724e+02 -8.396875e+01 1.201383e+02
    endloop
  endfacet
  facet normal -3.673773e-01 -8.620079e-01 -3.492511e-01
    outer loop
      vertex   -1.926724e+02 -8.396875e+01 1.201383e+02
      vertex   -1.923013e+02 -8.418750e+01 1.202878e+02
      vertex   -1.924796e+02 -8.420313e+01 1.205139e+02
    endloop
  endfacet
  facet normal -3.341416e-01 -8.670860e-01 -3.694744e-01
    outer loop
      vertex   -1.926724e+02 -8.396875e+01 1.201383e+02
      vertex   -1.924796e+02 -8.420313e+01 1.205139e+02
      vertex   -1.928261e+02 -8.398438e+01 1.203140e+02
    endloop
  endfacet
  facet normal -3.149481e-01 -8.620079e-01 -3.971776e-01
    outer loop
      vertex   -1.928261e+02 -8.398438e+01 1.203140e+02
      vertex   -1.924796e+02 -8.420313e+01 1.205139e+02
      vertex   -1.926878e+02 -8.421875e+01 1.207129e+02
    endloop
  endfacet
  facet normal -2.792117e-01 -8.670860e-01 -4.125563e-01
    outer loop
      vertex   -1.928261e+02 -8.398438e+01 1.203140e+02
      vertex   -1.926878e+02 -8.421875e+01 1.207129e+02
      vertex   -1.930029e+02 -8.400000e+01 1.204664e+02
    endloop
  endfacet
  facet normal -2.563341e-01 -8.620079e-01 -4.373045e-01
    outer loop
      vertex   -1.930029e+02 -8.400000e+01 1.204664e+02
      vertex   -1.926878e+02 -8.421875e+01 1.207129e+02
      vertex   -1.929217e+02 -8.423438e+01 1.208808e+02
    endloop
  endfacet
  facet normal -2.187988e-01 -8.670860e-01 -4.475366e-01
    outer loop
      vertex   -1.930029e+02 -8.400000e+01 1.204664e+02
      vertex   -1.929217e+02 -8.423438e+01 1.208808e+02
      vertex   -1.931993e+02 -8.401562e+01 1.205927e+02
    endloop
  endfacet
  facet normal -1.926862e-01 -8.620079e-01 -4.688437e-01
    outer loop
      vertex   -1.931993e+02 -8.401562e+01 1.205927e+02
      vertex   -1.929217e+02 -8.423438e+01 1.208808e+02
      vertex   -1.931768e+02 -8.425000e+01 1.210144e+02
    endloop
  endfacet
  facet normal -1.540892e-01 -8.670860e-01 -4.737282e-01
    outer loop
      vertex   -1.931993e+02 -8.401562e+01 1.205927e+02
      vertex   -1.931768e+02 -8.425000e+01 1.210144e+02
      vertex   -1.934114e+02 -8.403125e+01 1.206903e+02
    endloop
  endfacet
  facet normal -1.252545e-01 -8.620079e-01 -4.911758e-01
    outer loop
      vertex   -1.934114e+02 -8.403125e+01 1.206903e+02
      vertex   -1.931768e+02 -8.425000e+01 1.210144e+02
      vertex   -1.934480e+02 -8.426563e+01 1.211110e+02
    endloop
  endfacet
  facet normal -8.635354e-02 -8.670860e-01 -4.906169e-01
    outer loop
      vertex   -1.934114e+02 -8.403125e+01 1.206903e+02
      vertex   -1.934480e+02 -8.426563e+01 1.211110e+02
      vertex   -1.936350e+02 -8.404688e+01 1.207573e+02
    endloop
  endfacet
  facet normal -5.536297e-02 -8.620079e-01 -5.038624e-01
    outer loop
      vertex   -1.936350e+02 -8.404688e+01 1.207573e+02
      vertex   -1.934480e+02 -8.426563e+01 1.211110e+02
      vertex   -1.937301e+02 -8.428125e+01 1.211687e+02
    endloop
  endfacet
  facet normal -1.692214e-02 -8.670860e-01 -4.978710e-01
    outer loop
      vertex   -1.936350e+02 -8.404688e+01 1.207573e+02
      vertex   -1.937301e+02 -8.428125e+01 1.211687e+02
      vertex   -1.938659e+02 -8.406250e+01 1.207923e+02
    endloop
  endfacet
  facet normal 1.561572e-02 -8.620079e-01 -5.066542e-01
    outer loop
      vertex   -1.938659e+02 -8.406250e+01 1.207923e+02
      vertex   -1.937301e+02 -8.428125e+01 1.211687e+02
      vertex   -1.940175e+02 -8.429688e+01 1.211864e+02
    endloop
  endfacet
  facet normal 5.284158e-02 -8.670860e-01 -4.953480e-01
    outer loop
      vertex   -1.938659e+02 -8.406250e+01 1.207923e+02
      vertex   -1.940175e+02 -8.429688e+01 1.211864e+02
      vertex   -1.940993e+02 -8.407813e+01 1.207948e+02
    endloop
  endfacet
  facet normal 8.628776e-02 -8.620079e-01 -4.994965e-01
    outer loop
      vertex   -1.940993e+02 -8.407813e+01 1.207948e+02
      vertex   -1.940175e+02 -8.429688e+01 1.211864e+02
      vertex   -1.943046e+02 -8.431250e+01 1.211638e+02
    endloop
  endfacet
  facet normal 1.215676e-01 -8.670860e-01 -4.830975e-01
    outer loop
      vertex   -1.940993e+02 -8.407813e+01 1.207948e+02
      vertex   -1.943046e+02 -8.431250e+01 1.211638e+02
      vertex   -1.943308e+02 -8.409375e+01 1.207646e+02
    endloop
  endfacet
  facet normal 1.552653e-01 -8.620079e-01 -4.825298e-01
    outer loop
      vertex   -1.943308e+02 -8.409375e+01 1.207646e+02
      vertex   -1.943046e+02 -8.431250e+01 1.211638e+02
      vertex   -1.945856e+02 -8.432812e+01 1.211013e+02
    endloop
  endfacet
  facet normal 1.879063e-01 -8.670860e-01 -4.613601e-01
    outer loop
      vertex   -1.943308e+02 -8.409375e+01 1.207646e+02
      vertex   -1.945856e+02 -8.432812e+01 1.211013e+02
      vertex   -1.945558e+02 -8.410938e+01 1.207023e+02
    endloop
  endfacet
  facet normal 2.211938e-01 -8.620079e-01 -4.560874e-01
    outer loop
      vertex   -1.945558e+02 -8.410938e+01 1.207023e+02
      vertex   -1.945856e+02 -8.432812e+01 1.211013e+02
      vertex   -1.948552e+02 -8.434375e+01 1.210001e+02
    endloop
  endfacet
  facet normal 2.505550e-01 -8.670860e-01 -4.305626e-01
    outer loop
      vertex   -1.945558e+02 -8.410938e+01 1.207023e+02
      vertex   -1.948552e+02 -8.434375e+01 1.210001e+02
      vertex   -1.947699e+02 -8.412500e+01 1.206092e+02
    endloop
  endfacet
  facet normal 2.827785e-01 -8.620079e-01 -4.206883e-01
    outer loop
      vertex   -1.947699e+02 -8.412500e+01 1.206092e+02
      vertex   -1.948552e+02 -8.434375e+01 1.210001e+02
      vertex   -1.951080e+02 -8.435938e+01 1.208622e+02
    endloop
  endfacet
  facet normal 3.082833e-01 -8.670860e-01 -3.913098e-01
    outer loop
      vertex   -1.947699e+02 -8.412500e+01 1.206092e+02
      vertex   -1.951080e+02 -8.435938e+01 1.208622e+02
      vertex   -1.949689e+02 -8.414063e+01 1.204871e+02
    endloop
  endfacet
  facet normal 3.388101e-01 -8.620079e-01 -3.770279e-01
    outer loop
      vertex   -1.949689e+02 -8.414063e+01 1.204871e+02
      vertex   -1.951080e+02 -8.435938e+01 1.208622e+02
      vertex   -1.953390e+02 -8.437500e+01 1.206903e+02
    endloop
  endfacet
  facet normal 3.599576e-01 -8.670860e-01 -3.443725e-01
    outer loop
      vertex   -1.949689e+02 -8.414063e+01 1.204871e+02
      vertex   -1.953390e+02 -8.437500e+01 1.206903e+02
      vertex   -1.951488e+02 -8.415625e+01 1.203383e+02
    endloop
  endfacet
  facet normal 3.881882e-01 -8.620079e-01 -3.259636e-01
    outer loop
      vertex   -1.951488e+02 -8.415625e+01 1.203383e+02
      vertex   -1.953390e+02 -8.437500e+01 1.206903e+02
      vertex   -1.955437e+02 -8.439063e+01 1.204878e+02
    endloop
  endfacet
  facet normal 4.045632e-01 -8.670860e-01 -2.906726e-01
    outer loop
      vertex   -1.951488e+02 -8.415625e+01 1.203383e+02
      vertex   -1.955437e+02 -8.439063e+01 1.204878e+02
      vertex   -1.953062e+02 -8.417188e+01 1.201659e+02
    endloop
  endfacet
  facet normal 4.299432e-01 -8.620079e-01 -2.684980e-01
    outer loop
      vertex   -1.953062e+02 -8.417188e+01 1.201659e+02
      vertex   -1.955437e+02 -8.439063e+01 1.204878e+02
      vertex   -1.957181e+02 -8.440625e+01 1.202587e+02
    endloop
  endfacet
  facet normal 4.412241e-01 -8.670860e-01 -2.312645e-01
    outer loop
      vertex   -1.953062e+02 -8.417188e+01 1.201659e+02
      vertex   -1.957181e+02 -8.440625e+01 1.202587e+02
      vertex   -1.954379e+02 -8.418750e+01 1.199731e+02
    endloop
  endfacet
  facet normal 4.632551e-01 -8.620079e-01 -2.057598e-01
    outer loop
      vertex   -1.954379e+02 -8.418750e+01 1.199731e+02
      vertex   -1.957181e+02 -8.440625e+01 1.202587e+02
      vertex   -1.958588e+02 -8.442188e+01 1.200075e+02
    endloop
  endfacet
  facet normal 4.692203e-01 -8.670860e-01 -1.673148e-01
    outer loop
      vertex   -1.954379e+02 -8.418750e+01 1.199731e+02
      vertex   -1.958588e+02 -8.442188e+01 1.200075e+02
      vertex   -1.955414e+02 -8.420313e+01 1.197638e+02
    endloop
  endfacet
  facet normal 4.874697e-01 -8.620079e-01 -1.389808e-01
    outer loop
      vertex   -1.955414e+02 -8.420313e+01 1.197638e+02
      vertex   -1.958588e+02 -8.442188e+01 1.200075e+02
      vertex   -1.959630e+02 -8.443750e+01 1.197390e+02
    endloop
  endfacet
  facet normal 4.880021e-01 -8.670860e-01 -1.000795e-01
    outer loop
      vertex   -1.955414e+02 -8.420313e+01 1.197638e+02
      vertex   -1.959630e+02 -8.443750e+01 1.197390e+02
      vertex   -1.956147e+02 -8.421875e+01 1.195422e+02
    endloop
  endfacet
  facet normal 5.021115e-01 -8.620079e-01 -6.947265e-02
    outer loop
      vertex   -1.956147e+02 -8.421875e+01 1.195422e+02
      vertex   -1.959630e+02 -8.443750e+01 1.197390e+02
      vertex   -1.960286e+02 -8.445313e+01 1.194587e+02
    endloop
  endfacet
  facet normal 4.972006e-01 -8.670860e-01 -3.087890e-02
    outer loop
      vertex   -1.956147e+02 -8.421875e+01 1.195422e+02
      vertex   -1.960286e+02 -8.445313e+01 1.194587e+02
      vertex   -1.956562e+02 -8.423438e+01 1.193124e+02
    endloop
  endfacet
  facet normal 5.068929e-01 -8.620079e-01 1.399827e-03
    outer loop
      vertex   -1.956562e+02 -8.423438e+01 1.193124e+02
      vertex   -1.960286e+02 -8.445313e+01 1.194587e+02
      vertex   -1.960544e+02 -8.446875e+01 1.191719e+02
    endloop
  endfacet
  facet normal 4.966352e-01 -8.670860e-01 3.892813e-02
    outer loop
      vertex   -1.956562e+02 -8.423438e+01 1.193124e+02
      vertex   -1.960544e+02 -8.446875e+01 1.191719e+02
      vertex   -1.956652e+02 -8.425000e+01 1.190791e+02
    endloop
  endfacet
  facet normal 5.017201e-01 -8.620079e-01 7.224481e-02
    outer loop
      vertex   -1.956652e+02 -8.425000e+01 1.190791e+02
      vertex   -1.960544e+02 -8.446875e+01 1.191719e+02
      vertex   -1.960398e+02 -8.448438e+01 1.188843e+02
    endloop
  endfacet
  facet normal 4.863170e-01 -8.670860e-01 1.079707e-01
    outer loop
      vertex   -1.956652e+02 -8.425000e+01 1.190791e+02
      vertex   -1.960398e+02 -8.448438e+01 1.188843e+02
      vertex   -1.956415e+02 -8.426563e+01 1.188469e+02
    endloop
  endfacet
  facet normal 4.866946e-01 -8.620079e-01 1.416711e-01
    outer loop
      vertex   -1.956415e+02 -8.426563e+01 1.188469e+02
      vertex   -1.960398e+02 -8.448438e+01 1.188843e+02
      vertex   -1.959852e+02 -8.450000e+01 1.186016e+02
    endloop
  endfacet
  facet normal 4.664487e-01 -8.670860e-01 1.748930e-01
    outer loop
      vertex   -1.956415e+02 -8.426563e+01 1.188469e+02
      vertex   -1.959852e+02 -8.450000e+01 1.186016e+02
      vertex   -1.955855e+02 -8.428125e+01 1.186202e+02
    endloop
  endfacet
  facet normal 4.628944e-01 -8.629510e-01 2.025943e-01
    outer loop
      vertex   -1.955855e+02 -8.428125e+01 1.186202e+02
      vertex   -1.959852e+02 -8.450000e+01 1.186016e+02
      vertex   -1.958905e+02 -8.450000e+01 1.183853e+02
    endloop
  endfacet
  facet normal 4.379330e-01 -8.667766e-01 2.385645e-01
    outer loop
      vertex   -1.955855e+02 -8.428125e+01 1.186202e+02
      vertex   -1.958905e+02 -8.450000e+01 1.183853e+02
      vertex   -1.954984e+02 -8.429688e+01 1.184036e+02
    endloop
  endfacet
  facet normal 4.354447e-01 -8.634283e-01 2.547146e-01
    outer loop
      vertex   -1.954984e+02 -8.429688e+01 1.184036e+02
      vertex   -1.958905e+02 -8.450000e+01 1.183853e+02
      vertex   -1.957713e+02 -8.450000e+01 1.181815e+02
    endloop
  endfacet
  facet normal 4.017983e-01 -8.658016e-01 2.982376e-01
    outer loop
      vertex   -1.954984e+02 -8.429688e+01 1.184036e+02
      vertex   -1.957713e+02 -8.450000e+01 1.181815e+02
      vertex   -1.953819e+02 -8.431250e+01 1.182013e+02
    endloop
  endfacet
  facet normal 4.009328e-01 -8.645150e-01 3.030952e-01
    outer loop
      vertex   -1.953819e+02 -8.431250e+01 1.182013e+02
      vertex   -1.957713e+02 -8.450000e+01 1.181815e+02
      vertex   -1.956290e+02 -8.450000e+01 1.179932e+02
    endloop
  endfacet
  facet normal 3.622094e-01 -8.643293e-01 3.489115e-01
    outer loop
      vertex   -1.953819e+02 -8.431250e+01 1.182013e+02
      vertex   -1.956290e+02 -8.450000e+01 1.179932e+02
      vertex   -1.954653e+02 -8.450000e+01 1.178233e+02
    endloop
  endfacet
  facet normal -3.151899e-01 -8.618101e-01 -3.974150e-01
    outer loop
      vertex   -1.926878e+02 -8.071875e+01 1.207129e+02
      vertex   -1.928084e+02 -8.050000e+01 1.203342e+02
      vertex   -1.924796e+02 -8.070313e+01 1.205139e+02
    endloop
  endfacet
  facet normal -3.344579e-01 -8.673878e-01 -3.684784e-01
    outer loop
      vertex   -1.924796e+02 -8.070313e+01 1.205139e+02
      vertex   -1.928084e+02 -8.050000e+01 1.203342e+02
      vertex   -1.926341e+02 -8.050000e+01 1.201760e+02
    endloop
  endfacet
  facet normal -3.679585e-01 -8.615859e-01 -3.496802e-01
    outer loop
      vertex   -1.924796e+02 -8.070313e+01 1.205139e+02
      vertex   -1.926341e+02 -8.050000e+01 1.201760e+02
      vertex   -1.923013e+02 -8.068750e+01 1.202878e+02
    endloop
  endfacet
  facet normal -3.816863e-01 -8.675553e-01 -3.188470e-01
    outer loop
      vertex   -1.923013e+02 -8.068750e+01 1.202878e+02
      vertex   -1.926341e+02 -8.050000e+01 1.201760e+02
      vertex   -1.924832e+02 -8.050000e+01 1.199954e+02
    endloop
  endfacet
  facet normal -4.135961e-01 -8.613408e-01 -2.950090e-01
    outer loop
      vertex   -1.923013e+02 -8.068750e+01 1.202878e+02
      vertex   -1.924832e+02 -8.050000e+01 1.199954e+02
      vertex   -1.921564e+02 -8.067188e+01 1.200390e+02
    endloop
  endfacet
  facet normal -4.210718e-01 -8.677220e-01 -2.641156e-01
    outer loop
      vertex   -1.921564e+02 -8.067188e+01 1.200390e+02
      vertex   -1.924832e+02 -8.050000e+01 1.199954e+02
      vertex   -1.923582e+02 -8.050000e+01 1.197960e+02
    endloop
  endfacet
  facet normal -4.511647e-01 -8.610970e-01 -2.344405e-01
    outer loop
      vertex   -1.921564e+02 -8.067188e+01 1.200390e+02
      vertex   -1.923582e+02 -8.050000e+01 1.197960e+02
      vertex   -1.920477e+02 -8.065625e+01 1.197724e+02
    endloop
  endfacet
  facet normal -4.523509e-01 -8.678160e-01 -2.056065e-01
    outer loop
      vertex   -1.920477e+02 -8.065625e+01 1.197724e+02
      vertex   -1.923582e+02 -8.050000e+01 1.197960e+02
      vertex   -1.922610e+02 -8.050000e+01 1.195823e+02
    endloop
  endfacet
  facet normal -4.797940e-01 -8.609250e-01 -1.691327e-01
    outer loop
      vertex   -1.920477e+02 -8.065625e+01 1.197724e+02
      vertex   -1.922610e+02 -8.050000e+01 1.195823e+02
      vertex   -1.919773e+02 -8.064063e+01 1.194932e+02
    endloop
  endfacet
  facet normal -4.754561e-01 -8.677925e-01 -1.444914e-01
    outer loop
      vertex   -1.919773e+02 -8.064063e+01 1.194932e+02
      vertex   -1.922610e+02 -8.050000e+01 1.195823e+02
      vertex   -1.921927e+02 -8.050000e+01 1.193576e+02
    endloop
  endfacet
  facet normal -4.987291e-01 -8.609232e-01 -1.004017e-01
    outer loop
      vertex   -1.919773e+02 -8.064063e+01 1.194932e+02
      vertex   -1.921927e+02 -8.050000e+01 1.193576e+02
      vertex   -1.919466e+02 -8.062500e+01 1.192069e+02
    endloop
  endfacet
  facet normal -4.906560e-01 -8.675100e-01 -8.175013e-02
    outer loop
      vertex   -1.919466e+02 -8.062500e+01 1.192069e+02
      vertex   -1.921927e+02 -8.050000e+01 1.193576e+02
      vertex   -1.921540e+02 -8.050000e+01 1.191252e+02
    endloop
  endfacet
  facet normal -5.073529e-01 -8.612253e-01 -2.973201e-02
    outer loop
      vertex   -1.919466e+02 -8.062500e+01 1.192069e+02
      vertex   -1.921540e+02 -8.050000e+01 1.191252e+02
      vertex   -1.919563e+02 -8.060938e+01 1.189191e+02
    endloop
  endfacet
  facet normal -4.985453e-01 -8.666685e-01 -1.839333e-02
    outer loop
      vertex   -1.919563e+02 -8.060938e+01 1.189191e+02
      vertex   -1.921540e+02 -8.050000e+01 1.191252e+02
      vertex   -1.921454e+02 -8.050000e+01 1.188904e+02
    endloop
  endfacet
  facet normal -5.049699e-01 -8.621551e-01 4.115827e-02
    outer loop
      vertex   -1.919563e+02 -8.060938e+01 1.189191e+02
      vertex   -1.921454e+02 -8.050000e+01 1.188904e+02
      vertex   -1.920061e+02 -8.059375e+01 1.186355e+02
    endloop
  endfacet
  facet normal -4.999669e-01 -8.648801e-01 4.489410e-02
    outer loop
      vertex   -1.920061e+02 -8.059375e+01 1.186355e+02
      vertex   -1.921454e+02 -8.050000e+01 1.188904e+02
      vertex   -1.921664e+02 -8.050000e+01 1.186562e+02
    endloop
  endfacet
  facet normal -4.915447e-01 -8.642409e-01 1.071045e-01
    outer loop
      vertex   -1.920061e+02 -8.059375e+01 1.186355e+02
      vertex   -1.921664e+02 -8.050000e+01 1.186562e+02
      vertex   -1.922166e+02 -8.050000e+01 1.184259e+02
    endloop
  endfacet
  facet normal -4.948897e-01 -8.617633e-01 1.115715e-01
    outer loop
      vertex   -1.920061e+02 -8.059375e+01 1.186355e+02
      vertex   -1.922166e+02 -8.050000e+01 1.184259e+02
      vertex   -1.920950e+02 -8.057813e+01 1.183616e+02
    endloop
  endfacet
  facet normal -4.699762e-01 -8.670827e-01 1.651965e-01
    outer loop
      vertex   -1.920950e+02 -8.057813e+01 1.183616e+02
      vertex   -1.922166e+02 -8.050000e+01 1.184259e+02
      vertex   -1.922946e+02 -8.050000e+01 1.182040e+02
    endloop
  endfacet
  facet normal -4.802267e-01 -8.579021e-01 1.827191e-01
    outer loop
      vertex   -1.920950e+02 -8.057813e+01 1.183616e+02
      vertex   -1.922946e+02 -8.050000e+01 1.182040e+02
      vertex   -1.922214e+02 -8.056250e+01 1.181029e+02
    endloop
  endfacet
  facet normal -4.413243e-01 -8.703205e-01 2.185751e-01
    outer loop
      vertex   -1.922214e+02 -8.056250e+01 1.181029e+02
      vertex   -1.922946e+02 -8.050000e+01 1.182040e+02
      vertex   -1.923990e+02 -8.050000e+01 1.179932e+02
    endloop
  endfacet
  facet normal -4.563639e-01 -8.531585e-01 2.526907e-01
    outer loop
      vertex   -1.922214e+02 -8.056250e+01 1.181029e+02
      vertex   -1.923990e+02 -8.050000e+01 1.179932e+02
      vertex   -1.923827e+02 -8.054688e+01 1.178644e+02
    endloop
  endfacet
  facet normal -4.064959e-01 -8.739037e-01 2.665585e-01
    outer loop
      vertex   -1.923827e+02 -8.054688e+01 1.178644e+02
      vertex   -1.923990e+02 -8.050000e+01 1.179932e+02
      vertex   -1.925284e+02 -8.050000e+01 1.177959e+02
    endloop
  endfacet
  facet normal -4.233545e-01 -8.473524e-01 3.205697e-01
    outer loop
      vertex   -1.923827e+02 -8.054688e+01 1.178644e+02
      vertex   -1.925284e+02 -8.050000e+01 1.177959e+02
      vertex   -1.925757e+02 -8.053125e+01 1.176507e+02
    endloop
  endfacet
  facet normal -3.666736e-01 -8.776735e-01 3.086093e-01
    outer loop
      vertex   -1.925757e+02 -8.053125e+01 1.176507e+02
      vertex   -1.925284e+02 -8.050000e+01 1.177959e+02
      vertex   -1.926800e+02 -8.050000e+01 1.176157e+02
    endloop
  endfacet
  facet normal -3.813119e-01 -8.402323e-01 3.855009e-01
    outer loop
      vertex   -1.925757e+02 -8.053125e+01 1.176507e+02
      vertex   -1.926800e+02 -8.050000e+01 1.176157e+02
      vertex   -1.927967e+02 -8.051563e+01 1.174662e+02
    endloop
  endfacet
  facet normal -3.228633e-01 -8.816378e-01 3.442007e-01
    outer loop
      vertex   -1.927967e+02 -8.051563e+01 1.174662e+02
      vertex   -1.926800e+02 -8.050000e+01 1.176157e+02
      vertex   -1.928517e+02 -8.050000e+01 1.174546e+02
    endloop
  endfacet
  facet normal -3.300952e-01 -8.318187e-01 4.462229e-01
    outer loop
      vertex   -1.927967e+02 -8.051563e+01 1.174662e+02
      vertex   -1.928517e+02 -8.050000e+01 1.174546e+02
      vertex   -1.930414e+02 -8.050000e+01 1.173143e+02
    endloop
  endfacet
  facet normal 3.557732e-01 -8.660754e-01 3.511963e-01
    outer loop
      vertex   -1.953819e+02 -8.431250e+01 1.182013e+02
      vertex   -1.954653e+02 -8.450000e+01 1.178233e+02
      vertex   -1.952383e+02 -8.432812e+01 1.180172e+02
    endloop
  endfacet
  facet normal 3.189213e-01 -8.630712e-01 3.916597e-01
    outer loop
      vertex   -1.952383e+02 -8.432812e+01 1.180172e+02
      vertex   -1.954653e+02 -8.450000e+01 1.178233e+02
      vertex   -1.952824e+02 -8.450000e+01 1.176744e+02
    endloop
  endfacet
  facet normal 3.016429e-01 -8.672919e-01 3.960005e-01
    outer loop
      vertex   -1.952383e+02 -8.432812e+01 1.180172e+02
      vertex   -1.952824e+02 -8.450000e+01 1.176744e+02
      vertex   -1.950703e+02 -8.434375e+01 1.178551e+02
    endloop
  endfacet
  facet normal 2.697824e-01 -8.621128e-01 4.289277e-01
    outer loop
      vertex   -1.950703e+02 -8.434375e+01 1.178551e+02
      vertex   -1.952824e+02 -8.450000e+01 1.176744e+02
      vertex   -1.950834e+02 -8.450000e+01 1.175492e+02
    endloop
  endfacet
  facet normal 2.424423e-01 -8.681002e-01 4.331555e-01
    outer loop
      vertex   -1.950703e+02 -8.434375e+01 1.178551e+02
      vertex   -1.950834e+02 -8.450000e+01 1.175492e+02
      vertex   -1.948814e+02 -8.435938e+01 1.177180e+02
    endloop
  endfacet
  facet normal 2.154433e-01 -8.614263e-01 4.599227e-01
    outer loop
      vertex   -1.948814e+02 -8.435938e+01 1.177180e+02
      vertex   -1.950834e+02 -8.450000e+01 1.175492e+02
      vertex   -1.948703e+02 -8.450000e+01 1.174494e+02
    endloop
  endfacet
  facet normal 1.791345e-01 -8.685239e-01 4.621440e-01
    outer loop
      vertex   -1.948814e+02 -8.435938e+01 1.177180e+02
      vertex   -1.948703e+02 -8.450000e+01 1.174494e+02
      vertex   -1.946751e+02 -8.437500e+01 1.176087e+02
    endloop
  endfacet
  facet normal 1.566199e-01 -8.610192e-01 4.838555e-01
    outer loop
      vertex   -1.946751e+02 -8.437500e+01 1.176087e+02
      vertex   -1.948703e+02 -8.450000e+01 1.174494e+02
      vertex   -1.946461e+02 -8.450000e+01 1.173768e+02
    endloop
  endfacet
  facet normal 1.127003e-01 -8.686321e-01 4.824695e-01
    outer loop
      vertex   -1.946751e+02 -8.437500e+01 1.176087e+02
      vertex   -1.946461e+02 -8.450000e+01 1.173768e+02
      vertex   -1.944555e+02 -8.439062e+01 1.175292e+02
    endloop
  endfacet
  facet normal 9.432644e-02 -8.609243e-01 4.999118e-01
    outer loop
      vertex   -1.944555e+02 -8.439062e+01 1.175292e+02
      vertex   -1.946461e+02 -8.450000e+01 1.173768e+02
      vertex   -1.944152e+02 -8.450000e+01 1.173333e+02
    endloop
  endfacet
  facet normal 4.422873e-02 -8.684467e-01 4.938058e-01
    outer loop
      vertex   -1.944555e+02 -8.439062e+01 1.175292e+02
      vertex   -1.944152e+02 -8.450000e+01 1.173333e+02
      vertex   -1.942270e+02 -8.440625e+01 1.174813e+02
    endloop
  endfacet
  facet normal 2.966426e-02 -8.610575e-01 5.076416e-01
    outer loop
      vertex   -1.942270e+02 -8.440625e+01 1.174813e+02
      vertex   -1.944152e+02 -8.450000e+01 1.173333e+02
      vertex   -1.941806e+02 -8.450000e+01 1.173196e+02
    endloop
  endfacet
  facet normal -2.515383e-02 -8.680079e-01 4.959129e-01
    outer loop
      vertex   -1.942270e+02 -8.440625e+01 1.174813e+02
      vertex   -1.941806e+02 -8.450000e+01 1.173196e+02
      vertex   -1.939941e+02 -8.442188e+01 1.174658e+02
    endloop
  endfacet
  facet normal -3.633978e-02 -8.613901e-01 5.066425e-01
    outer loop
      vertex   -1.939941e+02 -8.442188e+01 1.174658e+02
      vertex   -1.941806e+02 -8.450000e+01 1.173196e+02
      vertex   -1.939457e+02 -8.450000e+01 1.173364e+02
    endloop
  endfacet
  facet normal -9.426903e-02 -8.674011e-01 4.885987e-01
    outer loop
      vertex   -1.939941e+02 -8.442188e+01 1.174658e+02
      vertex   -1.939457e+02 -8.450000e+01 1.173364e+02
      vertex   -1.937613e+02 -8.443750e+01 1.174829e+02
    endloop
  endfacet
  facet normal -1.023507e-01 -8.620006e-01 4.964668e-01
    outer loop
      vertex   -1.937613e+02 -8.443750e+01 1.174829e+02
      vertex   -1.939457e+02 -8.450000e+01 1.173364e+02
      vertex   -1.937158e+02 -8.450000e+01 1.173838e+02
    endloop
  endfacet
  facet normal -1.618984e-01 -8.665782e-01 4.720500e-01
    outer loop
      vertex   -1.937613e+02 -8.443750e+01 1.174829e+02
      vertex   -1.937158e+02 -8.450000e+01 1.173838e+02
      vertex   -1.935331e+02 -8.445313e+01 1.175325e+02
    endloop
  endfacet
  facet normal -1.671021e-01 -8.627427e-01 4.772337e-01
    outer loop
      vertex   -1.935331e+02 -8.445313e+01 1.175325e+02
      vertex   -1.937158e+02 -8.450000e+01 1.173838e+02
      vertex   -1.934941e+02 -8.450000e+01 1.174614e+02
    endloop
  endfacet
  facet normal -2.268164e-01 -8.656246e-01 4.463725e-01
    outer loop
      vertex   -1.935331e+02 -8.445313e+01 1.175325e+02
      vertex   -1.934941e+02 -8.450000e+01 1.174614e+02
      vertex   -1.933141e+02 -8.446875e+01 1.176135e+02
    endloop
  endfacet
  facet normal -2.294395e-01 -8.635459e-01 4.490501e-01
    outer loop
      vertex   -1.933141e+02 -8.446875e+01 1.176135e+02
      vertex   -1.934941e+02 -8.450000e+01 1.174614e+02
      vertex   -1.932847e+02 -8.450000e+01 1.175684e+02
    endloop
  endfacet
  facet normal -2.877094e-01 -8.646862e-01 4.117538e-01
    outer loop
      vertex   -1.933141e+02 -8.446875e+01 1.176135e+02
      vertex   -1.932847e+02 -8.450000e+01 1.175684e+02
      vertex   -1.931086e+02 -8.448438e+01 1.177243e+02
    endloop
  endfacet
  facet normal -2.877303e-01 -8.646688e-01 4.117756e-01
    outer loop
      vertex   -1.931086e+02 -8.448438e+01 1.177243e+02
      vertex   -1.932847e+02 -8.450000e+01 1.175684e+02
      vertex   -1.930925e+02 -8.450000e+01 1.177027e+02
    endloop
  endfacet
  facet normal -3.435653e-01 -8.635362e-01 3.691450e-01
    outer loop
      vertex   -1.931086e+02 -8.448438e+01 1.177243e+02
      vertex   -1.930925e+02 -8.450000e+01 1.177027e+02
      vertex   -1.929206e+02 -8.450000e+01 1.178627e+02
    endloop
  endfacet
  facet normal 9.451111e-02 8.629510e-01 4.963701e-01
    outer loop
      vertex   -1.943071e+02 -8.050000e+01 1.171225e+02
      vertex   -1.941459e+02 -8.071875e+01 1.174722e+02
      vertex   -1.940751e+02 -8.050000e+01 1.170784e+02
    endloop
  endfacet
  facet normal 6.671345e-02 8.670860e-01 4.936712e-01
    outer loop
      vertex   -1.940751e+02 -8.050000e+01 1.170784e+02
      vertex   -1.941459e+02 -8.071875e+01 1.174722e+02
      vertex   -1.939125e+02 -8.073438e+01 1.174681e+02
    endloop
  endfacet
  facet normal 2.981934e-02 8.620079e-01 5.060170e-01
    outer loop
      vertex   -1.940751e+02 -8.050000e+01 1.170784e+02
      vertex   -1.939125e+02 -8.073438e+01 1.174681e+02
      vertex   -1.937874e+02 -8.051563e+01 1.170880e+02
    endloop
  endfacet
  facet normal -2.952065e-03 8.670860e-01 4.981498e-01
    outer loop
      vertex   -1.937874e+02 -8.051563e+01 1.170880e+02
      vertex   -1.939125e+02 -8.073438e+01 1.174681e+02
      vertex   -1.936808e+02 -8.075000e+01 1.174966e+02
    endloop
  endfacet
  facet normal -4.120974e-02 8.620079e-01 5.052169e-01
    outer loop
      vertex   -1.937874e+02 -8.051563e+01 1.170880e+02
      vertex   -1.936808e+02 -8.075000e+01 1.174966e+02
      vertex   -1.935038e+02 -8.053125e+01 1.171378e+02
    endloop
  endfacet
  facet normal -7.255961e-02 8.670860e-01 4.928458e-01
    outer loop
      vertex   -1.935038e+02 -8.053125e+01 1.171378e+02
      vertex   -1.936808e+02 -8.075000e+01 1.174966e+02
      vertex   -1.934553e+02 -8.076563e+01 1.175573e+02
    endloop
  endfacet
  facet normal -1.114296e-01 8.620079e-01 4.944955e-01
    outer loop
      vertex   -1.935038e+02 -8.053125e+01 1.171378e+02
      vertex   -1.934553e+02 -8.076563e+01 1.175573e+02
      vertex   -1.932299e+02 -8.054688e+01 1.172268e+02
    endloop
  endfacet
  facet normal -1.407422e-01 8.670860e-01 4.778635e-01
    outer loop
      vertex   -1.932299e+02 -8.054688e+01 1.172268e+02
      vertex   -1.934553e+02 -8.076563e+01 1.175573e+02
      vertex   -1.932406e+02 -8.078125e+01 1.176489e+02
    endloop
  endfacet
  facet normal -1.794611e-01 8.620079e-01 4.740634e-01
    outer loop
      vertex   -1.932299e+02 -8.054688e+01 1.172268e+02
      vertex   -1.932406e+02 -8.078125e+01 1.176489e+02
      vertex   -1.929712e+02 -8.056250e+01 1.173531e+02
    endloop
  endfacet
  facet normal -2.061610e-01 8.670860e-01 4.534970e-01
    outer loop
      vertex   -1.929712e+02 -8.056250e+01 1.173531e+02
      vertex   -1.932406e+02 -8.078125e+01 1.176489e+02
      vertex   -1.930408e+02 -8.079688e+01 1.177696e+02
    endloop
  endfacet
  facet normal -2.439685e-01 8.620079e-01 4.443217e-01
    outer loop
      vertex   -1.929712e+02 -8.056250e+01 1.173531e+02
      vertex   -1.930408e+02 -8.079688e+01 1.177696e+02
      vertex   -1.927326e+02 -8.057813e+01 1.175144e+02
    endloop
  endfacet
  facet normal -2.675312e-01 8.670860e-01 4.202249e-01
    outer loop
      vertex   -1.927326e+02 -8.057813e+01 1.175144e+02
      vertex   -1.930408e+02 -8.079688e+01 1.177696e+02
      vertex   -1.928598e+02 -8.081250e+01 1.179171e+02
    endloop
  endfacet
  facet normal -3.036849e-01 8.620079e-01 4.058545e-01
    outer loop
      vertex   -1.927326e+02 -8.057813e+01 1.175144e+02
      vertex   -1.928598e+02 -8.081250e+01 1.179171e+02
      vertex   -1.925190e+02 -8.059375e+01 1.177075e+02
    endloop
  endfacet
  facet normal -3.236478e-01 8.670860e-01 3.787005e-01
    outer loop
      vertex   -1.925190e+02 -8.059375e+01 1.177075e+02
      vertex   -1.928598e+02 -8.081250e+01 1.179171e+02
      vertex   -1.927012e+02 -8.082813e+01 1.180884e+02
    endloop
  endfacet
  facet normal -3.574376e-01 8.620079e-01 3.594172e-01
    outer loop
      vertex   -1.925190e+02 -8.059375e+01 1.177075e+02
      vertex   -1.927012e+02 -8.082813e+01 1.180884e+02
      vertex   -1.923344e+02 -8.060938e+01 1.179285e+02
    endloop
  endfacet
  facet normal -3.734086e-01 8.670860e-01 3.297392e-01
    outer loop
      vertex   -1.923344e+02 -8.060938e+01 1.179285e+02
      vertex   -1.927012e+02 -8.082813e+01 1.180884e+02
      vertex   -1.925681e+02 -8.084375e+01 1.182802e+02
    endloop
  endfacet
  facet normal -4.041710e-01 8.620079e-01 3.059218e-01
    outer loop
      vertex   -1.923344e+02 -8.060938e+01 1.179285e+02
      vertex   -1.925681e+02 -8.084375e+01 1.182802e+02
      vertex   -1.921826e+02 -8.062500e+01 1.181731e+02
    endloop
  endfacet
  facet normal -4.158365e-01 8.670860e-01 2.743026e-01
    outer loop
      vertex   -1.921826e+02 -8.062500e+01 1.181731e+02
      vertex   -1.925681e+02 -8.084375e+01 1.182802e+02
      vertex   -1.924631e+02 -8.085938e+01 1.184888e+02
    endloop
  endfacet
  facet normal -4.429674e-01 8.620079e-01 2.464188e-01
    outer loop
      vertex   -1.921826e+02 -8.062500e+01 1.181731e+02
      vertex   -1.924631e+02 -8.085938e+01 1.184888e+02
      vertex   -1.920664e+02 -8.064063e+01 1.184366e+02
    endloop
  endfacet
  facet normal -4.500983e-01 8.670860e-01 2.134794e-01
    outer loop
      vertex   -1.920664e+02 -8.064063e+01 1.184366e+02
      vertex   -1.924631e+02 -8.085938e+01 1.184888e+02
      vertex   -1.923883e+02 -8.087500e+01 1.187099e+02
    endloop
  endfacet
  facet normal -4.730649e-01 8.620079e-01 1.820767e-01
    outer loop
      vertex   -1.920664e+02 -8.064063e+01 1.184366e+02
      vertex   -1.923883e+02 -8.087500e+01 1.187099e+02
      vertex   -1.919882e+02 -8.065625e+01 1.187137e+02
    endloop
  endfacet
  facet normal -4.755212e-01 8.670860e-01 1.484638e-01
    outer loop
      vertex   -1.919882e+02 -8.065625e+01 1.187137e+02
      vertex   -1.923883e+02 -8.087500e+01 1.187099e+02
      vertex   -1.923451e+02 -8.089063e+01 1.189394e+02
    endloop
  endfacet
  facet normal -4.938725e-01 8.620079e-01 1.141590e-01
    outer loop
      vertex   -1.919882e+02 -8.065625e+01 1.187137e+02
      vertex   -1.923451e+02 -8.089063e+01 1.189394e+02
      vertex   -1.919495e+02 -8.067188e+01 1.189991e+02
    endloop
  endfacet
  facet normal -4.916059e-01 8.670860e-01 8.053283e-02
    outer loop
      vertex   -1.919495e+02 -8.067188e+01 1.189991e+02
      vertex   -1.923451e+02 -8.089063e+01 1.189394e+02
      vertex   -1.923345e+02 -8.090625e+01 1.191726e+02
    endloop
  endfacet
  facet normal -5.049816e-01 8.620079e-01 4.399949e-02
    outer loop
      vertex   -1.919495e+02 -8.067188e+01 1.189991e+02
      vertex   -1.923345e+02 -8.090625e+01 1.191726e+02
      vertex   -1.919511e+02 -8.068750e+01 1.192870e+02
    endloop
  endfacet
  facet normal -4.980366e-01 8.670860e-01 1.102033e-02
    outer loop
      vertex   -1.919511e+02 -8.068750e+01 1.192870e+02
      vertex   -1.923345e+02 -8.090625e+01 1.191726e+02
      vertex   -1.923566e+02 -8.092188e+01 1.194050e+02
    endloop
  endfacet
  facet normal -5.061739e-01 8.620079e-01 -2.702409e-02
    outer loop
      vertex   -1.919511e+02 -8.068750e+01 1.192870e+02
      vertex   -1.923566e+02 -8.092188e+01 1.194050e+02
      vertex   -1.919929e+02 -8.070313e+01 1.195719e+02
    endloop
  endfacet
  facet normal -4.946870e-01 8.670860e-01 -5.870858e-02
    outer loop
      vertex   -1.919929e+02 -8.070313e+01 1.195719e+02
      vertex   -1.923566e+02 -8.092188e+01 1.194050e+02
      vertex   -1.924109e+02 -8.093750e+01 1.196320e+02
    endloop
  endfacet
  facet normal -4.974262e-01 8.620079e-01 -9.751697e-02
    outer loop
      vertex   -1.919929e+02 -8.070313e+01 1.195719e+02
      vertex   -1.924109e+02 -8.093750e+01 1.196320e+02
      vertex   -1.920742e+02 -8.071875e+01 1.198481e+02
    endloop
  endfacet
  facet normal -4.816228e-01 8.670860e-01 -1.272846e-01
    outer loop
      vertex   -1.920742e+02 -8.071875e+01 1.198481e+02
      vertex   -1.924109e+02 -8.093750e+01 1.196320e+02
      vertex   -1.924964e+02 -8.095313e+01 1.198493e+02
    endloop
  endfacet
  facet normal -4.789101e-01 8.620079e-01 -1.660948e-01
    outer loop
      vertex   -1.920742e+02 -8.071875e+01 1.198481e+02
      vertex   -1.924964e+02 -8.095313e+01 1.198493e+02
      vertex   -1.921932e+02 -8.073438e+01 1.201103e+02
    endloop
  endfacet
  facet normal -4.591007e-01 8.670860e-01 -1.933610e-01
    outer loop
      vertex   -1.921932e+02 -8.073438e+01 1.201103e+02
      vertex   -1.924964e+02 -8.095313e+01 1.198493e+02
      vertex   -1.926115e+02 -8.096875e+01 1.200524e+02
    endloop
  endfacet
  facet normal -4.509893e-01 8.620079e-01 -2.314110e-01
    outer loop
      vertex   -1.921932e+02 -8.073438e+01 1.201103e+02
      vertex   -1.926115e+02 -8.096875e+01 1.200524e+02
      vertex   -1.923478e+02 -8.075000e+01 1.203533e+02
    endloop
  endfacet
  facet normal -4.275628e-01 8.670860e-01 -2.556403e-01
    outer loop
      vertex   -1.923478e+02 -8.075000e+01 1.203533e+02
      vertex   -1.926115e+02 -8.096875e+01 1.200524e+02
      vertex   -1.927538e+02 -8.098438e+01 1.202375e+02
    endloop
  endfacet
  facet normal -4.142121e-01 8.620079e-01 -2.921827e-01
    outer loop
      vertex   -1.923478e+02 -8.075000e+01 1.203533e+02
      vertex   -1.927538e+02 -8.098438e+01 1.202375e+02
      vertex   -1.925347e+02 -8.076563e+01 1.205722e+02
    endloop
  endfacet
  facet normal -3.876286e-01 8.670860e-01 -3.128993e-01
    outer loop
      vertex   -1.925347e+02 -8.076563e+01 1.205722e+02
      vertex   -1.927538e+02 -8.098438e+01 1.202375e+02
      vertex   -1.929206e+02 -8.100000e+01 1.204008e+02
    endloop
  endfacet
  facet normal -3.693006e-01 8.620079e-01 -3.472167e-01
    outer loop
      vertex   -1.925347e+02 -8.076563e+01 1.205722e+02
      vertex   -1.929206e+02 -8.100000e+01 1.204008e+02
      vertex   -1.927505e+02 -8.078125e+01 1.207629e+02
    endloop
  endfacet
  facet normal -3.400822e-01 8.670860e-01 -3.640137e-01
    outer loop
      vertex   -1.927505e+02 -8.078125e+01 1.207629e+02
      vertex   -1.929206e+02 -8.100000e+01 1.204008e+02
      vertex   -1.931086e+02 -8.101563e+01 1.205392e+02
    endloop
  endfacet
  facet normal -3.171370e-01 8.620079e-01 -3.954320e-01
    outer loop
      vertex   -1.927505e+02 -8.078125e+01 1.207629e+02
      vertex   -1.931086e+02 -8.101563e+01 1.205392e+02
      vertex   -1.929908e+02 -8.079688e+01 1.209216e+02
    endloop
  endfacet
  facet normal -2.858574e-01 8.670860e-01 -4.079797e-01
    outer loop
      vertex   -1.929908e+02 -8.079688e+01 1.209216e+02
      vertex   -1.931086e+02 -8.101563e+01 1.205392e+02
      vertex   -1.933141e+02 -8.103125e+01 1.206500e+02
    endloop
  endfacet
  facet normal -2.587455e-01 8.620079e-01 -4.358820e-01
    outer loop
      vertex   -1.929908e+02 -8.079688e+01 1.209216e+02
      vertex   -1.933141e+02 -8.103125e+01 1.206500e+02
      vertex   -1.932509e+02 -8.081250e+01 1.210451e+02
    endloop
  endfacet
  facet normal -2.260190e-01 8.670860e-01 -4.439339e-01
    outer loop
      vertex   -1.932509e+02 -8.081250e+01 1.210451e+02
      vertex   -1.933141e+02 -8.103125e+01 1.206500e+02
      vertex   -1.935331e+02 -8.104688e+01 1.207310e+02
    endloop
  endfacet
  facet normal -1.952728e-01 8.620079e-01 -4.677723e-01
    outer loop
      vertex   -1.932509e+02 -8.081250e+01 1.210451e+02
      vertex   -1.935331e+02 -8.104688e+01 1.207310e+02
      vertex   -1.935257e+02 -8.082813e+01 1.211310e+02
    endloop
  endfacet
  facet normal -1.617420e-01 8.670860e-01 -4.711703e-01
    outer loop
      vertex   -1.935257e+02 -8.082813e+01 1.211310e+02
      vertex   -1.935331e+02 -8.104688e+01 1.207310e+02
      vertex   -1.937613e+02 -8.106250e+01 1.207806e+02
    endloop
  endfacet
  facet normal -1.279654e-01 8.620079e-01 -4.904765e-01
    outer loop
      vertex   -1.935257e+02 -8.082813e+01 1.211310e+02
      vertex   -1.937613e+02 -8.106250e+01 1.207806e+02
      vertex   -1.938098e+02 -8.084375e+01 1.211777e+02
    endloop
  endfacet
  facet normal -9.428886e-02 8.670860e-01 -4.891539e-01
    outer loop
      vertex   -1.938098e+02 -8.084375e+01 1.211777e+02
      vertex   -1.937613e+02 -8.106250e+01 1.207806e+02
      vertex   -1.939941e+02 -8.107813e+01 1.207977e+02
    endloop
  endfacet
  facet normal -5.814502e-02 8.620079e-01 -5.035489e-01
    outer loop
      vertex   -1.938098e+02 -8.084375e+01 1.211777e+02
      vertex   -1.939941e+02 -8.107813e+01 1.207977e+02
      vertex   -1.940977e+02 -8.085938e+01 1.211842e+02
    endloop
  endfacet
  facet normal -2.498406e-02 8.670860e-01 -4.975316e-01
    outer loop
      vertex   -1.940977e+02 -8.085938e+01 1.211842e+02
      vertex   -1.939941e+02 -8.107813e+01 1.207977e+02
      vertex   -1.942270e+02 -8.109375e+01 1.207822e+02
    endloop
  endfacet
  facet normal 1.281717e-02 8.620079e-01 -5.067328e-01
    outer loop
      vertex   -1.940977e+02 -8.085938e+01 1.211842e+02
      vertex   -1.942270e+02 -8.109375e+01 1.207822e+02
      vertex   -1.943837e+02 -8.087500e+01 1.211504e+02
    endloop
  endfacet
  facet normal 4.481137e-02 8.670860e-01 -4.961390e-01
    outer loop
      vertex   -1.943837e+02 -8.087500e+01 1.211504e+02
      vertex   -1.942270e+02 -8.109375e+01 1.207822e+02
      vertex   -1.944555e+02 -8.110938e+01 1.207343e+02
    endloop
  endfacet
  facet normal 8.352767e-02 8.620079e-01 -4.999655e-01
    outer loop
      vertex   -1.943837e+02 -8.087500e+01 1.211504e+02
      vertex   -1.944555e+02 -8.110938e+01 1.207343e+02
      vertex   -1.946621e+02 -8.089063e+01 1.210769e+02
    endloop
  endfacet
  facet normal 1.137268e-01 8.670860e-01 -4.850032e-01
    outer loop
      vertex   -1.946621e+02 -8.089063e+01 1.210769e+02
      vertex   -1.944555e+02 -8.110938e+01 1.207343e+02
      vertex   -1.946751e+02 -8.112500e+01 1.206548e+02
    endloop
  endfacet
  facet normal 1.525979e-01 8.620079e-01 -4.833800e-01
    outer loop
      vertex   -1.946621e+02 -8.089063e+01 1.210769e+02
      vertex   -1.946751e+02 -8.112500e+01 1.206548e+02
      vertex   -1.949275e+02 -8.090625e+01 1.209653e+02
    endloop
  endfacet
  facet normal 1.804089e-01 8.670860e-01 -4.643431e-01
    outer loop
      vertex   -1.949275e+02 -8.090625e+01 1.209653e+02
      vertex   -1.946751e+02 -8.112500e+01 1.206548e+02
      vertex   -1.948814e+02 -8.114063e+01 1.205455e+02
    endloop
  endfacet
  facet normal 2.186714e-01 8.620079e-01 -4.573021e-01
    outer loop
      vertex   -1.949275e+02 -8.090625e+01 1.209653e+02
      vertex   -1.948814e+02 -8.114063e+01 1.205455e+02
      vertex   -1.951747e+02 -8.092188e+01 1.208176e+02
    endloop
  endfacet
  facet normal 2.435482e-01 8.670860e-01 -4.345644e-01
    outer loop
      vertex   -1.951747e+02 -8.092188e+01 1.208176e+02
      vertex   -1.948814e+02 -8.114063e+01 1.205455e+02
      vertex   -1.950703e+02 -8.115625e+01 1.204084e+02
    endloop
  endfacet
  facet normal 2.804507e-01 8.620079e-01 -4.222437e-01
    outer loop
      vertex   -1.951747e+02 -8.092188e+01 1.208176e+02
      vertex   -1.950703e+02 -8.115625e+01 1.204084e+02
      vertex   -1.953988e+02 -8.093750e+01 1.206368e+02
    endloop
  endfacet
  facet normal 3.019047e-01 8.670860e-01 -3.962518e-01
    outer loop
      vertex   -1.953988e+02 -8.093750e+01 1.206368e+02
      vertex   -1.950703e+02 -8.115625e+01 1.204084e+02
      vertex   -1.952383e+02 -8.117188e+01 1.202463e+02
    endloop
  endfacet
  facet normal 3.367226e-01 8.620079e-01 -3.788935e-01
    outer loop
      vertex   -1.953988e+02 -8.093750e+01 1.206368e+02
      vertex   -1.952383e+02 -8.117188e+01 1.202463e+02
      vertex   -1.955955e+02 -8.095313e+01 1.204265e+02
    endloop
  endfacet
  facet normal 3.543325e-01 8.670860e-01 -3.501577e-01
    outer loop
      vertex   -1.955955e+02 -8.095313e+01 1.204265e+02
      vertex   -1.952383e+02 -8.117188e+01 1.202463e+02
      vertex   -1.953819e+02 -8.118750e+01 1.200622e+02
    endloop
  endfacet
  facet normal 3.863820e-01 8.620079e-01 -3.281026e-01
    outer loop
      vertex   -1.955955e+02 -8.095313e+01 1.204265e+02
      vertex   -1.953819e+02 -8.118750e+01 1.200622e+02
      vertex   -1.957608e+02 -8.096875e+01 1.201908e+02
    endloop
  endfacet
  facet normal 3.998020e-01 8.670860e-01 -2.971872e-01
    outer loop
      vertex   -1.957608e+02 -8.096875e+01 1.201908e+02
      vertex   -1.953819e+02 -8.118750e+01 1.200622e+02
      vertex   -1.954984e+02 -8.120313e+01 1.198599e+02
    endloop
  endfacet
  facet normal 4.284537e-01 8.620079e-01 -2.708685e-01
    outer loop
      vertex   -1.957608e+02 -8.096875e+01 1.201908e+02
      vertex   -1.954984e+02 -8.120313e+01 1.198599e+02
      vertex   -1.958916e+02 -8.098438e+01 1.199342e+02
    endloop
  endfacet
  facet normal 4.374203e-01 8.670860e-01 -2.383807e-01
    outer loop
      vertex   -1.958916e+02 -8.098438e+01 1.199342e+02
      vertex   -1.954984e+02 -8.120313e+01 1.198599e+02
      vertex   -1.955855e+02 -8.121875e+01 1.196433e+02
    endloop
  endfacet
  facet normal 4.621116e-01 8.620079e-01 -2.083152e-01
    outer loop
      vertex   -1.958916e+02 -8.098438e+01 1.199342e+02
      vertex   -1.955855e+02 -8.121875e+01 1.196433e+02
      vertex   -1.959852e+02 -8.100000e+01 1.196619e+02
    endloop
  endfacet
  facet normal 4.664487e-01 8.670860e-01 -1.748930e-01
    outer loop
      vertex   -1.959852e+02 -8.100000e+01 1.196619e+02
      vertex   -1.955855e+02 -8.121875e+01 1.196433e+02
      vertex   -1.956415e+02 -8.123438e+01 1.194166e+02
    endloop
  endfacet
  facet normal 4.866946e-01 8.620079e-01 -1.416711e-01
    outer loop
      vertex   -1.959852e+02 -8.100000e+01 1.196619e+02
      vertex   -1.956415e+02 -8.123438e+01 1.194166e+02
      vertex   -1.960398e+02 -8.101563e+01 1.193792e+02
    endloop
  endfacet
  facet normal 4.863170e-01 8.670860e-01 -1.079707e-01
    outer loop
      vertex   -1.960398e+02 -8.101563e+01 1.193792e+02
      vertex   -1.956415e+02 -8.123438e+01 1.194166e+02
      vertex   -1.956652e+02 -8.125000e+01 1.191844e+02
    endloop
  endfacet
  facet normal 5.017201e-01 8.620079e-01 -7.224481e-02
    outer loop
      vertex   -1.960398e+02 -8.101563e+01 1.193792e+02
      vertex   -1.956652e+02 -8.125000e+01 1.191844e+02
      vertex   -1.960544e+02 -8.103125e+01 1.190916e+02
    endloop
  endfacet
  facet normal 4.966352e-01 8.670860e-01 -3.892813e-02
    outer loop
      vertex   -1.960544e+02 -8.103125e+01 1.190916e+02
      vertex   -1.956652e+02 -8.125000e+01 1.191844e+02
      vertex   -1.956562e+02 -8.126563e+01 1.189511e+02
    endloop
  endfacet
  facet normal 5.068929e-01 8.620079e-01 -1.399827e-03
    outer loop
      vertex   -1.960544e+02 -8.103125e+01 1.190916e+02
      vertex   -1.956562e+02 -8.126563e+01 1.189511e+02
      vertex   -1.960286e+02 -8.104688e+01 1.188048e+02
    endloop
  endfacet
  facet normal 4.972006e-01 8.670860e-01 3.087890e-02
    outer loop
      vertex   -1.960286e+02 -8.104688e+01 1.188048e+02
      vertex   -1.956562e+02 -8.126563e+01 1.189511e+02
      vertex   -1.956147e+02 -8.128125e+01 1.187213e+02
    endloop
  endfacet
  facet normal 5.021115e-01 8.620079e-01 6.947265e-02
    outer loop
      vertex   -1.960286e+02 -8.104688e+01 1.188048e+02
      vertex   -1.956147e+02 -8.128125e+01 1.187213e+02
      vertex   -1.959630e+02 -8.106250e+01 1.185245e+02
    endloop
  endfacet
  facet normal 4.880021e-01 8.670860e-01 1.000795e-01
    outer loop
      vertex   -1.959630e+02 -8.106250e+01 1.185245e+02
      vertex   -1.956147e+02 -8.128125e+01 1.187213e+02
      vertex   -1.955414e+02 -8.129688e+01 1.184997e+02
    endloop
  endfacet
  facet normal 4.874697e-01 8.620079e-01 1.389808e-01
    outer loop
      vertex   -1.959630e+02 -8.106250e+01 1.185245e+02
      vertex   -1.955414e+02 -8.129688e+01 1.184997e+02
      vertex   -1.958588e+02 -8.107813e+01 1.182560e+02
    endloop
  endfacet
  facet normal 4.692203e-01 8.670860e-01 1.673148e-01
    outer loop
      vertex   -1.958588e+02 -8.107813e+01 1.182560e+02
      vertex   -1.955414e+02 -8.129688e+01 1.184997e+02
      vertex   -1.954379e+02 -8.131250e+01 1.182904e+02
    endloop
  endfacet
  facet normal 4.632551e-01 8.620079e-01 2.057598e-01
    outer loop
      vertex   -1.958588e+02 -8.107813e+01 1.182560e+02
      vertex   -1.954379e+02 -8.131250e+01 1.182904e+02
      vertex   -1.957181e+02 -8.109375e+01 1.180048e+02
    endloop
  endfacet
  facet normal 4.412241e-01 8.670860e-01 2.312645e-01
    outer loop
      vertex   -1.957181e+02 -8.109375e+01 1.180048e+02
      vertex   -1.954379e+02 -8.131250e+01 1.182904e+02
      vertex   -1.953062e+02 -8.132813e+01 1.180976e+02
    endloop
  endfacet
  facet normal 4.299432e-01 8.620079e-01 2.684980e-01
    outer loop
      vertex   -1.957181e+02 -8.109375e+01 1.180048e+02
      vertex   -1.953062e+02 -8.132813e+01 1.180976e+02
      vertex   -1.955437e+02 -8.110938e+01 1.177757e+02
    endloop
  endfacet
  facet normal 4.045632e-01 8.670860e-01 2.906726e-01
    outer loop
      vertex   -1.955437e+02 -8.110938e+01 1.177757e+02
      vertex   -1.953062e+02 -8.132813e+01 1.180976e+02
      vertex   -1.951488e+02 -8.134375e+01 1.179252e+02
    endloop
  endfacet
  facet normal 3.881882e-01 8.620079e-01 3.259636e-01
    outer loop
      vertex   -1.955437e+02 -8.110938e+01 1.177757e+02
      vertex   -1.951488e+02 -8.134375e+01 1.179252e+02
      vertex   -1.953390e+02 -8.112500e+01 1.175732e+02
    endloop
  endfacet
  facet normal 3.599576e-01 8.670860e-01 3.443725e-01
    outer loop
      vertex   -1.953390e+02 -8.112500e+01 1.175732e+02
      vertex   -1.951488e+02 -8.134375e+01 1.179252e+02
      vertex   -1.949689e+02 -8.135938e+01 1.177764e+02
    endloop
  endfacet
  facet normal 3.388101e-01 8.620079e-01 3.770279e-01
    outer loop
      vertex   -1.953390e+02 -8.112500e+01 1.175732e+02
      vertex   -1.949689e+02 -8.135938e+01 1.177764e+02
      vertex   -1.951080e+02 -8.114063e+01 1.174013e+02
    endloop
  endfacet
  facet normal 3.082833e-01 8.670860e-01 3.913098e-01
    outer loop
      vertex   -1.951080e+02 -8.114063e+01 1.174013e+02
      vertex   -1.949689e+02 -8.135938e+01 1.177764e+02
      vertex   -1.947699e+02 -8.137500e+01 1.176543e+02
    endloop
  endfacet
  facet normal 2.827785e-01 8.620079e-01 4.206883e-01
    outer loop
      vertex   -1.951080e+02 -8.114063e+01 1.174013e+02
      vertex   -1.947699e+02 -8.137500e+01 1.176543e+02
      vertex   -1.948552e+02 -8.115625e+01 1.172634e+02
    endloop
  endfacet
  facet normal 2.505550e-01 8.670860e-01 4.305626e-01
    outer loop
      vertex   -1.948552e+02 -8.115625e+01 1.172634e+02
      vertex   -1.947699e+02 -8.137500e+01 1.176543e+02
      vertex   -1.945558e+02 -8.139063e+01 1.175612e+02
    endloop
  endfacet
  facet normal 2.211938e-01 8.620079e-01 4.560874e-01
    outer loop
      vertex   -1.948552e+02 -8.115625e+01 1.172634e+02
      vertex   -1.945558e+02 -8.139063e+01 1.175612e+02
      vertex   -1.945856e+02 -8.117188e+01 1.171622e+02
    endloop
  endfacet
  facet normal 1.879063e-01 8.670860e-01 4.613601e-01
    outer loop
      vertex   -1.945856e+02 -8.117188e+01 1.171622e+02
      vertex   -1.945558e+02 -8.139063e+01 1.175612e+02
      vertex   -1.943308e+02 -8.140625e+01 1.174989e+02
    endloop
  endfacet
  facet normal 1.552653e-01 8.620079e-01 4.825298e-01
    outer loop
      vertex   -1.945856e+02 -8.117188e+01 1.171622e+02
      vertex   -1.943308e+02 -8.140625e+01 1.174989e+02
      vertex   -1.943046e+02 -8.118750e+01 1.170997e+02
    endloop
  endfacet
  facet normal 1.215676e-01 8.670860e-01 4.830975e-01
    outer loop
      vertex   -1.943046e+02 -8.118750e+01 1.170997e+02
      vertex   -1.943308e+02 -8.140625e+01 1.174989e+02
      vertex   -1.940993e+02 -8.142188e+01 1.174687e+02
    endloop
  endfacet
  facet normal 8.628776e-02 8.620079e-01 4.994965e-01
    outer loop
      vertex   -1.943046e+02 -8.118750e+01 1.170997e+02
      vertex   -1.940993e+02 -8.142188e+01 1.174687e+02
      vertex   -1.940175e+02 -8.120313e+01 1.170771e+02
    endloop
  endfacet
  facet normal 5.284158e-02 8.670860e-01 4.953480e-01
    outer loop
      vertex   -1.940175e+02 -8.120313e+01 1.170771e+02
      vertex   -1.940993e+02 -8.142188e+01 1.174687e+02
      vertex   -1.938659e+02 -8.143750e+01 1.174712e+02
    endloop
  endfacet
  facet normal 1.561572e-02 8.620079e-01 5.066542e-01
    outer loop
      vertex   -1.940175e+02 -8.120313e+01 1.170771e+02
      vertex   -1.938659e+02 -8.143750e+01 1.174712e+02
      vertex   -1.937301e+02 -8.121875e+01 1.170948e+02
    endloop
  endfacet
  facet normal -1.692214e-02 8.670860e-01 4.978710e-01
    outer loop
      vertex   -1.937301e+02 -8.121875e+01 1.170948e+02
      vertex   -1.938659e+02 -8.143750e+01 1.174712e+02
      vertex   -1.936350e+02 -8.145313e+01 1.175062e+02
    endloop
  endfacet
  facet normal -5.536297e-02 8.620079e-01 5.038624e-01
    outer loop
      vertex   -1.937301e+02 -8.121875e+01 1.170948e+02
      vertex   -1.936350e+02 -8.145313e+01 1.175062e+02
      vertex   -1.934480e+02 -8.123438e+01 1.171525e+02
    endloop
  endfacet
  facet normal -8.635354e-02 8.670860e-01 4.906169e-01
    outer loop
      vertex   -1.934480e+02 -8.123438e+01 1.171525e+02
      vertex   -1.936350e+02 -8.145313e+01 1.175062e+02
      vertex   -1.934114e+02 -8.146875e+01 1.175732e+02
    endloop
  endfacet
  facet normal -1.252545e-01 8.620079e-01 4.911758e-01
    outer loop
      vertex   -1.934480e+02 -8.123438e+01 1.171525e+02
      vertex   -1.934114e+02 -8.146875e+01 1.175732e+02
      vertex   -1.931768e+02 -8.125000e+01 1.172491e+02
    endloop
  endfacet
  facet normal -1.540892e-01 8.670860e-01 4.737282e-01
    outer loop
      vertex   -1.931768e+02 -8.125000e+01 1.172491e+02
      vertex   -1.934114e+02 -8.146875e+01 1.175732e+02
      vertex   -1.931993e+02 -8.148438e+01 1.176708e+02
    endloop
  endfacet
  facet normal -1.926862e-01 8.620079e-01 4.688437e-01
    outer loop
      vertex   -1.931768e+02 -8.125000e+01 1.172491e+02
      vertex   -1.931993e+02 -8.148438e+01 1.176708e+02
      vertex   -1.929217e+02 -8.126563e+01 1.173827e+02
    endloop
  endfacet
  facet normal -2.187988e-01 8.670860e-01 4.475366e-01
    outer loop
      vertex   -1.929217e+02 -8.126563e+01 1.173827e+02
      vertex   -1.931993e+02 -8.148438e+01 1.176708e+02
      vertex   -1.930029e+02 -8.150000e+01 1.177971e+02
    endloop
  endfacet
  facet normal -2.563341e-01 8.620079e-01 4.373045e-01
    outer loop
      vertex   -1.929217e+02 -8.126563e+01 1.173827e+02
      vertex   -1.930029e+02 -8.150000e+01 1.177971e+02
      vertex   -1.926878e+02 -8.128125e+01 1.175506e+02
    endloop
  endfacet
  facet normal -2.792117e-01 8.670860e-01 4.125563e-01
    outer loop
      vertex   -1.926878e+02 -8.128125e+01 1.175506e+02
      vertex   -1.930029e+02 -8.150000e+01 1.177971e+02
      vertex   -1.928261e+02 -8.151563e+01 1.179495e+02
    endloop
  endfacet
  facet normal -3.149481e-01 8.620079e-01 3.971776e-01
    outer loop
      vertex   -1.926878e+02 -8.128125e+01 1.175506e+02
      vertex   -1.928261e+02 -8.151563e+01 1.179495e+02
      vertex   -1.924796e+02 -8.129688e+01 1.177496e+02
    endloop
  endfacet
  facet normal -3.341416e-01 8.670860e-01 3.694744e-01
    outer loop
      vertex   -1.924796e+02 -8.129688e+01 1.177496e+02
      vertex   -1.928261e+02 -8.151563e+01 1.179495e+02
      vertex   -1.926724e+02 -8.153125e+01 1.181252e+02
    endloop
  endfacet
  facet normal -3.673773e-01 8.620079e-01 3.492511e-01
    outer loop
      vertex   -1.924796e+02 -8.129688e+01 1.177496e+02
      vertex   -1.926724e+02 -8.153125e+01 1.181252e+02
      vertex   -1.923013e+02 -8.131250e+01 1.179757e+02
    endloop
  endfacet
  facet normal -3.825096e-01 8.670860e-01 3.191368e-01
    outer loop
      vertex   -1.923013e+02 -8.131250e+01 1.179757e+02
      vertex   -1.926724e+02 -8.153125e+01 1.181252e+02
      vertex   -1.925447e+02 -8.154688e+01 1.183207e+02
    endloop
  endfacet
  facet normal -4.125920e-01 8.620079e-01 2.944660e-01
    outer loop
      vertex   -1.923013e+02 -8.131250e+01 1.179757e+02
      vertex   -1.925447e+02 -8.154688e+01 1.183207e+02
      vertex   -1.921564e+02 -8.132813e+01 1.182245e+02
    endloop
  endfacet
  facet normal -4.233661e-01 8.670860e-01 2.625321e-01
    outer loop
      vertex   -1.921564e+02 -8.132813e+01 1.182245e+02
      vertex   -1.925447e+02 -8.154688e+01 1.183207e+02
      vertex   -1.924457e+02 -8.156250e+01 1.185321e+02
    endloop
  endfacet
  facet normal -4.497043e-01 8.620079e-01 2.338983e-01
    outer loop
      vertex   -1.921564e+02 -8.132813e+01 1.182245e+02
      vertex   -1.924457e+02 -8.156250e+01 1.185321e+02
      vertex   -1.920477e+02 -8.134375e+01 1.184911e+02
    endloop
  endfacet
  facet normal -4.559085e-01 8.670860e-01 2.007718e-01
    outer loop
      vertex   -1.920477e+02 -8.134375e+01 1.184911e+02
      vertex   -1.924457e+02 -8.156250e+01 1.185321e+02
      vertex   -1.923771e+02 -8.157813e+01 1.187553e+02
    endloop
  endfacet
  facet normal -4.779854e-01 8.620079e-01 1.687374e-01
    outer loop
      vertex   -1.920477e+02 -8.134375e+01 1.184911e+02
      vertex   -1.923771e+02 -8.157813e+01 1.187553e+02
      vertex   -1.919773e+02 -8.135938e+01 1.187703e+02
    endloop
  endfacet
  facet normal -4.794980e-01 8.670860e-01 1.350689e-01
    outer loop
      vertex   -1.919773e+02 -8.135938e+01 1.187703e+02
      vertex   -1.923771e+02 -8.157813e+01 1.187553e+02
      vertex   -1.923404e+02 -8.159375e+01 1.189858e+02
    endloop
  endfacet
  facet normal -4.968800e-01 8.620079e-01 1.002628e-01
    outer loop
      vertex   -1.919773e+02 -8.135938e+01 1.187703e+02
      vertex   -1.923404e+02 -8.159375e+01 1.189858e+02
      vertex   -1.919466e+02 -8.137500e+01 1.190566e+02
    endloop
  endfacet
  facet normal -4.936712e-01 8.670860e-01 6.671345e-02
    outer loop
      vertex   -1.919466e+02 -8.137500e+01 1.190566e+02
      vertex   -1.923404e+02 -8.159375e+01 1.189858e+02
      vertex   -1.923363e+02 -8.160938e+01 1.192193e+02
    endloop
  endfacet
  facet normal -5.060170e-01 8.620079e-01 2.981934e-02
    outer loop
      vertex   -1.919466e+02 -8.137500e+01 1.190566e+02
      vertex   -1.923363e+02 -8.160938e+01 1.192193e+02
      vertex   -1.919563e+02 -8.139063e+01 1.193444e+02
    endloop
  endfacet
  facet normal -4.981498e-01 8.670860e-01 -2.952065e-03
    outer loop
      vertex   -1.919563e+02 -8.139063e+01 1.193444e+02
      vertex   -1.923363e+02 -8.160938e+01 1.192193e+02
      vertex   -1.923649e+02 -8.162500e+01 1.194510e+02
    endloop
  endfacet
  facet normal -5.052169e-01 8.620079e-01 -4.120974e-02
    outer loop
      vertex   -1.919563e+02 -8.139063e+01 1.193444e+02
      vertex   -1.923649e+02 -8.162500e+01 1.194510e+02
      vertex   -1.920061e+02 -8.140625e+01 1.196280e+02
    endloop
  endfacet
  facet normal -4.928458e-01 8.670860e-01 -7.255961e-02
    outer loop
      vertex   -1.920061e+02 -8.140625e+01 1.196280e+02
      vertex   -1.923649e+02 -8.162500e+01 1.194510e+02
      vertex   -1.924256e+02 -8.164063e+01 1.196764e+02
    endloop
  endfacet
  facet normal -4.944955e-01 8.620079e-01 -1.114296e-01
    outer loop
      vertex   -1.920061e+02 -8.140625e+01 1.196280e+02
      vertex   -1.924256e+02 -8.164063e+01 1.196764e+02
      vertex   -1.920950e+02 -8.142188e+01 1.199019e+02
    endloop
  endfacet
  facet normal -4.778635e-01 8.670860e-01 -1.407422e-01
    outer loop
      vertex   -1.920950e+02 -8.142188e+01 1.199019e+02
      vertex   -1.924256e+02 -8.164063e+01 1.196764e+02
      vertex   -1.925171e+02 -8.165625e+01 1.198912e+02
    endloop
  endfacet
  facet normal -4.740634e-01 8.620079e-01 -1.794611e-01
    outer loop
      vertex   -1.920950e+02 -8.142188e+01 1.199019e+02
      vertex   -1.925171e+02 -8.165625e+01 1.198912e+02
      vertex   -1.922214e+02 -8.143750e+01 1.201606e+02
    endloop
  endfacet
  facet normal -4.534970e-01 8.670860e-01 -2.061610e-01
    outer loop
      vertex   -1.922214e+02 -8.143750e+01 1.201606e+02
      vertex   -1.925171e+02 -8.165625e+01 1.198912e+02
      vertex   -1.926379e+02 -8.167188e+01 1.200910e+02
    endloop
  endfacet
  facet normal -4.443217e-01 8.620079e-01 -2.439685e-01
    outer loop
      vertex   -1.922214e+02 -8.143750e+01 1.201606e+02
      vertex   -1.926379e+02 -8.167188e+01 1.200910e+02
      vertex   -1.923827e+02 -8.145313e+01 1.203991e+02
    endloop
  endfacet
  facet normal -4.202249e-01 8.670860e-01 -2.675312e-01
    outer loop
      vertex   -1.923827e+02 -8.145313e+01 1.203991e+02
      vertex   -1.926379e+02 -8.167188e+01 1.200910e+02
      vertex   -1.927853e+02 -8.168750e+01 1.202720e+02
    endloop
  endfacet
  facet normal -4.058545e-01 8.620079e-01 -3.036849e-01
    outer loop
      vertex   -1.923827e+02 -8.145313e+01 1.203991e+02
      vertex   -1.927853e+02 -8.168750e+01 1.202720e+02
      vertex   -1.925757e+02 -8.146875e+01 1.206128e+02
    endloop
  endfacet
  facet normal -3.787005e-01 8.670860e-01 -3.236478e-01
    outer loop
      vertex   -1.925757e+02 -8.146875e+01 1.206128e+02
      vertex   -1.927853e+02 -8.168750e+01 1.202720e+02
      vertex   -1.929567e+02 -8.170313e+01 1.204306e+02
    endloop
  endfacet
  facet normal -3.594172e-01 8.620079e-01 -3.574376e-01
    outer loop
      vertex   -1.925757e+02 -8.146875e+01 1.206128e+02
      vertex   -1.929567e+02 -8.170313e+01 1.204306e+02
      vertex   -1.927967e+02 -8.148438e+01 1.207973e+02
    endloop
  endfacet
  facet normal -3.297392e-01 8.670860e-01 -3.734086e-01
    outer loop
      vertex   -1.927967e+02 -8.148438e+01 1.207973e+02
      vertex   -1.929567e+02 -8.170313e+01 1.204306e+02
      vertex   -1.931485e+02 -8.171875e+01 1.205637e+02
    endloop
  endfacet
  facet normal -3.059218e-01 8.620079e-01 -4.041710e-01
    outer loop
      vertex   -1.927967e+02 -8.148438e+01 1.207973e+02
      vertex   -1.931485e+02 -8.171875e+01 1.205637e+02
      vertex   -1.930414e+02 -8.150000e+01 1.209492e+02
    endloop
  endfacet
  facet normal -2.743026e-01 8.670860e-01 -4.158365e-01
    outer loop
      vertex   -1.930414e+02 -8.150000e+01 1.209492e+02
      vertex   -1.931485e+02 -8.171875e+01 1.205637e+02
      vertex   -1.933570e+02 -8.173438e+01 1.206687e+02
    endloop
  endfacet
  facet normal -2.464188e-01 8.620079e-01 -4.429674e-01
    outer loop
      vertex   -1.930414e+02 -8.150000e+01 1.209492e+02
      vertex   -1.933570e+02 -8.173438e+01 1.206687e+02
      vertex   -1.933049e+02 -8.151563e+01 1.210653e+02
    endloop
  endfacet
  facet normal -2.134794e-01 8.670860e-01 -4.500983e-01
    outer loop
      vertex   -1.933049e+02 -8.151563e+01 1.210653e+02
      vertex   -1.933570e+02 -8.173438e+01 1.206687e+02
      vertex   -1.935782e+02 -8.175000e+01 1.207435e+02
    endloop
  endfacet
  facet normal -1.820767e-01 8.620079e-01 -4.730649e-01
    outer loop
      vertex   -1.933049e+02 -8.151563e+01 1.210653e+02
      vertex   -1.935782e+02 -8.175000e+01 1.207435e+02
      vertex   -1.935820e+02 -8.153125e+01 1.211435e+02
    endloop
  endfacet
  facet normal -1.484638e-01 8.670860e-01 -4.755212e-01
    outer loop
      vertex   -1.935820e+02 -8.153125e+01 1.211435e+02
      vertex   -1.935782e+02 -8.175000e+01 1.207435e+02
      vertex   -1.938076e+02 -8.176563e+01 1.207866e+02
    endloop
  endfacet
  facet normal -1.141590e-01 8.620079e-01 -4.938725e-01
    outer loop
      vertex   -1.935820e+02 -8.153125e+01 1.211435e+02
      vertex   -1.938076e+02 -8.176563e+01 1.207866e+02
      vertex   -1.938673e+02 -8.154688e+01 1.211822e+02
    endloop
  endfacet
  facet normal -8.053283e-02 8.670860e-01 -4.916059e-01
    outer loop
      vertex   -1.938673e+02 -8.154688e+01 1.211822e+02
      vertex   -1.938076e+02 -8.176563e+01 1.207866e+02
      vertex   -1.940408e+02 -8.178125e+01 1.207972e+02
    endloop
  endfacet
  facet normal -4.399949e-02 8.620079e-01 -5.049816e-01
    outer loop
      vertex   -1.938673e+02 -8.154688e+01 1.211822e+02
      vertex   -1.940408e+02 -8.178125e+01 1.207972e+02
      vertex   -1.941552e+02 -8.156250e+01 1.211806e+02
    endloop
  endfacet
  facet normal -1.102033e-02 8.670860e-01 -4.980366e-01
    outer loop
      vertex   -1.941552e+02 -8.156250e+01 1.211806e+02
      vertex   -1.940408e+02 -8.178125e+01 1.207972e+02
      vertex   -1.942732e+02 -8.179688e+01 1.207752e+02
    endloop
  endfacet
  facet normal 2.702409e-02 8.620079e-01 -5.061739e-01
    outer loop
      vertex   -1.941552e+02 -8.156250e+01 1.211806e+02
      vertex   -1.942732e+02 -8.179688e+01 1.207752e+02
      vertex   -1.944401e+02 -8.157813e+01 1.211388e+02
    endloop
  endfacet
  facet normal 5.870858e-02 8.670860e-01 -4.946870e-01
    outer loop
      vertex   -1.944401e+02 -8.157813e+01 1.211388e+02
      vertex   -1.942732e+02 -8.179688e+01 1.207752e+02
      vertex   -1.945003e+02 -8.181250e+01 1.207209e+02
    endloop
  endfacet
  facet normal 9.751697e-02 8.620079e-01 -4.974262e-01
    outer loop
      vertex   -1.944401e+02 -8.157813e+01 1.211388e+02
      vertex   -1.945003e+02 -8.181250e+01 1.207209e+02
      vertex   -1.947164e+02 -8.159375e+01 1.210576e+02
    endloop
  endfacet
  facet normal 1.272846e-01 8.670860e-01 -4.816228e-01
    outer loop
      vertex   -1.947164e+02 -8.159375e+01 1.210576e+02
      vertex   -1.945003e+02 -8.181250e+01 1.207209e+02
      vertex   -1.947175e+02 -8.182813e+01 1.206353e+02
    endloop
  endfacet
  facet normal 1.660948e-01 8.620079e-01 -4.789101e-01
    outer loop
      vertex   -1.947164e+02 -8.159375e+01 1.210576e+02
      vertex   -1.947175e+02 -8.182813e+01 1.206353e+02
      vertex   -1.949786e+02 -8.160938e+01 1.209385e+02
    endloop
  endfacet
  facet normal 1.933610e-01 8.670860e-01 -4.591007e-01
    outer loop
      vertex   -1.949786e+02 -8.160938e+01 1.209385e+02
      vertex   -1.947175e+02 -8.182813e+01 1.206353e+02
      vertex   -1.949207e+02 -8.184375e+01 1.205202e+02
    endloop
  endfacet
  facet normal 2.314110e-01 8.620079e-01 -4.509893e-01
    outer loop
      vertex   -1.949786e+02 -8.160938e+01 1.209385e+02
      vertex   -1.949207e+02 -8.184375e+01 1.205202e+02
      vertex   -1.952215e+02 -8.162500e+01 1.207840e+02
    endloop
  endfacet
  facet normal 2.556403e-01 8.670860e-01 -4.275628e-01
    outer loop
      vertex   -1.952215e+02 -8.162500e+01 1.207840e+02
      vertex   -1.949207e+02 -8.184375e+01 1.205202e+02
      vertex   -1.951057e+02 -8.185938e+01 1.203779e+02
    endloop
  endfacet
  facet normal 2.921827e-01 8.620079e-01 -4.142121e-01
    outer loop
      vertex   -1.952215e+02 -8.162500e+01 1.207840e+02
      vertex   -1.951057e+02 -8.185938e+01 1.203779e+02
      vertex   -1.954405e+02 -8.164063e+01 1.205970e+02
    endloop
  endfacet
  facet normal 3.128993e-01 8.670860e-01 -3.876286e-01
    outer loop
      vertex   -1.954405e+02 -8.164063e+01 1.205970e+02
      vertex   -1.951057e+02 -8.185938e+01 1.203779e+02
      vertex   -1.952691e+02 -8.187500e+01 1.202111e+02
    endloop
  endfacet
  facet normal 3.472167e-01 8.620079e-01 -3.693006e-01
    outer loop
      vertex   -1.954405e+02 -8.164063e+01 1.205970e+02
      vertex   -1.952691e+02 -8.187500e+01 1.202111e+02
      vertex   -1.956312e+02 -8.165625e+01 1.203813e+02
    endloop
  endfacet
  facet normal 3.640137e-01 8.670860e-01 -3.400822e-01
    outer loop
      vertex   -1.956312e+02 -8.165625e+01 1.203813e+02
      vertex   -1.952691e+02 -8.187500e+01 1.202111e+02
      vertex   -1.954075e+02 -8.189063e+01 1.200231e+02
    endloop
  endfacet
  facet normal 3.954320e-01 8.620079e-01 -3.171370e-01
    outer loop
      vertex   -1.956312e+02 -8.165625e+01 1.203813e+02
      vertex   -1.954075e+02 -8.189063e+01 1.200231e+02
      vertex   -1.957898e+02 -8.167188e+01 1.201410e+02
    endloop
  endfacet
  facet normal 4.079797e-01 8.670860e-01 -2.858574e-01
    outer loop
      vertex   -1.957898e+02 -8.167188e+01 1.201410e+02
      vertex   -1.954075e+02 -8.189063e+01 1.200231e+02
      vertex   -1.955183e+02 -8.190625e+01 1.198176e+02
    endloop
  endfacet
  facet normal 4.358820e-01 8.620079e-01 -2.587455e-01
    outer loop
      vertex   -1.957898e+02 -8.167188e+01 1.201410e+02
      vertex   -1.955183e+02 -8.190625e+01 1.198176e+02
      vertex   -1.959133e+02 -8.168750e+01 1.198809e+02
    endloop
  endfacet
  facet normal 4.439339e-01 8.670860e-01 -2.260190e-01
    outer loop
      vertex   -1.959133e+02 -8.168750e+01 1.198809e+02
      vertex   -1.955183e+02 -8.190625e+01 1.198176e+02
      vertex   -1.955992e+02 -8.192188e+01 1.195986e+02
    endloop
  endfacet
  facet normal 4.677723e-01 8.620079e-01 -1.952728e-01
    outer loop
      vertex   -1.959133e+02 -8.168750e+01 1.198809e+02
      vertex   -1.955992e+02 -8.192188e+01 1.195986e+02
      vertex   -1.959993e+02 -8.170313e+01 1.196060e+02
    endloop
  endfacet
  facet normal 4.711703e-01 8.670860e-01 -1.617420e-01
    outer loop
      vertex   -1.959993e+02 -8.170313e+01 1.196060e+02
      vertex   -1.955992e+02 -8.192188e+01 1.195986e+02
      vertex   -1.956488e+02 -8.193750e+01 1.193705e+02
    endloop
  endfacet
  facet normal 4.904765e-01 8.620079e-01 -1.279654e-01
    outer loop
      vertex   -1.959993e+02 -8.170313e+01 1.196060e+02
      vertex   -1.956488e+02 -8.193750e+01 1.193705e+02
      vertex   -1.960459e+02 -8.171875e+01 1.193219e+02
    endloop
  endfacet
  facet normal 4.891539e-01 8.670860e-01 -9.428886e-02
    outer loop
      vertex   -1.960459e+02 -8.171875e+01 1.193219e+02
      vertex   -1.956488e+02 -8.193750e+01 1.193705e+02
      vertex   -1.956660e+02 -8.195313e+01 1.191377e+02
    endloop
  endfacet
  facet normal 5.035489e-01 8.620079e-01 -5.814502e-02
    outer loop
      vertex   -1.960459e+02 -8.171875e+01 1.193219e+02
      vertex   -1.956660e+02 -8.195313e+01 1.191377e+02
      vertex   -1.960524e+02 -8.173438e+01 1.190340e+02
    endloop
  endfacet
  facet normal 4.975316e-01 8.670860e-01 -2.498406e-02
    outer loop
      vertex   -1.960524e+02 -8.173438e+01 1.190340e+02
      vertex   -1.956660e+02 -8.195313e+01 1.191377e+02
      vertex   -1.956505e+02 -8.196875e+01 1.189047e+02
    endloop
  endfacet
  facet normal 5.067328e-01 8.620079e-01 1.281717e-02
    outer loop
      vertex   -1.960524e+02 -8.173438e+01 1.190340e+02
      vertex   -1.956505e+02 -8.196875e+01 1.189047e+02
      vertex   -1.960186e+02 -8.175000e+01 1.187481e+02
    endloop
  endfacet
  facet normal 4.961390e-01 8.670860e-01 4.481137e-02
    outer loop
      vertex   -1.960186e+02 -8.175000e+01 1.187481e+02
      vertex   -1.956505e+02 -8.196875e+01 1.189047e+02
      vertex   -1.956025e+02 -8.198438e+01 1.186762e+02
    endloop
  endfacet
  facet normal 4.999655e-01 8.620079e-01 8.352767e-02
    outer loop
      vertex   -1.960186e+02 -8.175000e+01 1.187481e+02
      vertex   -1.956025e+02 -8.198438e+01 1.186762e+02
      vertex   -1.959452e+02 -8.176563e+01 1.184697e+02
    endloop
  endfacet
  facet normal 4.850032e-01 8.670860e-01 1.137268e-01
    outer loop
      vertex   -1.959452e+02 -8.176563e+01 1.184697e+02
      vertex   -1.956025e+02 -8.198438e+01 1.186762e+02
      vertex   -1.955231e+02 -8.200000e+01 1.184567e+02
    endloop
  endfacet
  facet normal 4.833800e-01 8.620079e-01 1.525979e-01
    outer loop
      vertex   -1.959452e+02 -8.176563e+01 1.184697e+02
      vertex   -1.955231e+02 -8.200000e+01 1.184567e+02
      vertex   -1.958335e+02 -8.178125e+01 1.182043e+02
    endloop
  endfacet
  facet normal 4.643431e-01 8.670860e-01 1.804089e-01
    outer loop
      vertex   -1.958335e+02 -8.178125e+01 1.182043e+02
      vertex   -1.955231e+02 -8.200000e+01 1.184567e+02
      vertex   -1.954138e+02 -8.201563e+01 1.182504e+02
    endloop
  endfacet
  facet normal 4.573021e-01 8.620079e-01 2.186714e-01
    outer loop
      vertex   -1.958335e+02 -8.178125e+01 1.182043e+02
      vertex   -1.954138e+02 -8.201563e+01 1.182504e+02
      vertex   -1.956858e+02 -8.179688e+01 1.179571e+02
    endloop
  endfacet
  facet normal 4.345644e-01 8.670860e-01 2.435482e-01
    outer loop
      vertex   -1.956858e+02 -8.179688e+01 1.179571e+02
      vertex   -1.954138e+02 -8.201563e+01 1.182504e+02
      vertex   -1.952767e+02 -8.203125e+01 1.180614e+02
    endloop
  endfacet
  facet normal 4.222437e-01 8.620079e-01 2.804507e-01
    outer loop
      vertex   -1.956858e+02 -8.179688e+01 1.179571e+02
      vertex   -1.952767e+02 -8.203125e+01 1.180614e+02
      vertex   -1.955051e+02 -8.181250e+01 1.177329e+02
    endloop
  endfacet
  facet normal 3.962518e-01 8.670860e-01 3.019047e-01
    outer loop
      vertex   -1.955051e+02 -8.181250e+01 1.177329e+02
      vertex   -1.952767e+02 -8.203125e+01 1.180614e+02
      vertex   -1.951145e+02 -8.204688e+01 1.178935e+02
    endloop
  endfacet
  facet normal 3.788935e-01 8.620079e-01 3.367226e-01
    outer loop
      vertex   -1.955051e+02 -8.181250e+01 1.177329e+02
      vertex   -1.951145e+02 -8.204688e+01 1.178935e+02
      vertex   -1.952948e+02 -8.182813e+01 1.175363e+02
    endloop
  endfacet
  facet normal 3.501577e-01 8.670860e-01 3.543325e-01
    outer loop
      vertex   -1.952948e+02 -8.182813e+01 1.175363e+02
      vertex   -1.951145e+02 -8.204688e+01 1.178935e+02
      vertex   -1.949305e+02 -8.206250e+01 1.177498e+02
    endloop
  endfacet
  facet normal 3.281026e-01 8.620079e-01 3.863820e-01
    outer loop
      vertex   -1.952948e+02 -8.182813e+01 1.175363e+02
      vertex   -1.949305e+02 -8.206250e+01 1.177498e+02
      vertex   -1.950590e+02 -8.184375e+01 1.173709e+02
    endloop
  endfacet
  facet normal 2.971872e-01 8.670860e-01 3.998020e-01
    outer loop
      vertex   -1.950590e+02 -8.184375e+01 1.173709e+02
      vertex   -1.949305e+02 -8.206250e+01 1.177498e+02
      vertex   -1.947282e+02 -8.207813e+01 1.176333e+02
    endloop
  endfacet
  facet normal 2.708685e-01 8.620079e-01 4.284537e-01
    outer loop
      vertex   -1.950590e+02 -8.184375e+01 1.173709e+02
      vertex   -1.947282e+02 -8.207813e+01 1.176333e+02
      vertex   -1.948025e+02 -8.185938e+01 1.172402e+02
    endloop
  endfacet
  facet normal 2.383807e-01 8.670860e-01 4.374203e-01
    outer loop
      vertex   -1.948025e+02 -8.185938e+01 1.172402e+02
      vertex   -1.947282e+02 -8.207813e+01 1.176333e+02
      vertex   -1.945115e+02 -8.209375e+01 1.175462e+02
    endloop
  endfacet
  facet normal 2.083152e-01 8.620079e-01 4.621116e-01
    outer loop
      vertex   -1.948025e+02 -8.185938e+01 1.172402e+02
      vertex   -1.945115e+02 -8.209375e+01 1.175462e+02
      vertex   -1.945302e+02 -8.187500e+01 1.171466e+02
    endloop
  endfacet
  facet normal 1.748930e-01 8.670860e-01 4.664487e-01
    outer loop
      vertex   -1.945302e+02 -8.187500e+01 1.171466e+02
      vertex   -1.945115e+02 -8.209375e+01 1.175462e+02
      vertex   -1.942849e+02 -8.210938e+01 1.174903e+02
    endloop
  endfacet
  facet normal 1.416711e-01 8.620079e-01 4.866946e-01
    outer loop
      vertex   -1.945302e+02 -8.187500e+01 1.171466e+02
      vertex   -1.942849e+02 -8.210938e+01 1.174903e+02
      vertex   -1.942475e+02 -8.189063e+01 1.170920e+02
    endloop
  endfacet
  facet normal 1.079707e-01 8.670860e-01 4.863170e-01
    outer loop
      vertex   -1.942475e+02 -8.189063e+01 1.170920e+02
      vertex   -1.942849e+02 -8.210938e+01 1.174903e+02
      vertex   -1.940526e+02 -8.212500e+01 1.174666e+02
    endloop
  endfacet
  facet normal 7.224481e-02 8.620079e-01 5.017201e-01
    outer loop
      vertex   -1.942475e+02 -8.189063e+01 1.170920e+02
      vertex   -1.940526e+02 -8.212500e+01 1.174666e+02
      vertex   -1.939599e+02 -8.190625e+01 1.170774e+02
    endloop
  endfacet
  facet normal 3.892813e-02 8.670860e-01 4.966352e-01
    outer loop
      vertex   -1.939599e+02 -8.190625e+01 1.170774e+02
      vertex   -1.940526e+02 -8.212500e+01 1.174666e+02
      vertex   -1.938193e+02 -8.214063e+01 1.174756e+02
    endloop
  endfacet
  facet normal 1.399827e-03 8.620079e-01 5.068929e-01
    outer loop
      vertex   -1.939599e+02 -8.190625e+01 1.170774e+02
      vertex   -1.938193e+02 -8.214063e+01 1.174756e+02
      vertex   -1.936731e+02 -8.192188e+01 1.171032e+02
    endloop
  endfacet
  facet normal -3.087890e-02 8.670860e-01 4.972006e-01
    outer loop
      vertex   -1.936731e+02 -8.192188e+01 1.171032e+02
      vertex   -1.938193e+02 -8.214063e+01 1.174756e+02
      vertex   -1.935896e+02 -8.215625e+01 1.175171e+02
    endloop
  endfacet
  facet normal -6.947265e-02 8.620079e-01 5.021115e-01
    outer loop
      vertex   -1.936731e+02 -8.192188e+01 1.171032e+02
      vertex   -1.935896e+02 -8.215625e+01 1.175171e+02
      vertex   -1.933927e+02 -8.193750e+01 1.171688e+02
    endloop
  endfacet
  facet normal -1.000795e-01 8.670860e-01 4.880021e-01
    outer loop
      vertex   -1.933927e+02 -8.193750e+01 1.171688e+02
      vertex   -1.935896e+02 -8.215625e+01 1.175171e+02
      vertex   -1.933679e+02 -8.217188e+01 1.175903e+02
    endloop
  endfacet
  facet normal -1.389808e-01 8.620079e-01 4.874697e-01
    outer loop
      vertex   -1.933927e+02 -8.193750e+01 1.171688e+02
      vertex   -1.933679e+02 -8.217188e+01 1.175903e+02
      vertex   -1.931243e+02 -8.195313e+01 1.172730e+02
    endloop
  endfacet
  facet normal -1.673148e-01 8.670860e-01 4.692203e-01
    outer loop
      vertex   -1.931243e+02 -8.195313e+01 1.172730e+02
      vertex   -1.933679e+02 -8.217188e+01 1.175903e+02
      vertex   -1.931586e+02 -8.218750e+01 1.176938e+02
    endloop
  endfacet
  facet normal -2.057598e-01 8.620079e-01 4.632551e-01
    outer loop
      vertex   -1.931243e+02 -8.195313e+01 1.172730e+02
      vertex   -1.931586e+02 -8.218750e+01 1.176938e+02
      vertex   -1.928730e+02 -8.196875e+01 1.174136e+02
    endloop
  endfacet
  facet normal -2.312645e-01 8.670860e-01 4.412241e-01
    outer loop
      vertex   -1.928730e+02 -8.196875e+01 1.174136e+02
      vertex   -1.931586e+02 -8.218750e+01 1.176938e+02
      vertex   -1.929659e+02 -8.220313e+01 1.178255e+02
    endloop
  endfacet
  facet normal -2.684980e-01 8.620079e-01 4.299432e-01
    outer loop
      vertex   -1.928730e+02 -8.196875e+01 1.174136e+02
      vertex   -1.929659e+02 -8.220313e+01 1.178255e+02
      vertex   -1.926439e+02 -8.198438e+01 1.175880e+02
    endloop
  endfacet
  facet normal -2.906726e-01 8.670860e-01 4.045632e-01
    outer loop
      vertex   -1.926439e+02 -8.198438e+01 1.175880e+02
      vertex   -1.929659e+02 -8.220313e+01 1.178255e+02
      vertex   -1.927934e+02 -8.221875e+01 1.179829e+02
    endloop
  endfacet
  facet normal -3.259636e-01 8.620079e-01 3.881882e-01
    outer loop
      vertex   -1.926439e+02 -8.198438e+01 1.175880e+02
      vertex   -1.927934e+02 -8.221875e+01 1.179829e+02
      vertex   -1.924415e+02 -8.200000e+01 1.177927e+02
    endloop
  endfacet
  facet normal -3.443725e-01 8.670860e-01 3.599576e-01
    outer loop
      vertex   -1.924415e+02 -8.200000e+01 1.177927e+02
      vertex   -1.927934e+02 -8.221875e+01 1.179829e+02
      vertex   -1.926447e+02 -8.223438e+01 1.181629e+02
    endloop
  endfacet
  facet normal -3.770279e-01 8.620079e-01 3.388101e-01
    outer loop
      vertex   -1.924415e+02 -8.200000e+01 1.177927e+02
      vertex   -1.926447e+02 -8.223438e+01 1.181629e+02
      vertex   -1.922696e+02 -8.201563e+01 1.180238e+02
    endloop
  endfacet
  facet normal -3.913098e-01 8.670860e-01 3.082833e-01
    outer loop
      vertex   -1.922696e+02 -8.201563e+01 1.180238e+02
      vertex   -1.926447e+02 -8.223438e+01 1.181629e+02
      vertex   -1.925226e+02 -8.225000e+01 1.183618e+02
    endloop
  endfacet
  facet normal -4.206883e-01 8.620079e-01 2.827785e-01
    outer loop
      vertex   -1.922696e+02 -8.201563e+01 1.180238e+02
      vertex   -1.925226e+02 -8.225000e+01 1.183618e+02
      vertex   -1.921317e+02 -8.203125e+01 1.182765e+02
    endloop
  endfacet
  facet normal -4.305626e-01 8.670860e-01 2.505550e-01
    outer loop
      vertex   -1.921317e+02 -8.203125e+01 1.182765e+02
      vertex   -1.925226e+02 -8.225000e+01 1.183618e+02
      vertex   -1.924294e+02 -8.226563e+01 1.185759e+02
    endloop
  endfacet
  facet normal -4.560874e-01 8.620079e-01 2.211938e-01
    outer loop
      vertex   -1.921317e+02 -8.203125e+01 1.182765e+02
      vertex   -1.924294e+02 -8.226563e+01 1.185759e+02
      vertex   -1.920305e+02 -8.204688e+01 1.185461e+02
    endloop
  endfacet
  facet normal -4.613601e-01 8.670860e-01 1.879063e-01
    outer loop
      vertex   -1.920305e+02 -8.204688e+01 1.185461e+02
      vertex   -1.924294e+02 -8.226563e+01 1.185759e+02
      vertex   -1.923672e+02 -8.228125e+01 1.188009e+02
    endloop
  endfacet
  facet normal -4.825298e-01 8.620079e-01 1.552653e-01
    outer loop
      vertex   -1.920305e+02 -8.204688e+01 1.185461e+02
      vertex   -1.923672e+02 -8.228125e+01 1.188009e+02
      vertex   -1.919679e+02 -8.206250e+01 1.188272e+02
    endloop
  endfacet
  facet normal -4.830975e-01 8.670860e-01 1.215676e-01
    outer loop
      vertex   -1.919679e+02 -8.206250e+01 1.188272e+02
      vertex   -1.923672e+02 -8.228125e+01 1.188009e+02
      vertex   -1.923370e+02 -8.229688e+01 1.190324e+02
    endloop
  endfacet
  facet normal -4.994965e-01 8.620079e-01 8.628776e-02
    outer loop
      vertex   -1.919679e+02 -8.206250e+01 1.188272e+02
      vertex   -1.923370e+02 -8.229688e+01 1.190324e+02
      vertex   -1.919453e+02 -8.207813e+01 1.191142e+02
    endloop
  endfacet
  facet normal -4.953480e-01 8.670860e-01 5.284158e-02
    outer loop
      vertex   -1.919453e+02 -8.207813e+01 1.191142e+02
      vertex   -1.923370e+02 -8.229688e+01 1.190324e+02
      vertex   -1.923394e+02 -8.231250e+01 1.192659e+02
    endloop
  endfacet
  facet normal -5.066542e-01 8.620079e-01 1.561572e-02
    outer loop
      vertex   -1.919453e+02 -8.207813e+01 1.191142e+02
      vertex   -1.923394e+02 -8.231250e+01 1.192659e+02
      vertex   -1.919631e+02 -8.209375e+01 1.194016e+02
    endloop
  endfacet
  facet normal -4.978710e-01 8.670860e-01 -1.692214e-02
    outer loop
      vertex   -1.919631e+02 -8.209375e+01 1.194016e+02
      vertex   -1.923394e+02 -8.231250e+01 1.192659e+02
      vertex   -1.923745e+02 -8.232813e+01 1.194967e+02
    endloop
  endfacet
  facet normal -5.038624e-01 8.620079e-01 -5.536297e-02
    outer loop
      vertex   -1.919631e+02 -8.209375e+01 1.194016e+02
      vertex   -1.923745e+02 -8.232813e+01 1.194967e+02
      vertex   -1.920208e+02 -8.210938e+01 1.196837e+02
    endloop
  endfacet
  facet normal -4.906169e-01 8.670860e-01 -8.635354e-02
    outer loop
      vertex   -1.920208e+02 -8.210938e+01 1.196837e+02
      vertex   -1.923745e+02 -8.232813e+01 1.194967e+02
      vertex   -1.924414e+02 -8.234375e+01 1.197204e+02
    endloop
  endfacet
  facet normal -4.911758e-01 8.620079e-01 -1.252545e-01
    outer loop
      vertex   -1.920208e+02 -8.210938e+01 1.196837e+02
      vertex   -1.924414e+02 -8.234375e+01 1.197204e+02
      vertex   -1.921174e+02 -8.212500e+01 1.199550e+02
    endloop
  endfacet
  facet normal -4.737282e-01 8.670860e-01 -1.540892e-01
    outer loop
      vertex   -1.921174e+02 -8.212500e+01 1.199550e+02
      vertex   -1.924414e+02 -8.234375e+01 1.197204e+02
      vertex   -1.925390e+02 -8.235938e+01 1.199325e+02
    endloop
  endfacet
  facet normal -4.688437e-01 8.620079e-01 -1.926862e-01
    outer loop
      vertex   -1.921174e+02 -8.212500e+01 1.199550e+02
      vertex   -1.925390e+02 -8.235938e+01 1.199325e+02
      vertex   -1.922509e+02 -8.214063e+01 1.202101e+02
    endloop
  endfacet
  facet normal -4.475366e-01 8.670860e-01 -2.187988e-01
    outer loop
      vertex   -1.922509e+02 -8.214063e+01 1.202101e+02
      vertex   -1.925390e+02 -8.235938e+01 1.199325e+02
      vertex   -1.926653e+02 -8.237500e+01 1.201288e+02
    endloop
  endfacet
  facet normal -4.373045e-01 8.620079e-01 -2.563341e-01
    outer loop
      vertex   -1.922509e+02 -8.214063e+01 1.202101e+02
      vertex   -1.926653e+02 -8.237500e+01 1.201288e+02
      vertex   -1.924188e+02 -8.215625e+01 1.204440e+02
    endloop
  endfacet
  facet normal -4.125563e-01 8.670860e-01 -2.792117e-01
    outer loop
      vertex   -1.924188e+02 -8.215625e+01 1.204440e+02
      vertex   -1.926653e+02 -8.237500e+01 1.201288e+02
      vertex   -1.928178e+02 -8.239063e+01 1.203056e+02
    endloop
  endfacet
  facet normal -3.971776e-01 8.620079e-01 -3.149481e-01
    outer loop
      vertex   -1.924188e+02 -8.215625e+01 1.204440e+02
      vertex   -1.928178e+02 -8.239063e+01 1.203056e+02
      vertex   -1.926178e+02 -8.217188e+01 1.206521e+02
    endloop
  endfacet
  facet normal -3.694744e-01 8.670860e-01 -3.341416e-01
    outer loop
      vertex   -1.926178e+02 -8.217188e+01 1.206521e+02
      vertex   -1.928178e+02 -8.239063e+01 1.203056e+02
      vertex   -1.929935e+02 -8.240625e+01 1.204593e+02
    endloop
  endfacet
  facet normal -3.492511e-01 8.620079e-01 -3.673773e-01
    outer loop
      vertex   -1.926178e+02 -8.217188e+01 1.206521e+02
      vertex   -1.929935e+02 -8.240625e+01 1.204593e+02
      vertex   -1.928439e+02 -8.218750e+01 1.208304e+02
    endloop
  endfacet
  facet normal -3.191368e-01 8.670860e-01 -3.825096e-01
    outer loop
      vertex   -1.928439e+02 -8.218750e+01 1.208304e+02
      vertex   -1.929935e+02 -8.240625e+01 1.204593e+02
      vertex   -1.931890e+02 -8.242188e+01 1.205870e+02
    endloop
  endfacet
  facet normal -2.944660e-01 8.620079e-01 -4.125920e-01
    outer loop
      vertex   -1.928439e+02 -8.218750e+01 1.208304e+02
      vertex   -1.931890e+02 -8.242188e+01 1.205870e+02
      vertex   -1.930927e+02 -8.220313e+01 1.209753e+02
    endloop
  endfacet
  facet normal -2.625321e-01 8.670860e-01 -4.233661e-01
    outer loop
      vertex   -1.930927e+02 -8.220313e+01 1.209753e+02
      vertex   -1.931890e+02 -8.242188e+01 1.205870e+02
      vertex   -1.934004e+02 -8.243750e+01 1.206861e+02
    endloop
  endfacet
  facet normal -2.338983e-01 8.620079e-01 -4.497043e-01
    outer loop
      vertex   -1.930927e+02 -8.220313e+01 1.209753e+02
      vertex   -1.934004e+02 -8.243750e+01 1.206861e+02
      vertex   -1.933594e+02 -8.221875e+01 1.210841e+02
    endloop
  endfacet
  facet normal -2.007718e-01 8.670860e-01 -4.559085e-01
    outer loop
      vertex   -1.933594e+02 -8.221875e+01 1.210841e+02
      vertex   -1.934004e+02 -8.243750e+01 1.206861e+02
      vertex   -1.936235e+02 -8.245313e+01 1.207547e+02
    endloop
  endfacet
  facet normal -1.687374e-01 8.620079e-01 -4.779854e-01
    outer loop
      vertex   -1.933594e+02 -8.221875e+01 1.210841e+02
      vertex   -1.936235e+02 -8.245313e+01 1.207547e+02
      vertex   -1.936386e+02 -8.223438e+01 1.211545e+02
    endloop
  endfacet
  facet normal -1.350689e-01 8.670860e-01 -4.794980e-01
    outer loop
      vertex   -1.936386e+02 -8.223438e+01 1.211545e+02
      vertex   -1.936235e+02 -8.245313e+01 1.207547e+02
      vertex   -1.938541e+02 -8.246875e+01 1.207913e+02
    endloop
  endfacet
  facet normal -1.002628e-01 8.620079e-01 -4.968800e-01
    outer loop
      vertex   -1.936386e+02 -8.223438e+01 1.211545e+02
      vertex   -1.938541e+02 -8.246875e+01 1.207913e+02
      vertex   -1.939249e+02 -8.225000e+01 1.211851e+02
    endloop
  endfacet
  facet normal -6.671345e-02 8.670860e-01 -4.936712e-01
    outer loop
      vertex   -1.939249e+02 -8.225000e+01 1.211851e+02
      vertex   -1.938541e+02 -8.246875e+01 1.207913e+02
      vertex   -1.940875e+02 -8.248438e+01 1.207954e+02
    endloop
  endfacet
  facet normal -2.981934e-02 8.620079e-01 -5.060170e-01
    outer loop
      vertex   -1.939249e+02 -8.225000e+01 1.211851e+02
      vertex   -1.940875e+02 -8.248438e+01 1.207954e+02
      vertex   -1.942126e+02 -8.226563e+01 1.211755e+02
    endloop
  endfacet
  facet normal 2.952065e-03 8.670860e-01 -4.981498e-01
    outer loop
      vertex   -1.942126e+02 -8.226563e+01 1.211755e+02
      vertex   -1.940875e+02 -8.248438e+01 1.207954e+02
      vertex   -1.943192e+02 -8.250000e+01 1.207669e+02
    endloop
  endfacet
  facet normal 4.120974e-02 8.620079e-01 -5.052169e-01
    outer loop
      vertex   -1.942126e+02 -8.226563e+01 1.211755e+02
      vertex   -1.943192e+02 -8.250000e+01 1.207669e+02
      vertex   -1.944962e+02 -8.228125e+01 1.211257e+02
    endloop
  endfacet
  facet normal 7.255961e-02 8.670860e-01 -4.928458e-01
    outer loop
      vertex   -1.944962e+02 -8.228125e+01 1.211257e+02
      vertex   -1.943192e+02 -8.250000e+01 1.207669e+02
      vertex   -1.945447e+02 -8.251563e+01 1.207062e+02
    endloop
  endfacet
  facet normal 1.114296e-01 8.620079e-01 -4.944955e-01
    outer loop
      vertex   -1.944962e+02 -8.228125e+01 1.211257e+02
      vertex   -1.945447e+02 -8.251563e+01 1.207062e+02
      vertex   -1.947701e+02 -8.229688e+01 1.210367e+02
    endloop
  endfacet
  facet normal 1.407422e-01 8.670860e-01 -4.778635e-01
    outer loop
      vertex   -1.947701e+02 -8.229688e+01 1.210367e+02
      vertex   -1.945447e+02 -8.251563e+01 1.207062e+02
      vertex   -1.947594e+02 -8.253125e+01 1.206146e+02
    endloop
  endfacet
  facet normal 1.794611e-01 8.620079e-01 -4.740634e-01
    outer loop
      vertex   -1.947701e+02 -8.229688e+01 1.210367e+02
      vertex   -1.947594e+02 -8.253125e+01 1.206146e+02
      vertex   -1.950288e+02 -8.231250e+01 1.209104e+02
    endloop
  endfacet
  facet normal 2.061610e-01 8.670860e-01 -4.534970e-01
    outer loop
      vertex   -1.950288e+02 -8.231250e+01 1.209104e+02
      vertex   -1.947594e+02 -8.253125e+01 1.206146e+02
      vertex   -1.949592e+02 -8.254688e+01 1.204939e+02
    endloop
  endfacet
  facet normal 2.439685e-01 8.620079e-01 -4.443217e-01
    outer loop
      vertex   -1.950288e+02 -8.231250e+01 1.209104e+02
      vertex   -1.949592e+02 -8.254688e+01 1.204939e+02
      vertex   -1.952674e+02 -8.232813e+01 1.207491e+02
    endloop
  endfacet
  facet normal 2.675312e-01 8.670860e-01 -4.202249e-01
    outer loop
      vertex   -1.952674e+02 -8.232813e+01 1.207491e+02
      vertex   -1.949592e+02 -8.254688e+01 1.204939e+02
      vertex   -1.951402e+02 -8.256250e+01 1.203464e+02
    endloop
  endfacet
  facet normal 3.036849e-01 8.620079e-01 -4.058545e-01
    outer loop
      vertex   -1.952674e+02 -8.232813e+01 1.207491e+02
      vertex   -1.951402e+02 -8.256250e+01 1.203464e+02
      vertex   -1.954810e+02 -8.234375e+01 1.205560e+02
    endloop
  endfacet
  facet normal 3.236478e-01 8.670860e-01 -3.787005e-01
    outer loop
      vertex   -1.954810e+02 -8.234375e+01 1.205560e+02
      vertex   -1.951402e+02 -8.256250e+01 1.203464e+02
      vertex   -1.952988e+02 -8.257813e+01 1.201751e+02
    endloop
  endfacet
  facet normal 3.574376e-01 8.620079e-01 -3.594172e-01
    outer loop
      vertex   -1.954810e+02 -8.234375e+01 1.205560e+02
      vertex   -1.952988e+02 -8.257813e+01 1.201751e+02
      vertex   -1.956656e+02 -8.235938e+01 1.203350e+02
    endloop
  endfacet
  facet normal 3.734086e-01 8.670860e-01 -3.297392e-01
    outer loop
      vertex   -1.956656e+02 -8.235938e+01 1.203350e+02
      vertex   -1.952988e+02 -8.257813e+01 1.201751e+02
      vertex   -1.954319e+02 -8.259375e+01 1.199833e+02
    endloop
  endfacet
  facet normal 4.041710e-01 8.620079e-01 -3.059218e-01
    outer loop
      vertex   -1.956656e+02 -8.235938e+01 1.203350e+02
      vertex   -1.954319e+02 -8.259375e+01 1.199833e+02
      vertex   -1.958174e+02 -8.237500e+01 1.200904e+02
    endloop
  endfacet
  facet normal 4.158365e-01 8.670860e-01 -2.743026e-01
    outer loop
      vertex   -1.958174e+02 -8.237500e+01 1.200904e+02
      vertex   -1.954319e+02 -8.259375e+01 1.199833e+02
      vertex   -1.955369e+02 -8.260938e+01 1.197747e+02
    endloop
  endfacet
  facet normal 4.429674e-01 8.620079e-01 -2.464188e-01
    outer loop
      vertex   -1.958174e+02 -8.237500e+01 1.200904e+02
      vertex   -1.955369e+02 -8.260938e+01 1.197747e+02
      vertex   -1.959336e+02 -8.239063e+01 1.198269e+02
    endloop
  endfacet
  facet normal 4.500983e-01 8.670860e-01 -2.134794e-01
    outer loop
      vertex   -1.959336e+02 -8.239063e+01 1.198269e+02
      vertex   -1.955369e+02 -8.260938e+01 1.197747e+02
      vertex   -1.956117e+02 -8.262500e+01 1.195536e+02
    endloop
  endfacet
  facet normal 4.730649e-01 8.620079e-01 -1.820767e-01
    outer loop
      vertex   -1.959336e+02 -8.239063e+01 1.198269e+02
      vertex   -1.956117e+02 -8.262500e+01 1.195536e+02
      vertex   -1.960118e+02 -8.240625e+01 1.195498e+02
    endloop
  endfacet
  facet normal 4.755212e-01 8.670860e-01 -1.484638e-01
    outer loop
      vertex   -1.960118e+02 -8.240625e+01 1.195498e+02
      vertex   -1.956117e+02 -8.262500e+01 1.195536e+02
      vertex   -1.956549e+02 -8.264063e+01 1.193241e+02
    endloop
  endfacet
  facet normal 4.938725e-01 8.620079e-01 -1.141590e-01
    outer loop
      vertex   -1.960118e+02 -8.240625e+01 1.195498e+02
      vertex   -1.956549e+02 -8.264063e+01 1.193241e+02
      vertex   -1.960505e+02 -8.242188e+01 1.192644e+02
    endloop
  endfacet
  facet normal 4.916059e-01 8.670860e-01 -8.053283e-02
    outer loop
      vertex   -1.960505e+02 -8.242188e+01 1.192644e+02
      vertex   -1.956549e+02 -8.264063e+01 1.193241e+02
      vertex   -1.956655e+02 -8.265625e+01 1.190909e+02
    endloop
  endfacet
  facet normal 5.049816e-01 8.620079e-01 -4.399949e-02
    outer loop
      vertex   -1.960505e+02 -8.242188e+01 1.192644e+02
      vertex   -1.956655e+02 -8.265625e+01 1.190909e+02
      vertex   -1.960489e+02 -8.243750e+01 1.189765e+02
    endloop
  endfacet
  facet normal 4.980366e-01 8.670860e-01 -1.102033e-02
    outer loop
      vertex   -1.960489e+02 -8.243750e+01 1.189765e+02
      vertex   -1.956655e+02 -8.265625e+01 1.190909e+02
      vertex   -1.956434e+02 -8.267188e+01 1.188585e+02
    endloop
  endfacet
  facet normal 5.061739e-01 8.620079e-01 2.702409e-02
    outer loop
      vertex   -1.960489e+02 -8.243750e+01 1.189765e+02
      vertex   -1.956434e+02 -8.267188e+01 1.188585e+02
      vertex   -1.960071e+02 -8.245313e+01 1.186916e+02
    endloop
  endfacet
  facet normal 4.946870e-01 8.670860e-01 5.870858e-02
    outer loop
      vertex   -1.960071e+02 -8.245313e+01 1.186916e+02
      vertex   -1.956434e+02 -8.267188e+01 1.188585e+02
      vertex   -1.955891e+02 -8.268750e+01 1.186315e+02
    endloop
  endfacet
  facet normal 4.974262e-01 8.620079e-01 9.751697e-02
    outer loop
      vertex   -1.960071e+02 -8.245313e+01 1.186916e+02
      vertex   -1.955891e+02 -8.268750e+01 1.186315e+02
      vertex   -1.959258e+02 -8.246875e+01 1.184154e+02
    endloop
  endfacet
  facet normal 4.816228e-01 8.670860e-01 1.272846e-01
    outer loop
      vertex   -1.959258e+02 -8.246875e+01 1.184154e+02
      vertex   -1.955891e+02 -8.268750e+01 1.186315e+02
      vertex   -1.955036e+02 -8.270313e+01 1.184142e+02
    endloop
  endfacet
  facet normal 4.789101e-01 8.620079e-01 1.660948e-01
    outer loop
      vertex   -1.959258e+02 -8.246875e+01 1.184154e+02
      vertex   -1.955036e+02 -8.270313e+01 1.184142e+02
      vertex   -1.958068e+02 -8.248438e+01 1.181532e+02
    endloop
  endfacet
  facet normal 4.591007e-01 8.670860e-01 1.933610e-01
    outer loop
      vertex   -1.958068e+02 -8.248438e+01 1.181532e+02
      vertex   -1.955036e+02 -8.270313e+01 1.184142e+02
      vertex   -1.953885e+02 -8.271875e+01 1.182111e+02
    endloop
  endfacet
  facet normal 4.509893e-01 8.620079e-01 2.314110e-01
    outer loop
      vertex   -1.958068e+02 -8.248438e+01 1.181532e+02
      vertex   -1.953885e+02 -8.271875e+01 1.182111e+02
      vertex   -1.956522e+02 -8.250000e+01 1.179102e+02
    endloop
  endfacet
  facet normal 4.275628e-01 8.670860e-01 2.556403e-01
    outer loop
      vertex   -1.956522e+02 -8.250000e+01 1.179102e+02
      vertex   -1.953885e+02 -8.271875e+01 1.182111e+02
      vertex   -1.952462e+02 -8.273438e+01 1.180260e+02
    endloop
  endfacet
  facet normal 4.142121e-01 8.620079e-01 2.921827e-01
    outer loop
      vertex   -1.956522e+02 -8.250000e+01 1.179102e+02
      vertex   -1.952462e+02 -8.273438e+01 1.180260e+02
      vertex   -1.954653e+02 -8.251563e+01 1.176913e+02
    endloop
  endfacet
  facet normal 3.876286e-01 8.670860e-01 3.128993e-01
    outer loop
      vertex   -1.954653e+02 -8.251563e+01 1.176913e+02
      vertex   -1.952462e+02 -8.273438e+01 1.180260e+02
      vertex   -1.950794e+02 -8.275000e+01 1.178627e+02
    endloop
  endfacet
  facet normal 3.693006e-01 8.620079e-01 3.472167e-01
    outer loop
      vertex   -1.954653e+02 -8.251563e+01 1.176913e+02
      vertex   -1.950794e+02 -8.275000e+01 1.178627e+02
      vertex   -1.952495e+02 -8.253125e+01 1.175006e+02
    endloop
  endfacet
  facet normal 3.400822e-01 8.670860e-01 3.640137e-01
    outer loop
      vertex   -1.952495e+02 -8.253125e+01 1.175006e+02
      vertex   -1.950794e+02 -8.275000e+01 1.178627e+02
      vertex   -1.948914e+02 -8.276563e+01 1.177243e+02
    endloop
  endfacet
  facet normal 3.171370e-01 8.620079e-01 3.954320e-01
    outer loop
      vertex   -1.952495e+02 -8.253125e+01 1.175006e+02
      vertex   -1.948914e+02 -8.276563e+01 1.177243e+02
      vertex   -1.950092e+02 -8.254688e+01 1.173419e+02
    endloop
  endfacet
  facet normal 2.858574e-01 8.670860e-01 4.079797e-01
    outer loop
      vertex   -1.950092e+02 -8.254688e+01 1.173419e+02
      vertex   -1.948914e+02 -8.276563e+01 1.177243e+02
      vertex   -1.946858e+02 -8.278125e+01 1.176135e+02
    endloop
  endfacet
  facet normal 2.587455e-01 8.620079e-01 4.358820e-01
    outer loop
      vertex   -1.950092e+02 -8.254688e+01 1.173419e+02
      vertex   -1.946858e+02 -8.278125e+01 1.176135e+02
      vertex   -1.947491e+02 -8.256250e+01 1.172184e+02
    endloop
  endfacet
  facet normal 2.260190e-01 8.670860e-01 4.439339e-01
    outer loop
      vertex   -1.947491e+02 -8.256250e+01 1.172184e+02
      vertex   -1.946858e+02 -8.278125e+01 1.176135e+02
      vertex   -1.944669e+02 -8.279688e+01 1.175325e+02
    endloop
  endfacet
  facet normal 1.952728e-01 8.620079e-01 4.677723e-01
    outer loop
      vertex   -1.947491e+02 -8.256250e+01 1.172184e+02
      vertex   -1.944669e+02 -8.279688e+01 1.175325e+02
      vertex   -1.944743e+02 -8.257813e+01 1.171325e+02
    endloop
  endfacet
  facet normal 1.617420e-01 8.670860e-01 4.711703e-01
    outer loop
      vertex   -1.944743e+02 -8.257813e+01 1.171325e+02
      vertex   -1.944669e+02 -8.279688e+01 1.175325e+02
      vertex   -1.942387e+02 -8.281250e+01 1.174829e+02
    endloop
  endfacet
  facet normal 1.279654e-01 8.620079e-01 4.904765e-01
    outer loop
      vertex   -1.944743e+02 -8.257813e+01 1.171325e+02
      vertex   -1.942387e+02 -8.281250e+01 1.174829e+02
      vertex   -1.941901e+02 -8.259375e+01 1.170858e+02
    endloop
  endfacet
  facet normal 9.428886e-02 8.670860e-01 4.891539e-01
    outer loop
      vertex   -1.941901e+02 -8.259375e+01 1.170858e+02
      vertex   -1.942387e+02 -8.281250e+01 1.174829e+02
      vertex   -1.940059e+02 -8.282813e+01 1.174658e+02
    endloop
  endfacet
  facet normal 5.814502e-02 8.620079e-01 5.035489e-01
    outer loop
      vertex   -1.941901e+02 -8.259375e+01 1.170858e+02
      vertex   -1.940059e+02 -8.282813e+01 1.174658e+02
      vertex   -1.939023e+02 -8.260938e+01 1.170793e+02
    endloop
  endfacet
  facet normal 2.498406e-02 8.670860e-01 4.975316e-01
    outer loop
      vertex   -1.939023e+02 -8.260938e+01 1.170793e+02
      vertex   -1.940059e+02 -8.282813e+01 1.174658e+02
      vertex   -1.937730e+02 -8.284375e+01 1.174813e+02
    endloop
  endfacet
  facet normal -1.281717e-02 8.620079e-01 5.067328e-01
    outer loop
      vertex   -1.939023e+02 -8.260938e+01 1.170793e+02
      vertex   -1.937730e+02 -8.284375e+01 1.174813e+02
      vertex   -1.936163e+02 -8.262500e+01 1.171131e+02
    endloop
  endfacet
  facet normal -4.481137e-02 8.670860e-01 4.961390e-01
    outer loop
      vertex   -1.936163e+02 -8.262500e+01 1.171131e+02
      vertex   -1.937730e+02 -8.284375e+01 1.174813e+02
      vertex   -1.935445e+02 -8.285938e+01 1.175292e+02
    endloop
  endfacet
  facet normal -8.352767e-02 8.620079e-01 4.999655e-01
    outer loop
      vertex   -1.936163e+02 -8.262500e+01 1.171131e+02
      vertex   -1.935445e+02 -8.285938e+01 1.175292e+02
      vertex   -1.933379e+02 -8.264063e+01 1.171866e+02
    endloop
  endfacet
  facet normal -1.137268e-01 8.670860e-01 4.850032e-01
    outer loop
      vertex   -1.933379e+02 -8.264063e+01 1.171866e+02
      vertex   -1.935445e+02 -8.285938e+01 1.175292e+02
      vertex   -1.933249e+02 -8.287500e+01 1.176087e+02
    endloop
  endfacet
  facet normal -1.525979e-01 8.620079e-01 4.833800e-01
    outer loop
      vertex   -1.933379e+02 -8.264063e+01 1.171866e+02
      vertex   -1.933249e+02 -8.287500e+01 1.176087e+02
      vertex   -1.930725e+02 -8.265625e+01 1.172982e+02
    endloop
  endfacet
  facet normal -1.804089e-01 8.670860e-01 4.643431e-01
    outer loop
      vertex   -1.930725e+02 -8.265625e+01 1.172982e+02
      vertex   -1.933249e+02 -8.287500e+01 1.176087e+02
      vertex   -1.931186e+02 -8.289063e+01 1.177180e+02
    endloop
  endfacet
  facet normal -2.186714e-01 8.620079e-01 4.573021e-01
    outer loop
      vertex   -1.930725e+02 -8.265625e+01 1.172982e+02
      vertex   -1.931186e+02 -8.289063e+01 1.177180e+02
      vertex   -1.928253e+02 -8.267188e+01 1.174459e+02
    endloop
  endfacet
  facet normal -2.435482e-01 8.670860e-01 4.345644e-01
    outer loop
      vertex   -1.928253e+02 -8.267188e+01 1.174459e+02
      vertex   -1.931186e+02 -8.289063e+01 1.177180e+02
      vertex   -1.929297e+02 -8.290625e+01 1.178551e+02
    endloop
  endfacet
  facet normal -2.804507e-01 8.620079e-01 4.222437e-01
    outer loop
      vertex   -1.928253e+02 -8.267188e+01 1.174459e+02
      vertex   -1.929297e+02 -8.290625e+01 1.178551e+02
      vertex   -1.926012e+02 -8.268750e+01 1.176267e+02
    endloop
  endfacet
  facet normal -3.019047e-01 8.670860e-01 3.962518e-01
    outer loop
      vertex   -1.926012e+02 -8.268750e+01 1.176267e+02
      vertex   -1.929297e+02 -8.290625e+01 1.178551e+02
      vertex   -1.927617e+02 -8.292188e+01 1.180172e+02
    endloop
  endfacet
  facet normal -3.367226e-01 8.620079e-01 3.788935e-01
    outer loop
      vertex   -1.926012e+02 -8.268750e+01 1.176267e+02
      vertex   -1.927617e+02 -8.292188e+01 1.180172e+02
      vertex   -1.924045e+02 -8.270313e+01 1.178370e+02
    endloop
  endfacet
  facet normal -3.543325e-01 8.670860e-01 3.501577e-01
    outer loop
      vertex   -1.924045e+02 -8.270313e+01 1.178370e+02
      vertex   -1.927617e+02 -8.292188e+01 1.180172e+02
      vertex   -1.926181e+02 -8.293750e+01 1.182013e+02
    endloop
  endfacet
  facet normal -3.863820e-01 8.620079e-01 3.281026e-01
    outer loop
      vertex   -1.924045e+02 -8.270313e+01 1.178370e+02
      vertex   -1.926181e+02 -8.293750e+01 1.182013e+02
      vertex   -1.922392e+02 -8.271875e+01 1.180727e+02
    endloop
  endfacet
  facet normal -3.998020e-01 8.670860e-01 2.971872e-01
    outer loop
      vertex   -1.922392e+02 -8.271875e+01 1.180727e+02
      vertex   -1.926181e+02 -8.293750e+01 1.182013e+02
      vertex   -1.925016e+02 -8.295313e+01 1.184036e+02
    endloop
  endfacet
  facet normal -4.284537e-01 8.620079e-01 2.708685e-01
    outer loop
      vertex   -1.922392e+02 -8.271875e+01 1.180727e+02
      vertex   -1.925016e+02 -8.295313e+01 1.184036e+02
      vertex   -1.921084e+02 -8.273438e+01 1.183293e+02
    endloop
  endfacet
  facet normal -4.374203e-01 8.670860e-01 2.383807e-01
    outer loop
      vertex   -1.921084e+02 -8.273438e+01 1.183293e+02
      vertex   -1.925016e+02 -8.295313e+01 1.184036e+02
      vertex   -1.924145e+02 -8.296875e+01 1.186202e+02
    endloop
  endfacet
  facet normal -4.621116e-01 8.620079e-01 2.083152e-01
    outer loop
      vertex   -1.921084e+02 -8.273438e+01 1.183293e+02
      vertex   -1.924145e+02 -8.296875e+01 1.186202e+02
      vertex   -1.920148e+02 -8.275000e+01 1.186016e+02
    endloop
  endfacet
  facet normal -4.664487e-01 8.670860e-01 1.748930e-01
    outer loop
      vertex   -1.920148e+02 -8.275000e+01 1.186016e+02
      vertex   -1.924145e+02 -8.296875e+01 1.186202e+02
      vertex   -1.923585e+02 -8.298438e+01 1.188469e+02
    endloop
  endfacet
  facet normal -4.866946e-01 8.620079e-01 1.416711e-01
    outer loop
      vertex   -1.920148e+02 -8.275000e+01 1.186016e+02
      vertex   -1.923585e+02 -8.298438e+01 1.188469e+02
      vertex   -1.919602e+02 -8.276563e+01 1.188843e+02
    endloop
  endfacet
  facet normal -4.863170e-01 8.670860e-01 1.079707e-01
    outer loop
      vertex   -1.919602e+02 -8.276563e+01 1.188843e+02
      vertex   -1.923585e+02 -8.298438e+01 1.188469e+02
      vertex   -1.923348e+02 -8.300000e+01 1.190791e+02
    endloop
  endfacet
  facet normal -5.017201e-01 8.620079e-01 7.224481e-02
    outer loop
      vertex   -1.919602e+02 -8.276563e+01 1.188843e+02
      vertex   -1.923348e+02 -8.300000e+01 1.190791e+02
      vertex   -1.919456e+02 -8.278125e+01 1.191719e+02
    endloop
  endfacet
  facet normal -4.966352e-01 8.670860e-01 3.892813e-02
    outer loop
      vertex   -1.919456e+02 -8.278125e+01 1.191719e+02
      vertex   -1.923348e+02 -8.300000e+01 1.190791e+02
      vertex   -1.923438e+02 -8.301563e+01 1.193124e+02
    endloop
  endfacet
  facet normal -5.068929e-01 8.620079e-01 1.399827e-03
    outer loop
      vertex   -1.919456e+02 -8.278125e+01 1.191719e+02
      vertex   -1.923438e+02 -8.301563e+01 1.193124e+02
      vertex   -1.919714e+02 -8.279688e+01 1.194587e+02
    endloop
  endfacet
  facet normal -4.972006e-01 8.670860e-01 -3.087890e-02
    outer loop
      vertex   -1.919714e+02 -8.279688e+01 1.194587e+02
      vertex   -1.923438e+02 -8.301563e+01 1.193124e+02
      vertex   -1.923853e+02 -8.303125e+01 1.195422e+02
    endloop
  endfacet
  facet normal -5.021115e-01 8.620079e-01 -6.947265e-02
    outer loop
      vertex   -1.919714e+02 -8.279688e+01 1.194587e+02
      vertex   -1.923853e+02 -8.303125e+01 1.195422e+02
      vertex   -1.920370e+02 -8.281250e+01 1.197390e+02
    endloop
  endfacet
  facet normal -4.880021e-01 8.670860e-01 -1.000795e-01
    outer loop
      vertex   -1.920370e+02 -8.281250e+01 1.197390e+02
      vertex   -1.923853e+02 -8.303125e+01 1.195422e+02
      vertex   -1.924586e+02 -8.304688e+01 1.197638e+02
    endloop
  endfacet
  facet normal -4.874697e-01 8.620079e-01 -1.389808e-01
    outer loop
      vertex   -1.920370e+02 -8.281250e+01 1.197390e+02
      vertex   -1.924586e+02 -8.304688e+01 1.197638e+02
      vertex   -1.921412e+02 -8.282813e+01 1.200075e+02
    endloop
  endfacet
  facet normal -4.692203e-01 8.670860e-01 -1.673148e-01
    outer loop
      vertex   -1.921412e+02 -8.282813e+01 1.200075e+02
      vertex   -1.924586e+02 -8.304688e+01 1.197638e+02
      vertex   -1.925621e+02 -8.306250e+01 1.199731e+02
    endloop
  endfacet
  facet normal -4.632551e-01 8.620079e-01 -2.057598e-01
    outer loop
      vertex   -1.921412e+02 -8.282813e+01 1.200075e+02
      vertex   -1.925621e+02 -8.306250e+01 1.199731e+02
      vertex   -1.922819e+02 -8.284375e+01 1.202587e+02
    endloop
  endfacet
  facet normal -4.412241e-01 8.670860e-01 -2.312645e-01
    outer loop
      vertex   -1.922819e+02 -8.284375e+01 1.202587e+02
      vertex   -1.925621e+02 -8.306250e+01 1.199731e+02
      vertex   -1.926938e+02 -8.307813e+01 1.201659e+02
    endloop
  endfacet
  facet normal -4.299432e-01 8.620079e-01 -2.684980e-01
    outer loop
      vertex   -1.922819e+02 -8.284375e+01 1.202587e+02
      vertex   -1.926938e+02 -8.307813e+01 1.201659e+02
      vertex   -1.924563e+02 -8.285938e+01 1.204878e+02
    endloop
  endfacet
  facet normal -4.045632e-01 8.670860e-01 -2.906726e-01
    outer loop
      vertex   -1.924563e+02 -8.285938e+01 1.204878e+02
      vertex   -1.926938e+02 -8.307813e+01 1.201659e+02
      vertex   -1.928512e+02 -8.309375e+01 1.203383e+02
    endloop
  endfacet
  facet normal -3.881882e-01 8.620079e-01 -3.259636e-01
    outer loop
      vertex   -1.924563e+02 -8.285938e+01 1.204878e+02
      vertex   -1.928512e+02 -8.309375e+01 1.203383e+02
      vertex   -1.926610e+02 -8.287500e+01 1.206903e+02
    endloop
  endfacet
  facet normal -3.599576e-01 8.670860e-01 -3.443725e-01
    outer loop
      vertex   -1.926610e+02 -8.287500e+01 1.206903e+02
      vertex   -1.928512e+02 -8.309375e+01 1.203383e+02
      vertex   -1.930311e+02 -8.310938e+01 1.204871e+02
    endloop
  endfacet
  facet normal -3.388101e-01 8.620079e-01 -3.770279e-01
    outer loop
      vertex   -1.926610e+02 -8.287500e+01 1.206903e+02
      vertex   -1.930311e+02 -8.310938e+01 1.204871e+02
      vertex   -1.928920e+02 -8.289063e+01 1.208622e+02
    endloop
  endfacet
  facet normal -3.082833e-01 8.670860e-01 -3.913098e-01
    outer loop
      vertex   -1.928920e+02 -8.289063e+01 1.208622e+02
      vertex   -1.930311e+02 -8.310938e+01 1.204871e+02
      vertex   -1.932301e+02 -8.312500e+01 1.206092e+02
    endloop
  endfacet
  facet normal -2.827785e-01 8.620079e-01 -4.206883e-01
    outer loop
      vertex   -1.928920e+02 -8.289063e+01 1.208622e+02
      vertex   -1.932301e+02 -8.312500e+01 1.206092e+02
      vertex   -1.931448e+02 -8.290625e+01 1.210001e+02
    endloop
  endfacet
  facet normal -2.505550e-01 8.670860e-01 -4.305626e-01
    outer loop
      vertex   -1.931448e+02 -8.290625e+01 1.210001e+02
      vertex   -1.932301e+02 -8.312500e+01 1.206092e+02
      vertex   -1.934442e+02 -8.314063e+01 1.207023e+02
    endloop
  endfacet
  facet normal -2.211938e-01 8.620079e-01 -4.560874e-01
    outer loop
      vertex   -1.931448e+02 -8.290625e+01 1.210001e+02
      vertex   -1.934442e+02 -8.314063e+01 1.207023e+02
      vertex   -1.934144e+02 -8.292188e+01 1.211013e+02
    endloop
  endfacet
  facet normal -1.879063e-01 8.670860e-01 -4.613601e-01
    outer loop
      vertex   -1.934144e+02 -8.292188e+01 1.211013e+02
      vertex   -1.934442e+02 -8.314063e+01 1.207023e+02
      vertex   -1.936692e+02 -8.315625e+01 1.207646e+02
    endloop
  endfacet
  facet normal -1.552653e-01 8.620079e-01 -4.825298e-01
    outer loop
      vertex   -1.934144e+02 -8.292188e+01 1.211013e+02
      vertex   -1.936692e+02 -8.315625e+01 1.207646e+02
      vertex   -1.936954e+02 -8.293750e+01 1.211638e+02
    endloop
  endfacet
  facet normal -1.215676e-01 8.670860e-01 -4.830975e-01
    outer loop
      vertex   -1.936954e+02 -8.293750e+01 1.211638e+02
      vertex   -1.936692e+02 -8.315625e+01 1.207646e+02
      vertex   -1.939007e+02 -8.317188e+01 1.207948e+02
    endloop
  endfacet
  facet normal -8.628776e-02 8.620079e-01 -4.994965e-01
    outer loop
      vertex   -1.936954e+02 -8.293750e+01 1.211638e+02
      vertex   -1.939007e+02 -8.317188e+01 1.207948e+02
      vertex   -1.939825e+02 -8.295313e+01 1.211864e+02
    endloop
  endfacet
  facet normal -5.284158e-02 8.670860e-01 -4.953480e-01
    outer loop
      vertex   -1.939825e+02 -8.295313e+01 1.211864e+02
      vertex   -1.939007e+02 -8.317188e+01 1.207948e+02
      vertex   -1.941341e+02 -8.318750e+01 1.207923e+02
    endloop
  endfacet
  facet normal -1.561572e-02 8.620079e-01 -5.066542e-01
    outer loop
      vertex   -1.939825e+02 -8.295313e+01 1.211864e+02
      vertex   -1.941341e+02 -8.318750e+01 1.207923e+02
      vertex   -1.942699e+02 -8.296875e+01 1.211687e+02
    endloop
  endfacet
  facet normal 1.692214e-02 8.670860e-01 -4.978710e-01
    outer loop
      vertex   -1.942699e+02 -8.296875e+01 1.211687e+02
      vertex   -1.941341e+02 -8.318750e+01 1.207923e+02
      vertex   -1.943650e+02 -8.320313e+01 1.207573e+02
    endloop
  endfacet
  facet normal 5.536297e-02 8.620079e-01 -5.038624e-01
    outer loop
      vertex   -1.942699e+02 -8.296875e+01 1.211687e+02
      vertex   -1.943650e+02 -8.320313e+01 1.207573e+02
      vertex   -1.945520e+02 -8.298438e+01 1.211110e+02
    endloop
  endfacet
  facet normal 8.635354e-02 8.670860e-01 -4.906169e-01
    outer loop
      vertex   -1.945520e+02 -8.298438e+01 1.211110e+02
      vertex   -1.943650e+02 -8.320313e+01 1.207573e+02
      vertex   -1.945886e+02 -8.321875e+01 1.206903e+02
    endloop
  endfacet
  facet normal 1.252545e-01 8.620079e-01 -4.911758e-01
    outer loop
      vertex   -1.945520e+02 -8.298438e+01 1.211110e+02
      vertex   -1.945886e+02 -8.321875e+01 1.206903e+02
      vertex   -1.948232e+02 -8.300000e+01 1.210144e+02
    endloop
  endfacet
  facet normal 1.540892e-01 8.670860e-01 -4.737282e-01
    outer loop
      vertex   -1.948232e+02 -8.300000e+01 1.210144e+02
      vertex   -1.945886e+02 -8.321875e+01 1.206903e+02
      vertex   -1.948007e+02 -8.323438e+01 1.205927e+02
    endloop
  endfacet
  facet normal 1.926862e-01 8.620079e-01 -4.688437e-01
    outer loop
      vertex   -1.948232e+02 -8.300000e+01 1.210144e+02
      vertex   -1.948007e+02 -8.323438e+01 1.205927e+02
      vertex   -1.950783e+02 -8.301563e+01 1.208808e+02
    endloop
  endfacet
  facet normal 2.187988e-01 8.670860e-01 -4.475366e-01
    outer loop
      vertex   -1.950783e+02 -8.301563e+01 1.208808e+02
      vertex   -1.948007e+02 -8.323438e+01 1.205927e+02
      vertex   -1.949971e+02 -8.325000e+01 1.204664e+02
    endloop
  endfacet
  facet normal 2.563341e-01 8.620079e-01 -4.373045e-01
    outer loop
      vertex   -1.950783e+02 -8.301563e+01 1.208808e+02
      vertex   -1.949971e+02 -8.325000e+01 1.204664e+02
      vertex   -1.953122e+02 -8.303125e+01 1.207129e+02
    endloop
  endfacet
  facet normal 2.792117e-01 8.670860e-01 -4.125563e-01
    outer loop
      vertex   -1.953122e+02 -8.303125e+01 1.207129e+02
      vertex   -1.949971e+02 -8.325000e+01 1.204664e+02
      vertex   -1.951739e+02 -8.326563e+01 1.203140e+02
    endloop
  endfacet
  facet normal 3.149481e-01 8.620079e-01 -3.971776e-01
    outer loop
      vertex   -1.953122e+02 -8.303125e+01 1.207129e+02
      vertex   -1.951739e+02 -8.326563e+01 1.203140e+02
      vertex   -1.955204e+02 -8.304688e+01 1.205139e+02
    endloop
  endfacet
  facet normal 3.341416e-01 8.670860e-01 -3.694744e-01
    outer loop
      vertex   -1.955204e+02 -8.304688e+01 1.205139e+02
      vertex   -1.951739e+02 -8.326563e+01 1.203140e+02
      vertex   -1.953276e+02 -8.328125e+01 1.201383e+02
    endloop
  endfacet
  facet normal 3.673773e-01 8.620079e-01 -3.492511e-01
    outer loop
      vertex   -1.955204e+02 -8.304688e+01 1.205139e+02
      vertex   -1.953276e+02 -8.328125e+01 1.201383e+02
      vertex   -1.956987e+02 -8.306250e+01 1.202878e+02
    endloop
  endfacet
  facet normal 3.825096e-01 8.670860e-01 -3.191368e-01
    outer loop
      vertex   -1.956987e+02 -8.306250e+01 1.202878e+02
      vertex   -1.953276e+02 -8.328125e+01 1.201383e+02
      vertex   -1.954553e+02 -8.329688e+01 1.199428e+02
    endloop
  endfacet
  facet normal 4.125920e-01 8.620079e-01 -2.944660e-01
    outer loop
      vertex   -1.956987e+02 -8.306250e+01 1.202878e+02
      vertex   -1.954553e+02 -8.329688e+01 1.199428e+02
      vertex   -1.958436e+02 -8.307813e+01 1.200390e+02
    endloop
  endfacet
  facet normal 4.233661e-01 8.670860e-01 -2.625321e-01
    outer loop
      vertex   -1.958436e+02 -8.307813e+01 1.200390e+02
      vertex   -1.954553e+02 -8.329688e+01 1.199428e+02
      vertex   -1.955543e+02 -8.331250e+01 1.197314e+02
    endloop
  endfacet
  facet normal 4.497043e-01 8.620079e-01 -2.338983e-01
    outer loop
      vertex   -1.958436e+02 -8.307813e+01 1.200390e+02
      vertex   -1.955543e+02 -8.331250e+01 1.197314e+02
      vertex   -1.959523e+02 -8.309375e+01 1.197724e+02
    endloop
  endfacet
  facet normal 4.559085e-01 8.670860e-01 -2.007718e-01
    outer loop
      vertex   -1.959523e+02 -8.309375e+01 1.197724e+02
      vertex   -1.955543e+02 -8.331250e+01 1.197314e+02
      vertex   -1.956229e+02 -8.332813e+01 1.195082e+02
    endloop
  endfacet
  facet normal 4.779854e-01 8.620079e-01 -1.687374e-01
    outer loop
      vertex   -1.959523e+02 -8.309375e+01 1.197724e+02
      vertex   -1.956229e+02 -8.332813e+01 1.195082e+02
      vertex   -1.960227e+02 -8.310938e+01 1.194932e+02
    endloop
  endfacet
  facet normal 4.794980e-01 8.670860e-01 -1.350689e-01
    outer loop
      vertex   -1.960227e+02 -8.310938e+01 1.194932e+02
      vertex   -1.956229e+02 -8.332813e+01 1.195082e+02
      vertex   -1.956596e+02 -8.334375e+01 1.192777e+02
    endloop
  endfacet
  facet normal 4.968800e-01 8.620079e-01 -1.002628e-01
    outer loop
      vertex   -1.960227e+02 -8.310938e+01 1.194932e+02
      vertex   -1.956596e+02 -8.334375e+01 1.192777e+02
      vertex   -1.960534e+02 -8.312500e+01 1.192069e+02
    endloop
  endfacet
  facet normal 4.936712e-01 8.670860e-01 -6.671345e-02
    outer loop
      vertex   -1.960534e+02 -8.312500e+01 1.192069e+02
      vertex   -1.956596e+02 -8.334375e+01 1.192777e+02
      vertex   -1.956637e+02 -8.335938e+01 1.190442e+02
    endloop
  endfacet
  facet normal 5.060170e-01 8.620079e-01 -2.981934e-02
    outer loop
      vertex   -1.960534e+02 -8.312500e+01 1.192069e+02
      vertex   -1.956637e+02 -8.335938e+01 1.190442e+02
      vertex   -1.960437e+02 -8.314063e+01 1.189191e+02
    endloop
  endfacet
  facet normal 4.981498e-01 8.670860e-01 2.952065e-03
    outer loop
      vertex   -1.960437e+02 -8.314063e+01 1.189191e+02
      vertex   -1.956637e+02 -8.335938e+01 1.190442e+02
      vertex   -1.956351e+02 -8.337500e+01 1.188125e+02
    endloop
  endfacet
  facet normal 5.052169e-01 8.620079e-01 4.120974e-02
    outer loop
      vertex   -1.960437e+02 -8.314063e+01 1.189191e+02
      vertex   -1.956351e+02 -8.337500e+01 1.188125e+02
      vertex   -1.959939e+02 -8.315625e+01 1.186355e+02
    endloop
  endfacet
  facet normal 4.928458e-01 8.670860e-01 7.255961e-02
    outer loop
      vertex   -1.959939e+02 -8.315625e+01 1.186355e+02
      vertex   -1.956351e+02 -8.337500e+01 1.188125e+02
      vertex   -1.955744e+02 -8.339063e+01 1.185871e+02
    endloop
  endfacet
  facet normal 4.944955e-01 8.620079e-01 1.114296e-01
    outer loop
      vertex   -1.959939e+02 -8.315625e+01 1.186355e+02
      vertex   -1.955744e+02 -8.339063e+01 1.185871e+02
      vertex   -1.959050e+02 -8.317188e+01 1.183616e+02
    endloop
  endfacet
  facet normal 4.778635e-01 8.670860e-01 1.407422e-01
    outer loop
      vertex   -1.959050e+02 -8.317188e+01 1.183616e+02
      vertex   -1.955744e+02 -8.339063e+01 1.185871e+02
      vertex   -1.954828e+02 -8.340625e+01 1.183723e+02
    endloop
  endfacet
  facet normal 4.740634e-01 8.620079e-01 1.794611e-01
    outer loop
      vertex   -1.959050e+02 -8.317188e+01 1.183616e+02
      vertex   -1.954828e+02 -8.340625e+01 1.183723e+02
      vertex   -1.957786e+02 -8.318750e+01 1.181029e+02
    endloop
  endfacet
  facet normal 4.534970e-01 8.670860e-01 2.061610e-01
    outer loop
      vertex   -1.957786e+02 -8.318750e+01 1.181029e+02
      vertex   -1.954828e+02 -8.340625e+01 1.183723e+02
      vertex   -1.953621e+02 -8.342188e+01 1.181725e+02
    endloop
  endfacet
  facet normal 4.443217e-01 8.620079e-01 2.439685e-01
    outer loop
      vertex   -1.957786e+02 -8.318750e+01 1.181029e+02
      vertex   -1.953621e+02 -8.342188e+01 1.181725e+02
      vertex   -1.956173e+02 -8.320313e+01 1.178644e+02
    endloop
  endfacet
  facet normal 4.202249e-01 8.670860e-01 2.675312e-01
    outer loop
      vertex   -1.956173e+02 -8.320313e+01 1.178644e+02
      vertex   -1.953621e+02 -8.342188e+01 1.181725e+02
      vertex   -1.952147e+02 -8.343750e+01 1.179915e+02
    endloop
  endfacet
  facet normal 4.058545e-01 8.620079e-01 3.036849e-01
    outer loop
      vertex   -1.956173e+02 -8.320313e+01 1.178644e+02
      vertex   -1.952147e+02 -8.343750e+01 1.179915e+02
      vertex   -1.954243e+02 -8.321875e+01 1.176507e+02
    endloop
  endfacet
  facet normal 3.787005e-01 8.670860e-01 3.236478e-01
    outer loop
      vertex   -1.954243e+02 -8.321875e+01 1.176507e+02
      vertex   -1.952147e+02 -8.343750e+01 1.179915e+02
      vertex   -1.950433e+02 -8.345313e+01 1.178329e+02
    endloop
  endfacet
  facet normal 3.594172e-01 8.620079e-01 3.574376e-01
    outer loop
      vertex   -1.954243e+02 -8.321875e+01 1.176507e+02
      vertex   -1.950433e+02 -8.345313e+01 1.178329e+02
      vertex   -1.952033e+02 -8.323438e+01 1.174662e+02
    endloop
  endfacet
  facet normal 3.297392e-01 8.670860e-01 3.734086e-01
    outer loop
      vertex   -1.952033e+02 -8.323438e+01 1.174662e+02
      vertex   -1.950433e+02 -8.345313e+01 1.178329e+02
      vertex   -1.948515e+02 -8.346875e+01 1.176998e+02
    endloop
  endfacet
  facet normal 3.059218e-01 8.620079e-01 4.041710e-01
    outer loop
      vertex   -1.952033e+02 -8.323438e+01 1.174662e+02
      vertex   -1.948515e+02 -8.346875e+01 1.176998e+02
      vertex   -1.949586e+02 -8.325000e+01 1.173143e+02
    endloop
  endfacet
  facet normal 2.743026e-01 8.670860e-01 4.158365e-01
    outer loop
      vertex   -1.949586e+02 -8.325000e+01 1.173143e+02
      vertex   -1.948515e+02 -8.346875e+01 1.176998e+02
      vertex   -1.946430e+02 -8.348438e+01 1.175948e+02
    endloop
  endfacet
  facet normal 2.464188e-01 8.620079e-01 4.429674e-01
    outer loop
      vertex   -1.949586e+02 -8.325000e+01 1.173143e+02
      vertex   -1.946430e+02 -8.348438e+01 1.175948e+02
      vertex   -1.946951e+02 -8.326563e+01 1.171982e+02
    endloop
  endfacet
  facet normal 2.134794e-01 8.670860e-01 4.500983e-01
    outer loop
      vertex   -1.946951e+02 -8.326563e+01 1.171982e+02
      vertex   -1.946430e+02 -8.348438e+01 1.175948e+02
      vertex   -1.944218e+02 -8.350000e+01 1.175200e+02
    endloop
  endfacet
  facet normal 1.820767e-01 8.620079e-01 4.730649e-01
    outer loop
      vertex   -1.946951e+02 -8.326563e+01 1.171982e+02
      vertex   -1.944218e+02 -8.350000e+01 1.175200e+02
      vertex   -1.944180e+02 -8.328125e+01 1.171200e+02
    endloop
  endfacet
  facet normal 1.484638e-01 8.670860e-01 4.755212e-01
    outer loop
      vertex   -1.944180e+02 -8.328125e+01 1.171200e+02
      vertex   -1.944218e+02 -8.350000e+01 1.175200e+02
      vertex   -1.941924e+02 -8.351563e+01 1.174769e+02
    endloop
  endfacet
  facet normal 1.141590e-01 8.620079e-01 4.938725e-01
    outer loop
      vertex   -1.944180e+02 -8.328125e+01 1.171200e+02
      vertex   -1.941924e+02 -8.351563e+01 1.174769e+02
      vertex   -1.941327e+02 -8.329688e+01 1.170813e+02
    endloop
  endfacet
  facet normal 8.053283e-02 8.670860e-01 4.916059e-01
    outer loop
      vertex   -1.941327e+02 -8.329688e+01 1.170813e+02
      vertex   -1.941924e+02 -8.351563e+01 1.174769e+02
      vertex   -1.939592e+02 -8.353125e+01 1.174663e+02
    endloop
  endfacet
  facet normal 4.399949e-02 8.620079e-01 5.049816e-01
    outer loop
      vertex   -1.941327e+02 -8.329688e+01 1.170813e+02
      vertex   -1.939592e+02 -8.353125e+01 1.174663e+02
      vertex   -1.938448e+02 -8.331250e+01 1.170829e+02
    endloop
  endfacet
  facet normal 1.102033e-02 8.670860e-01 4.980366e-01
    outer loop
      vertex   -1.938448e+02 -8.331250e+01 1.170829e+02
      vertex   -1.939592e+02 -8.353125e+01 1.174663e+02
      vertex   -1.937268e+02 -8.354688e+01 1.174883e+02
    endloop
  endfacet
  facet normal -2.702409e-02 8.620079e-01 5.061739e-01
    outer loop
      vertex   -1.938448e+02 -8.331250e+01 1.170829e+02
      vertex   -1.937268e+02 -8.354688e+01 1.174883e+02
      vertex   -1.935599e+02 -8.332813e+01 1.171247e+02
    endloop
  endfacet
  facet normal -5.870858e-02 8.670860e-01 4.946870e-01
    outer loop
      vertex   -1.935599e+02 -8.332813e+01 1.171247e+02
      vertex   -1.937268e+02 -8.354688e+01 1.174883e+02
      vertex   -1.934997e+02 -8.356250e+01 1.175426e+02
    endloop
  endfacet
  facet normal -9.751697e-02 8.620079e-01 4.974262e-01
    outer loop
      vertex   -1.935599e+02 -8.332813e+01 1.171247e+02
      vertex   -1.934997e+02 -8.356250e+01 1.175426e+02
      vertex   -1.932836e+02 -8.334375e+01 1.172059e+02
    endloop
  endfacet
  facet normal -1.272846e-01 8.670860e-01 4.816228e-01
    outer loop
      vertex   -1.932836e+02 -8.334375e+01 1.172059e+02
      vertex   -1.934997e+02 -8.356250e+01 1.175426e+02
      vertex   -1.932825e+02 -8.357813e+01 1.176282e+02
    endloop
  endfacet
  facet normal -1.660948e-01 8.620079e-01 4.789101e-01
    outer loop
      vertex   -1.932836e+02 -8.334375e+01 1.172059e+02
      vertex   -1.932825e+02 -8.357813e+01 1.176282e+02
      vertex   -1.930214e+02 -8.335938e+01 1.173250e+02
    endloop
  endfacet
  facet normal -1.933610e-01 8.670860e-01 4.591007e-01
    outer loop
      vertex   -1.930214e+02 -8.335938e+01 1.173250e+02
      vertex   -1.932825e+02 -8.357813e+01 1.176282e+02
      vertex   -1.930793e+02 -8.359375e+01 1.177433e+02
    endloop
  endfacet
  facet normal -2.314110e-01 8.620079e-01 4.509893e-01
    outer loop
      vertex   -1.930214e+02 -8.335938e+01 1.173250e+02
      vertex   -1.930793e+02 -8.359375e+01 1.177433e+02
      vertex   -1.927785e+02 -8.337500e+01 1.174795e+02
    endloop
  endfacet
  facet normal -2.556403e-01 8.670860e-01 4.275628e-01
    outer loop
      vertex   -1.927785e+02 -8.337500e+01 1.174795e+02
      vertex   -1.930793e+02 -8.359375e+01 1.177433e+02
      vertex   -1.928943e+02 -8.360938e+01 1.178856e+02
    endloop
  endfacet
  facet normal -2.921827e-01 8.620079e-01 4.142121e-01
    outer loop
      vertex   -1.927785e+02 -8.337500e+01 1.174795e+02
      vertex   -1.928943e+02 -8.360938e+01 1.178856e+02
      vertex   -1.925595e+02 -8.339063e+01 1.176665e+02
    endloop
  endfacet
  facet normal -3.128993e-01 8.670860e-01 3.876286e-01
    outer loop
      vertex   -1.925595e+02 -8.339063e+01 1.176665e+02
      vertex   -1.928943e+02 -8.360938e+01 1.178856e+02
      vertex   -1.927309e+02 -8.362500e+01 1.180524e+02
    endloop
  endfacet
  facet normal -3.472167e-01 8.620079e-01 3.693006e-01
    outer loop
      vertex   -1.925595e+02 -8.339063e+01 1.176665e+02
      vertex   -1.927309e+02 -8.362500e+01 1.180524e+02
      vertex   -1.923688e+02 -8.340625e+01 1.178822e+02
    endloop
  endfacet
  facet normal -3.640137e-01 8.670860e-01 3.400822e-01
    outer loop
      vertex   -1.923688e+02 -8.340625e+01 1.178822e+02
      vertex   -1.927309e+02 -8.362500e+01 1.180524e+02
      vertex   -1.925925e+02 -8.364063e+01 1.182404e+02
    endloop
  endfacet
  facet normal -3.954320e-01 8.620079e-01 3.171370e-01
    outer loop
      vertex   -1.923688e+02 -8.340625e+01 1.178822e+02
      vertex   -1.925925e+02 -8.364063e+01 1.182404e+02
      vertex   -1.922102e+02 -8.342188e+01 1.181225e+02
    endloop
  endfacet
  facet normal -4.079797e-01 8.670860e-01 2.858574e-01
    outer loop
      vertex   -1.922102e+02 -8.342188e+01 1.181225e+02
      vertex   -1.925925e+02 -8.364063e+01 1.182404e+02
      vertex   -1.924817e+02 -8.365625e+01 1.184459e+02
    endloop
  endfacet
  facet normal -4.358820e-01 8.620079e-01 2.587455e-01
    outer loop
      vertex   -1.922102e+02 -8.342188e+01 1.181225e+02
      vertex   -1.924817e+02 -8.365625e+01 1.184459e+02
      vertex   -1.920867e+02 -8.343750e+01 1.183826e+02
    endloop
  endfacet
  facet normal -4.439339e-01 8.670860e-01 2.260190e-01
    outer loop
      vertex   -1.920867e+02 -8.343750e+01 1.183826e+02
      vertex   -1.924817e+02 -8.365625e+01 1.184459e+02
      vertex   -1.924008e+02 -8.367188e+01 1.186649e+02
    endloop
  endfacet
  facet normal -4.677723e-01 8.620079e-01 1.952728e-01
    outer loop
      vertex   -1.920867e+02 -8.343750e+01 1.183826e+02
      vertex   -1.924008e+02 -8.367188e+01 1.186649e+02
      vertex   -1.920007e+02 -8.345313e+01 1.186575e+02
    endloop
  endfacet
  facet normal -4.711703e-01 8.670860e-01 1.617420e-01
    outer loop
      vertex   -1.920007e+02 -8.345313e+01 1.186575e+02
      vertex   -1.924008e+02 -8.367188e+01 1.186649e+02
      vertex   -1.923512e+02 -8.368750e+01 1.188930e+02
    endloop
  endfacet
  facet normal -4.904765e-01 8.620079e-01 1.279654e-01
    outer loop
      vertex   -1.920007e+02 -8.345313e+01 1.186575e+02
      vertex   -1.923512e+02 -8.368750e+01 1.188930e+02
      vertex   -1.919541e+02 -8.346875e+01 1.189416e+02
    endloop
  endfacet
  facet normal -4.891539e-01 8.670860e-01 9.428886e-02
    outer loop
      vertex   -1.919541e+02 -8.346875e+01 1.189416e+02
      vertex   -1.923512e+02 -8.368750e+01 1.188930e+02
      vertex   -1.923340e+02 -8.370312e+01 1.191258e+02
    endloop
  endfacet
  facet normal -5.035489e-01 8.620079e-01 5.814502e-02
    outer loop
      vertex   -1.919541e+02 -8.346875e+01 1.189416e+02
      vertex   -1.923340e+02 -8.370312e+01 1.191258e+02
      vertex   -1.919476e+02 -8.348438e+01 1.192295e+02
    endloop
  endfacet
  facet normal -4.975316e-01 8.670860e-01 2.498406e-02
    outer loop
      vertex   -1.919476e+02 -8.348438e+01 1.192295e+02
      vertex   -1.923340e+02 -8.370312e+01 1.191258e+02
      vertex   -1.923495e+02 -8.371875e+01 1.193588e+02
    endloop
  endfacet
  facet normal -5.067328e-01 8.620079e-01 -1.281717e-02
    outer loop
      vertex   -1.919476e+02 -8.348438e+01 1.192295e+02
      vertex   -1.923495e+02 -8.371875e+01 1.193588e+02
      vertex   -1.919814e+02 -8.350000e+01 1.195154e+02
    endloop
  endfacet
  facet normal -4.961390e-01 8.670860e-01 -4.481137e-02
    outer loop
      vertex   -1.919814e+02 -8.350000e+01 1.195154e+02
      vertex   -1.923495e+02 -8.371875e+01 1.193588e+02
      vertex   -1.923975e+02 -8.373438e+01 1.195873e+02
    endloop
  endfacet
  facet normal -4.999655e-01 8.620079e-01 -8.352767e-02
    outer loop
      vertex   -1.919814e+02 -8.350000e+01 1.195154e+02
      vertex   -1.923975e+02 -8.373438e+01 1.195873e+02
      vertex   -1.920548e+02 -8.351563e+01 1.197938e+02
    endloop
  endfacet
  facet normal -4.850032e-01 8.670860e-01 -1.137268e-01
    outer loop
      vertex   -1.920548e+02 -8.351563e+01 1.197938e+02
      vertex   -1.923975e+02 -8.373438e+01 1.195873e+02
      vertex   -1.924769e+02 -8.375000e+01 1.198068e+02
    endloop
  endfacet
  facet normal -4.833800e-01 8.620079e-01 -1.525979e-01
    outer loop
      vertex   -1.920548e+02 -8.351563e+01 1.197938e+02
      vertex   -1.924769e+02 -8.375000e+01 1.198068e+02
      vertex   -1.921665e+02 -8.353125e+01 1.200592e+02
    endloop
  endfacet
  facet normal -4.643431e-01 8.670860e-01 -1.804089e-01
    outer loop
      vertex   -1.921665e+02 -8.353125e+01 1.200592e+02
      vertex   -1.924769e+02 -8.375000e+01 1.198068e+02
      vertex   -1.925862e+02 -8.376563e+01 1.200131e+02
    endloop
  endfacet
  facet normal -4.573021e-01 8.620079e-01 -2.186714e-01
    outer loop
      vertex   -1.921665e+02 -8.353125e+01 1.200592e+02
      vertex   -1.925862e+02 -8.376563e+01 1.200131e+02
      vertex   -1.923142e+02 -8.354688e+01 1.203064e+02
    endloop
  endfacet
  facet normal -4.345644e-01 8.670860e-01 -2.435482e-01
    outer loop
      vertex   -1.923142e+02 -8.354688e+01 1.203064e+02
      vertex   -1.925862e+02 -8.376563e+01 1.200131e+02
      vertex   -1.927233e+02 -8.378125e+01 1.202021e+02
    endloop
  endfacet
  facet normal -4.222437e-01 8.620079e-01 -2.804507e-01
    outer loop
      vertex   -1.923142e+02 -8.354688e+01 1.203064e+02
      vertex   -1.927233e+02 -8.378125e+01 1.202021e+02
      vertex   -1.924949e+02 -8.356250e+01 1.205306e+02
    endloop
  endfacet
  facet normal -3.962518e-01 8.670860e-01 -3.019047e-01
    outer loop
      vertex   -1.924949e+02 -8.356250e+01 1.205306e+02
      vertex   -1.927233e+02 -8.378125e+01 1.202021e+02
      vertex   -1.928855e+02 -8.379688e+01 1.203700e+02
    endloop
  endfacet
  facet normal -3.788935e-01 8.620079e-01 -3.367226e-01
    outer loop
      vertex   -1.924949e+02 -8.356250e+01 1.205306e+02
      vertex   -1.928855e+02 -8.379688e+01 1.203700e+02
      vertex   -1.927052e+02 -8.357813e+01 1.207272e+02
    endloop
  endfacet
  facet normal -3.501577e-01 8.670860e-01 -3.543325e-01
    outer loop
      vertex   -1.927052e+02 -8.357813e+01 1.207272e+02
      vertex   -1.928855e+02 -8.379688e+01 1.203700e+02
      vertex   -1.930695e+02 -8.381250e+01 1.205137e+02
    endloop
  endfacet
  facet normal -3.281026e-01 8.620079e-01 -3.863820e-01
    outer loop
      vertex   -1.927052e+02 -8.357813e+01 1.207272e+02
      vertex   -1.930695e+02 -8.381250e+01 1.205137e+02
      vertex   -1.929410e+02 -8.359375e+01 1.208926e+02
    endloop
  endfacet
  facet normal -2.971872e-01 8.670860e-01 -3.998020e-01
    outer loop
      vertex   -1.929410e+02 -8.359375e+01 1.208926e+02
      vertex   -1.930695e+02 -8.381250e+01 1.205137e+02
      vertex   -1.932718e+02 -8.382813e+01 1.206302e+02
    endloop
  endfacet
  facet normal -2.708685e-01 8.620079e-01 -4.284537e-01
    outer loop
      vertex   -1.929410e+02 -8.359375e+01 1.208926e+02
      vertex   -1.932718e+02 -8.382813e+01 1.206302e+02
      vertex   -1.931975e+02 -8.360938e+01 1.210233e+02
    endloop
  endfacet
  facet normal -2.383807e-01 8.670860e-01 -4.374203e-01
    outer loop
      vertex   -1.931975e+02 -8.360938e+01 1.210233e+02
      vertex   -1.932718e+02 -8.382813e+01 1.206302e+02
      vertex   -1.934885e+02 -8.384375e+01 1.207173e+02
    endloop
  endfacet
  facet normal -2.083152e-01 8.620079e-01 -4.621116e-01
    outer loop
      vertex   -1.931975e+02 -8.360938e+01 1.210233e+02
      vertex   -1.934885e+02 -8.384375e+01 1.207173e+02
      vertex   -1.934698e+02 -8.362500e+01 1.211169e+02
    endloop
  endfacet
  facet normal -1.748930e-01 8.670860e-01 -4.664487e-01
    outer loop
      vertex   -1.934698e+02 -8.362500e+01 1.211169e+02
      vertex   -1.934885e+02 -8.384375e+01 1.207173e+02
      vertex   -1.937151e+02 -8.385938e+01 1.207732e+02
    endloop
  endfacet
  facet normal -1.416711e-01 8.620079e-01 -4.866946e-01
    outer loop
      vertex   -1.934698e+02 -8.362500e+01 1.211169e+02
      vertex   -1.937151e+02 -8.385938e+01 1.207732e+02
      vertex   -1.937525e+02 -8.364063e+01 1.211715e+02
    endloop
  endfacet
  facet normal -1.079707e-01 8.670860e-01 -4.863170e-01
    outer loop
      vertex   -1.937525e+02 -8.364063e+01 1.211715e+02
      vertex   -1.937151e+02 -8.385938e+01 1.207732e+02
      vertex   -1.939474e+02 -8.387500e+01 1.207969e+02
    endloop
  endfacet
  facet normal -7.224481e-02 8.620079e-01 -5.017201e-01
    outer loop
      vertex   -1.937525e+02 -8.364063e+01 1.211715e+02
      vertex   -1.939474e+02 -8.387500e+01 1.207969e+02
      vertex   -1.940401e+02 -8.365625e+01 1.211861e+02
    endloop
  endfacet
  facet normal -3.892813e-02 8.670860e-01 -4.966352e-01
    outer loop
      vertex   -1.940401e+02 -8.365625e+01 1.211861e+02
      vertex   -1.939474e+02 -8.387500e+01 1.207969e+02
      vertex   -1.941807e+02 -8.389063e+01 1.207879e+02
    endloop
  endfacet
  facet normal -1.399827e-03 8.620079e-01 -5.068929e-01
    outer loop
      vertex   -1.940401e+02 -8.365625e+01 1.211861e+02
      vertex   -1.941807e+02 -8.389063e+01 1.207879e+02
      vertex   -1.943269e+02 -8.367188e+01 1.211603e+02
    endloop
  endfacet
  facet normal 3.087890e-02 8.670860e-01 -4.972006e-01
    outer loop
      vertex   -1.943269e+02 -8.367188e+01 1.211603e+02
      vertex   -1.941807e+02 -8.389063e+01 1.207879e+02
      vertex   -1.944104e+02 -8.390625e+01 1.207464e+02
    endloop
  endfacet
  facet normal 6.947265e-02 8.620079e-01 -5.021115e-01
    outer loop
      vertex   -1.943269e+02 -8.367188e+01 1.211603e+02
      vertex   -1.944104e+02 -8.390625e+01 1.207464e+02
      vertex   -1.946073e+02 -8.368750e+01 1.210947e+02
    endloop
  endfacet
  facet normal 1.000795e-01 8.670860e-01 -4.880021e-01
    outer loop
      vertex   -1.946073e+02 -8.368750e+01 1.210947e+02
      vertex   -1.944104e+02 -8.390625e+01 1.207464e+02
      vertex   -1.946321e+02 -8.392188e+01 1.206732e+02
    endloop
  endfacet
  facet normal 1.389808e-01 8.620079e-01 -4.874697e-01
    outer loop
      vertex   -1.946073e+02 -8.368750e+01 1.210947e+02
      vertex   -1.946321e+02 -8.392188e+01 1.206732e+02
      vertex   -1.948757e+02 -8.370313e+01 1.209905e+02
    endloop
  endfacet
  facet normal 1.673148e-01 8.670860e-01 -4.692203e-01
    outer loop
      vertex   -1.948757e+02 -8.370313e+01 1.209905e+02
      vertex   -1.946321e+02 -8.392188e+01 1.206732e+02
      vertex   -1.948414e+02 -8.393750e+01 1.205697e+02
    endloop
  endfacet
  facet normal 2.057598e-01 8.620079e-01 -4.632551e-01
    outer loop
      vertex   -1.948757e+02 -8.370313e+01 1.209905e+02
      vertex   -1.948414e+02 -8.393750e+01 1.205697e+02
      vertex   -1.951270e+02 -8.371875e+01 1.208499e+02
    endloop
  endfacet
  facet normal 2.312645e-01 8.670860e-01 -4.412241e-01
    outer loop
      vertex   -1.951270e+02 -8.371875e+01 1.208499e+02
      vertex   -1.948414e+02 -8.393750e+01 1.205697e+02
      vertex   -1.950341e+02 -8.395313e+01 1.204380e+02
    endloop
  endfacet
  facet normal 2.684980e-01 8.620079e-01 -4.299432e-01
    outer loop
      vertex   -1.951270e+02 -8.371875e+01 1.208499e+02
      vertex   -1.950341e+02 -8.395313e+01 1.204380e+02
      vertex   -1.953561e+02 -8.373438e+01 1.206755e+02
    endloop
  endfacet
  facet normal 2.906726e-01 8.670860e-01 -4.045632e-01
    outer loop
      vertex   -1.953561e+02 -8.373438e+01 1.206755e+02
      vertex   -1.950341e+02 -8.395313e+01 1.204380e+02
      vertex   -1.952066e+02 -8.396875e+01 1.202806e+02
    endloop
  endfacet
  facet normal 3.259636e-01 8.620079e-01 -3.881882e-01
    outer loop
      vertex   -1.953561e+02 -8.373438e+01 1.206755e+02
      vertex   -1.952066e+02 -8.396875e+01 1.202806e+02
      vertex   -1.955585e+02 -8.375000e+01 1.204708e+02
    endloop
  endfacet
  facet normal 3.443725e-01 8.670860e-01 -3.599576e-01
    outer loop
      vertex   -1.955585e+02 -8.375000e+01 1.204708e+02
      vertex   -1.952066e+02 -8.396875e+01 1.202806e+02
      vertex   -1.953553e+02 -8.398438e+01 1.201006e+02
    endloop
  endfacet
  facet normal 3.770279e-01 8.620079e-01 -3.388101e-01
    outer loop
      vertex   -1.955585e+02 -8.375000e+01 1.204708e+02
      vertex   -1.953553e+02 -8.398438e+01 1.201006e+02
      vertex   -1.957304e+02 -8.376563e+01 1.202397e+02
    endloop
  endfacet
  facet normal 3.913098e-01 8.670860e-01 -3.082833e-01
    outer loop
      vertex   -1.957304e+02 -8.376563e+01 1.202397e+02
      vertex   -1.953553e+02 -8.398438e+01 1.201006e+02
      vertex   -1.954774e+02 -8.400000e+01 1.199017e+02
    endloop
  endfacet
  facet normal 4.206883e-01 8.620079e-01 -2.827785e-01
    outer loop
      vertex   -1.957304e+02 -8.376563e+01 1.202397e+02
      vertex   -1.954774e+02 -8.400000e+01 1.199017e+02
      vertex   -1.958683e+02 -8.378125e+01 1.199870e+02
    endloop
  endfacet
  facet normal 4.305626e-01 8.670860e-01 -2.505550e-01
    outer loop
      vertex   -1.958683e+02 -8.378125e+01 1.199870e+02
      vertex   -1.954774e+02 -8.400000e+01 1.199017e+02
      vertex   -1.955706e+02 -8.401562e+01 1.196876e+02
    endloop
  endfacet
  facet normal 4.560874e-01 8.620079e-01 -2.211938e-01
    outer loop
      vertex   -1.958683e+02 -8.378125e+01 1.199870e+02
      vertex   -1.955706e+02 -8.401562e+01 1.196876e+02
      vertex   -1.959695e+02 -8.379688e+01 1.197174e+02
    endloop
  endfacet
  facet normal 4.613601e-01 8.670860e-01 -1.879063e-01
    outer loop
      vertex   -1.959695e+02 -8.379688e+01 1.197174e+02
      vertex   -1.955706e+02 -8.401562e+01 1.196876e+02
      vertex   -1.956328e+02 -8.403125e+01 1.194626e+02
    endloop
  endfacet
  facet normal 4.825298e-01 8.620079e-01 -1.552653e-01
    outer loop
      vertex   -1.959695e+02 -8.379688e+01 1.197174e+02
      vertex   -1.956328e+02 -8.403125e+01 1.194626e+02
      vertex   -1.960321e+02 -8.381250e+01 1.194363e+02
    endloop
  endfacet
  facet normal 4.830975e-01 8.670860e-01 -1.215676e-01
    outer loop
      vertex   -1.960321e+02 -8.381250e+01 1.194363e+02
      vertex   -1.956328e+02 -8.403125e+01 1.194626e+02
      vertex   -1.956630e+02 -8.404688e+01 1.192311e+02
    endloop
  endfacet
  facet normal 4.994965e-01 8.620079e-01 -8.628776e-02
    outer loop
      vertex   -1.960321e+02 -8.381250e+01 1.194363e+02
      vertex   -1.956630e+02 -8.404688e+01 1.192311e+02
      vertex   -1.960547e+02 -8.382813e+01 1.191493e+02
    endloop
  endfacet
  facet normal 4.953480e-01 8.670860e-01 -5.284158e-02
    outer loop
      vertex   -1.960547e+02 -8.382813e+01 1.191493e+02
      vertex   -1.956630e+02 -8.404688e+01 1.192311e+02
      vertex   -1.956606e+02 -8.406250e+01 1.189976e+02
    endloop
  endfacet
  facet normal 5.066542e-01 8.620079e-01 -1.561572e-02
    outer loop
      vertex   -1.960547e+02 -8.382813e+01 1.191493e+02
      vertex   -1.956606e+02 -8.406250e+01 1.189976e+02
      vertex   -1.960369e+02 -8.384375e+01 1.188619e+02
    endloop
  endfacet
  facet normal 4.978710e-01 8.670860e-01 1.692214e-02
    outer loop
      vertex   -1.960369e+02 -8.384375e+01 1.188619e+02
      vertex   -1.956606e+02 -8.406250e+01 1.189976e+02
      vertex   -1.956255e+02 -8.407812e+01 1.187668e+02
    endloop
  endfacet
  facet normal 5.038624e-01 8.620079e-01 5.536297e-02
    outer loop
      vertex   -1.960369e+02 -8.384375e+01 1.188619e+02
      vertex   -1.956255e+02 -8.407812e+01 1.187668e+02
      vertex   -1.959792e+02 -8.385938e+01 1.185798e+02
    endloop
  endfacet
  facet normal 4.906169e-01 8.670860e-01 8.635354e-02
    outer loop
      vertex   -1.959792e+02 -8.385938e+01 1.185798e+02
      vertex   -1.956255e+02 -8.407812e+01 1.187668e+02
      vertex   -1.955586e+02 -8.409375e+01 1.185431e+02
    endloop
  endfacet
  facet normal 4.911758e-01 8.620079e-01 1.252545e-01
    outer loop
      vertex   -1.959792e+02 -8.385938e+01 1.185798e+02
      vertex   -1.955586e+02 -8.409375e+01 1.185431e+02
      vertex   -1.958826e+02 -8.387500e+01 1.183085e+02
    endloop
  endfacet
  facet normal 4.737282e-01 8.670860e-01 1.540892e-01
    outer loop
      vertex   -1.958826e+02 -8.387500e+01 1.183085e+02
      vertex   -1.955586e+02 -8.409375e+01 1.185431e+02
      vertex   -1.954610e+02 -8.410938e+01 1.183310e+02
    endloop
  endfacet
  facet normal 4.688437e-01 8.620079e-01 1.926862e-01
    outer loop
      vertex   -1.958826e+02 -8.387500e+01 1.183085e+02
      vertex   -1.954610e+02 -8.410938e+01 1.183310e+02
      vertex   -1.957491e+02 -8.389063e+01 1.180534e+02
    endloop
  endfacet
  facet normal 4.475366e-01 8.670860e-01 2.187988e-01
    outer loop
      vertex   -1.957491e+02 -8.389063e+01 1.180534e+02
      vertex   -1.954610e+02 -8.410938e+01 1.183310e+02
      vertex   -1.953347e+02 -8.412500e+01 1.181347e+02
    endloop
  endfacet
  facet normal 4.373045e-01 8.620079e-01 2.563341e-01
    outer loop
      vertex   -1.957491e+02 -8.389063e+01 1.180534e+02
      vertex   -1.953347e+02 -8.412500e+01 1.181347e+02
      vertex   -1.955811e+02 -8.390625e+01 1.178195e+02
    endloop
  endfacet
  facet normal 4.125563e-01 8.670860e-01 2.792117e-01
    outer loop
      vertex   -1.955811e+02 -8.390625e+01 1.178195e+02
      vertex   -1.953347e+02 -8.412500e+01 1.181347e+02
      vertex   -1.951822e+02 -8.414063e+01 1.179579e+02
    endloop
  endfacet
  facet normal 3.971776e-01 8.620079e-01 3.149481e-01
    outer loop
      vertex   -1.955811e+02 -8.390625e+01 1.178195e+02
      vertex   -1.951822e+02 -8.414063e+01 1.179579e+02
      vertex   -1.953822e+02 -8.392188e+01 1.176114e+02
    endloop
  endfacet
  facet normal 3.694744e-01 8.670860e-01 3.341416e-01
    outer loop
      vertex   -1.953822e+02 -8.392188e+01 1.176114e+02
      vertex   -1.951822e+02 -8.414063e+01 1.179579e+02
      vertex   -1.950065e+02 -8.415625e+01 1.178042e+02
    endloop
  endfacet
  facet normal 3.492511e-01 8.620079e-01 3.673773e-01
    outer loop
      vertex   -1.953822e+02 -8.392188e+01 1.176114e+02
      vertex   -1.950065e+02 -8.415625e+01 1.178042e+02
      vertex   -1.951561e+02 -8.393750e+01 1.174331e+02
    endloop
  endfacet
  facet normal 3.191368e-01 8.670860e-01 3.825096e-01
    outer loop
      vertex   -1.951561e+02 -8.393750e+01 1.174331e+02
      vertex   -1.950065e+02 -8.415625e+01 1.178042e+02
      vertex   -1.948110e+02 -8.417188e+01 1.176765e+02
    endloop
  endfacet
  facet normal 2.944660e-01 8.620079e-01 4.125920e-01
    outer loop
      vertex   -1.951561e+02 -8.393750e+01 1.174331e+02
      vertex   -1.948110e+02 -8.417188e+01 1.176765e+02
      vertex   -1.949073e+02 -8.395313e+01 1.172882e+02
    endloop
  endfacet
  facet normal 2.625321e-01 8.670860e-01 4.233661e-01
    outer loop
      vertex   -1.949073e+02 -8.395313e+01 1.172882e+02
      vertex   -1.948110e+02 -8.417188e+01 1.176765e+02
      vertex   -1.945996e+02 -8.418750e+01 1.175774e+02
    endloop
  endfacet
  facet normal 2.338983e-01 8.620079e-01 4.497043e-01
    outer loop
      vertex   -1.949073e+02 -8.395313e+01 1.172882e+02
      vertex   -1.945996e+02 -8.418750e+01 1.175774e+02
      vertex   -1.946406e+02 -8.396875e+01 1.171794e+02
    endloop
  endfacet
  facet normal 2.007718e-01 8.670860e-01 4.559085e-01
    outer loop
      vertex   -1.946406e+02 -8.396875e+01 1.171794e+02
      vertex   -1.945996e+02 -8.418750e+01 1.175774e+02
      vertex   -1.943765e+02 -8.420313e+01 1.175088e+02
    endloop
  endfacet
  facet normal 1.687374e-01 8.620079e-01 4.779854e-01
    outer loop
      vertex   -1.946406e+02 -8.396875e+01 1.171794e+02
      vertex   -1.943765e+02 -8.420313e+01 1.175088e+02
      vertex   -1.943614e+02 -8.398438e+01 1.171090e+02
    endloop
  endfacet
  facet normal 1.350689e-01 8.670860e-01 4.794980e-01
    outer loop
      vertex   -1.943614e+02 -8.398438e+01 1.171090e+02
      vertex   -1.943765e+02 -8.420313e+01 1.175088e+02
      vertex   -1.941459e+02 -8.421875e+01 1.174722e+02
    endloop
  endfacet
  facet normal 1.002628e-01 8.620079e-01 4.968800e-01
    outer loop
      vertex   -1.943614e+02 -8.398438e+01 1.171090e+02
      vertex   -1.941459e+02 -8.421875e+01 1.174722e+02
      vertex   -1.940751e+02 -8.400000e+01 1.170784e+02
    endloop
  endfacet
  facet normal 6.671345e-02 8.670860e-01 4.936712e-01
    outer loop
      vertex   -1.940751e+02 -8.400000e+01 1.170784e+02
      vertex   -1.941459e+02 -8.421875e+01 1.174722e+02
      vertex   -1.939125e+02 -8.423438e+01 1.174681e+02
    endloop
  endfacet
  facet normal 2.981934e-02 8.620079e-01 5.060170e-01
    outer loop
      vertex   -1.940751e+02 -8.400000e+01 1.170784e+02
      vertex   -1.939125e+02 -8.423438e+01 1.174681e+02
      vertex   -1.937874e+02 -8.401562e+01 1.170880e+02
    endloop
  endfacet
  facet normal -2.952065e-03 8.670860e-01 4.981498e-01
    outer loop
      vertex   -1.937874e+02 -8.401562e+01 1.170880e+02
      vertex   -1.939125e+02 -8.423438e+01 1.174681e+02
      vertex   -1.936808e+02 -8.425000e+01 1.174966e+02
    endloop
  endfacet
  facet normal -4.120974e-02 8.620079e-01 5.052169e-01
    outer loop
      vertex   -1.937874e+02 -8.401562e+01 1.170880e+02
      vertex   -1.936808e+02 -8.425000e+01 1.174966e+02
      vertex   -1.935038e+02 -8.403125e+01 1.171378e+02
    endloop
  endfacet
  facet normal -7.255961e-02 8.670860e-01 4.928458e-01
    outer loop
      vertex   -1.935038e+02 -8.403125e+01 1.171378e+02
      vertex   -1.936808e+02 -8.425000e+01 1.174966e+02
      vertex   -1.934553e+02 -8.426563e+01 1.175573e+02
    endloop
  endfacet
  facet normal -1.114296e-01 8.620079e-01 4.944955e-01
    outer loop
      vertex   -1.935038e+02 -8.403125e+01 1.171378e+02
      vertex   -1.934553e+02 -8.426563e+01 1.175573e+02
      vertex   -1.932299e+02 -8.404688e+01 1.172268e+02
    endloop
  endfacet
  facet normal -1.407422e-01 8.670860e-01 4.778635e-01
    outer loop
      vertex   -1.932299e+02 -8.404688e+01 1.172268e+02
      vertex   -1.934553e+02 -8.426563e+01 1.175573e+02
      vertex   -1.932406e+02 -8.428125e+01 1.176489e+02
    endloop
  endfacet
  facet normal -1.794611e-01 8.620079e-01 4.740634e-01
    outer loop
      vertex   -1.932299e+02 -8.404688e+01 1.172268e+02
      vertex   -1.932406e+02 -8.428125e+01 1.176489e+02
      vertex   -1.929712e+02 -8.406250e+01 1.173531e+02
    endloop
  endfacet
  facet normal -2.061610e-01 8.670860e-01 4.534970e-01
    outer loop
      vertex   -1.929712e+02 -8.406250e+01 1.173531e+02
      vertex   -1.932406e+02 -8.428125e+01 1.176489e+02
      vertex   -1.930408e+02 -8.429688e+01 1.177696e+02
    endloop
  endfacet
  facet normal -2.439685e-01 8.620079e-01 4.443217e-01
    outer loop
      vertex   -1.929712e+02 -8.406250e+01 1.173531e+02
      vertex   -1.930408e+02 -8.429688e+01 1.177696e+02
      vertex   -1.927326e+02 -8.407813e+01 1.175144e+02
    endloop
  endfacet
  facet normal -2.675312e-01 8.670860e-01 4.202249e-01
    outer loop
      vertex   -1.927326e+02 -8.407813e+01 1.175144e+02
      vertex   -1.930408e+02 -8.429688e+01 1.177696e+02
      vertex   -1.928598e+02 -8.431250e+01 1.179171e+02
    endloop
  endfacet
  facet normal -3.036849e-01 8.620079e-01 4.058545e-01
    outer loop
      vertex   -1.927326e+02 -8.407813e+01 1.175144e+02
      vertex   -1.928598e+02 -8.431250e+01 1.179171e+02
      vertex   -1.925190e+02 -8.409375e+01 1.177075e+02
    endloop
  endfacet
  facet normal -3.236478e-01 8.670860e-01 3.787005e-01
    outer loop
      vertex   -1.925190e+02 -8.409375e+01 1.177075e+02
      vertex   -1.928598e+02 -8.431250e+01 1.179171e+02
      vertex   -1.927012e+02 -8.432812e+01 1.180884e+02
    endloop
  endfacet
  facet normal -3.574376e-01 8.620079e-01 3.594172e-01
    outer loop
      vertex   -1.925190e+02 -8.409375e+01 1.177075e+02
      vertex   -1.927012e+02 -8.432812e+01 1.180884e+02
      vertex   -1.923344e+02 -8.410938e+01 1.179285e+02
    endloop
  endfacet
  facet normal -3.734086e-01 8.670860e-01 3.297392e-01
    outer loop
      vertex   -1.923344e+02 -8.410938e+01 1.179285e+02
      vertex   -1.927012e+02 -8.432812e+01 1.180884e+02
      vertex   -1.925681e+02 -8.434375e+01 1.182802e+02
    endloop
  endfacet
  facet normal -4.041710e-01 8.620079e-01 3.059218e-01
    outer loop
      vertex   -1.923344e+02 -8.410938e+01 1.179285e+02
      vertex   -1.925681e+02 -8.434375e+01 1.182802e+02
      vertex   -1.921826e+02 -8.412500e+01 1.181731e+02
    endloop
  endfacet
  facet normal -4.158365e-01 8.670860e-01 2.743026e-01
    outer loop
      vertex   -1.921826e+02 -8.412500e+01 1.181731e+02
      vertex   -1.925681e+02 -8.434375e+01 1.182802e+02
      vertex   -1.924631e+02 -8.435938e+01 1.184888e+02
    endloop
  endfacet
  facet normal -4.429674e-01 8.620079e-01 2.464188e-01
    outer loop
      vertex   -1.921826e+02 -8.412500e+01 1.181731e+02
      vertex   -1.924631e+02 -8.435938e+01 1.184888e+02
      vertex   -1.920664e+02 -8.414063e+01 1.184366e+02
    endloop
  endfacet
  facet normal -4.500983e-01 8.670860e-01 2.134794e-01
    outer loop
      vertex   -1.920664e+02 -8.414063e+01 1.184366e+02
      vertex   -1.924631e+02 -8.435938e+01 1.184888e+02
      vertex   -1.923883e+02 -8.437500e+01 1.187099e+02
    endloop
  endfacet
  facet normal -4.730649e-01 8.620079e-01 1.820767e-01
    outer loop
      vertex   -1.920664e+02 -8.414063e+01 1.184366e+02
      vertex   -1.923883e+02 -8.437500e+01 1.187099e+02
      vertex   -1.919882e+02 -8.415625e+01 1.187137e+02
    endloop
  endfacet
  facet normal -4.755212e-01 8.670860e-01 1.484638e-01
    outer loop
      vertex   -1.919882e+02 -8.415625e+01 1.187137e+02
      vertex   -1.923883e+02 -8.437500e+01 1.187099e+02
      vertex   -1.923451e+02 -8.439062e+01 1.189394e+02
    endloop
  endfacet
  facet normal -4.938725e-01 8.620079e-01 1.141590e-01
    outer loop
      vertex   -1.919882e+02 -8.415625e+01 1.187137e+02
      vertex   -1.923451e+02 -8.439062e+01 1.189394e+02
      vertex   -1.919495e+02 -8.417188e+01 1.189991e+02
    endloop
  endfacet
  facet normal -4.916059e-01 8.670860e-01 8.053283e-02
    outer loop
      vertex   -1.919495e+02 -8.417188e+01 1.189991e+02
      vertex   -1.923451e+02 -8.439062e+01 1.189394e+02
      vertex   -1.923345e+02 -8.440625e+01 1.191726e+02
    endloop
  endfacet
  facet normal -5.049816e-01 8.620079e-01 4.399949e-02
    outer loop
      vertex   -1.919495e+02 -8.417188e+01 1.189991e+02
      vertex   -1.923345e+02 -8.440625e+01 1.191726e+02
      vertex   -1.919511e+02 -8.418750e+01 1.192870e+02
    endloop
  endfacet
  facet normal -4.980366e-01 8.670860e-01 1.102033e-02
    outer loop
      vertex   -1.919511e+02 -8.418750e+01 1.192870e+02
      vertex   -1.923345e+02 -8.440625e+01 1.191726e+02
      vertex   -1.923566e+02 -8.442188e+01 1.194050e+02
    endloop
  endfacet
  facet normal -5.061739e-01 8.620079e-01 -2.702409e-02
    outer loop
      vertex   -1.919511e+02 -8.418750e+01 1.192870e+02
      vertex   -1.923566e+02 -8.442188e+01 1.194050e+02
      vertex   -1.919929e+02 -8.420313e+01 1.195719e+02
    endloop
  endfacet
  facet normal -4.946870e-01 8.670860e-01 -5.870858e-02
    outer loop
      vertex   -1.919929e+02 -8.420313e+01 1.195719e+02
      vertex   -1.923566e+02 -8.442188e+01 1.194050e+02
      vertex   -1.924109e+02 -8.443750e+01 1.196320e+02
    endloop
  endfacet
  facet normal -4.974262e-01 8.620079e-01 -9.751697e-02
    outer loop
      vertex   -1.919929e+02 -8.420313e+01 1.195719e+02
      vertex   -1.924109e+02 -8.443750e+01 1.196320e+02
      vertex   -1.920742e+02 -8.421875e+01 1.198481e+02
    endloop
  endfacet
  facet normal -4.816228e-01 8.670860e-01 -1.272846e-01
    outer loop
      vertex   -1.920742e+02 -8.421875e+01 1.198481e+02
      vertex   -1.924109e+02 -8.443750e+01 1.196320e+02
      vertex   -1.924964e+02 -8.445312e+01 1.198493e+02
    endloop
  endfacet
  facet normal -4.789101e-01 8.620079e-01 -1.660948e-01
    outer loop
      vertex   -1.920742e+02 -8.421875e+01 1.198481e+02
      vertex   -1.924964e+02 -8.445312e+01 1.198493e+02
      vertex   -1.921932e+02 -8.423438e+01 1.201103e+02
    endloop
  endfacet
  facet normal -4.591007e-01 8.670860e-01 -1.933610e-01
    outer loop
      vertex   -1.921932e+02 -8.423438e+01 1.201103e+02
      vertex   -1.924964e+02 -8.445312e+01 1.198493e+02
      vertex   -1.926115e+02 -8.446875e+01 1.200524e+02
    endloop
  endfacet
  facet normal -4.509893e-01 8.620079e-01 -2.314110e-01
    outer loop
      vertex   -1.921932e+02 -8.423438e+01 1.201103e+02
      vertex   -1.926115e+02 -8.446875e+01 1.200524e+02
      vertex   -1.923478e+02 -8.425000e+01 1.203533e+02
    endloop
  endfacet
  facet normal -4.275628e-01 8.670860e-01 -2.556403e-01
    outer loop
      vertex   -1.923478e+02 -8.425000e+01 1.203533e+02
      vertex   -1.926115e+02 -8.446875e+01 1.200524e+02
      vertex   -1.927538e+02 -8.448438e+01 1.202375e+02
    endloop
  endfacet
  facet normal -4.142121e-01 8.620079e-01 -2.921827e-01
    outer loop
      vertex   -1.923478e+02 -8.425000e+01 1.203533e+02
      vertex   -1.927538e+02 -8.448438e+01 1.202375e+02
      vertex   -1.925347e+02 -8.426563e+01 1.205722e+02
    endloop
  endfacet
  facet normal -3.876286e-01 8.670860e-01 -3.128993e-01
    outer loop
      vertex   -1.925347e+02 -8.426563e+01 1.205722e+02
      vertex   -1.927538e+02 -8.448438e+01 1.202375e+02
      vertex   -1.929206e+02 -8.450000e+01 1.204008e+02
    endloop
  endfacet
  facet normal -3.693006e-01 8.620079e-01 -3.472167e-01
    outer loop
      vertex   -1.925347e+02 -8.426563e+01 1.205722e+02
      vertex   -1.929206e+02 -8.450000e+01 1.204008e+02
      vertex   -1.927505e+02 -8.428125e+01 1.207629e+02
    endloop
  endfacet
  facet normal -3.391642e-01 8.672282e-01 -3.645310e-01
    outer loop
      vertex   -1.927505e+02 -8.428125e+01 1.207629e+02
      vertex   -1.929206e+02 -8.450000e+01 1.204008e+02
      vertex   -1.930929e+02 -8.450000e+01 1.205611e+02
    endloop
  endfacet
  facet normal -3.173146e-01 8.618101e-01 -3.957206e-01
    outer loop
      vertex   -1.927505e+02 -8.428125e+01 1.207629e+02
      vertex   -1.930929e+02 -8.450000e+01 1.205611e+02
      vertex   -1.929908e+02 -8.429688e+01 1.209216e+02
    endloop
  endfacet
  facet normal -2.848160e-01 8.673878e-01 -4.080665e-01
    outer loop
      vertex   -1.929908e+02 -8.429688e+01 1.209216e+02
      vertex   -1.930929e+02 -8.450000e+01 1.205611e+02
      vertex   -1.932859e+02 -8.450000e+01 1.206958e+02
    endloop
  endfacet
  facet normal -2.590345e-01 8.615859e-01 -4.365442e-01
    outer loop
      vertex   -1.929908e+02 -8.429688e+01 1.209216e+02
      vertex   -1.932859e+02 -8.450000e+01 1.206958e+02
      vertex   -1.932509e+02 -8.431250e+01 1.210451e+02
    endloop
  endfacet
  facet normal -2.259197e-01 8.675553e-01 -4.430668e-01
    outer loop
      vertex   -1.932509e+02 -8.431250e+01 1.210451e+02
      vertex   -1.932859e+02 -8.450000e+01 1.206958e+02
      vertex   -1.934955e+02 -8.450000e+01 1.208027e+02
    endloop
  endfacet
  facet normal -1.955787e-01 8.613408e-01 -4.688720e-01
    outer loop
      vertex   -1.932509e+02 -8.431250e+01 1.210451e+02
      vertex   -1.934955e+02 -8.450000e+01 1.208027e+02
      vertex   -1.935257e+02 -8.432812e+01 1.211310e+02
    endloop
  endfacet
  facet normal -1.637964e-01 8.677220e-01 -4.692859e-01
    outer loop
      vertex   -1.935257e+02 -8.432812e+01 1.211310e+02
      vertex   -1.934955e+02 -8.450000e+01 1.208027e+02
      vertex   -1.937177e+02 -8.450000e+01 1.208802e+02
    endloop
  endfacet
  facet normal -1.281690e-01 8.610970e-01 -4.920210e-01
    outer loop
      vertex   -1.935257e+02 -8.432812e+01 1.211310e+02
      vertex   -1.937177e+02 -8.450000e+01 1.208802e+02
      vertex   -1.938098e+02 -8.434375e+01 1.211777e+02
    endloop
  endfacet
  facet normal -9.979397e-02 8.678160e-01 -4.867613e-01
    outer loop
      vertex   -1.938098e+02 -8.434375e+01 1.211777e+02
      vertex   -1.937177e+02 -8.450000e+01 1.208802e+02
      vertex   -1.939477e+02 -8.450000e+01 1.209274e+02
    endloop
  endfacet
  facet normal -5.812800e-02 8.609250e-01 -5.054001e-01
    outer loop
      vertex   -1.938098e+02 -8.434375e+01 1.211777e+02
      vertex   -1.939477e+02 -8.450000e+01 1.209274e+02
      vertex   -1.940977e+02 -8.435938e+01 1.211842e+02
    endloop
  endfacet
  facet normal -3.506979e-02 8.677925e-01 -4.956878e-01
    outer loop
      vertex   -1.940977e+02 -8.435938e+01 1.211842e+02
      vertex   -1.939477e+02 -8.450000e+01 1.209274e+02
      vertex   -1.941820e+02 -8.450000e+01 1.209439e+02
    endloop
  endfacet
  facet normal 1.309327e-02 8.609232e-01 -5.085664e-01
    outer loop
      vertex   -1.940977e+02 -8.435938e+01 1.211842e+02
      vertex   -1.941820e+02 -8.450000e+01 1.209439e+02
      vertex   -1.943837e+02 -8.437500e+01 1.211504e+02
    endloop
  endfacet
  facet normal 2.948075e-02 8.675100e-01 -4.965454e-01
    outer loop
      vertex   -1.943837e+02 -8.437500e+01 1.211504e+02
      vertex   -1.941820e+02 -8.450000e+01 1.209439e+02
      vertex   -1.944171e+02 -8.450000e+01 1.209300e+02
    endloop
  endfacet
  facet normal 8.391008e-02 8.612253e-01 -5.012485e-01
    outer loop
      vertex   -1.943837e+02 -8.437500e+01 1.211504e+02
      vertex   -1.944171e+02 -8.450000e+01 1.209300e+02
      vertex   -1.946621e+02 -8.439062e+01 1.210769e+02
    endloop
  endfacet
  facet normal 9.300460e-02 8.666685e-01 -4.901386e-01
    outer loop
      vertex   -1.946621e+02 -8.439062e+01 1.210769e+02
      vertex   -1.944171e+02 -8.450000e+01 1.209300e+02
      vertex   -1.946480e+02 -8.450000e+01 1.208862e+02
    endloop
  endfacet
  facet normal 1.524927e-01 8.621551e-01 -4.831507e-01
    outer loop
      vertex   -1.946621e+02 -8.439062e+01 1.210769e+02
      vertex   -1.946480e+02 -8.450000e+01 1.208862e+02
      vertex   -1.949275e+02 -8.440625e+01 1.209653e+02
    endloop
  endfacet
  facet normal 1.550216e-01 8.648801e-01 -4.774418e-01
    outer loop
      vertex   -1.949275e+02 -8.440625e+01 1.209653e+02
      vertex   -1.946480e+02 -8.450000e+01 1.208862e+02
      vertex   -1.948716e+02 -8.450000e+01 1.208136e+02
    endloop
  endfacet
  facet normal 2.137982e-01 8.642409e-01 -4.553877e-01
    outer loop
      vertex   -1.949275e+02 -8.440625e+01 1.209653e+02
      vertex   -1.948716e+02 -8.450000e+01 1.208136e+02
      vertex   -1.950850e+02 -8.450000e+01 1.207134e+02
    endloop
  endfacet
  facet normal 1.351339e-01 8.667766e-01 4.800387e-01
    outer loop
      vertex   -1.941459e+02 -8.071875e+01 1.174722e+02
      vertex   -1.943071e+02 -8.050000e+01 1.171225e+02
      vertex   -1.943765e+02 -8.070313e+01 1.175088e+02
    endloop
  endfacet
  facet normal 1.514328e-01 8.634283e-01 4.812065e-01
    outer loop
      vertex   -1.943765e+02 -8.070313e+01 1.175088e+02
      vertex   -1.943071e+02 -8.050000e+01 1.171225e+02
      vertex   -1.945322e+02 -8.050000e+01 1.171934e+02
    endloop
  endfacet
  facet normal 2.013516e-01 8.658016e-01 4.580885e-01
    outer loop
      vertex   -1.943765e+02 -8.070313e+01 1.175088e+02
      vertex   -1.945322e+02 -8.050000e+01 1.171934e+02
      vertex   -1.945996e+02 -8.068750e+01 1.175774e+02
    endloop
  endfacet
  facet normal 2.062800e-01 8.645150e-01 4.583256e-01
    outer loop
      vertex   -1.945996e+02 -8.068750e+01 1.175774e+02
      vertex   -1.945322e+02 -8.050000e+01 1.171934e+02
      vertex   -1.947475e+02 -8.050000e+01 1.172903e+02
    endloop
  endfacet
  facet normal 2.595643e-01 8.643293e-01 4.307682e-01
    outer loop
      vertex   -1.945996e+02 -8.068750e+01 1.175774e+02
      vertex   -1.947475e+02 -8.050000e+01 1.172903e+02
      vertex   -1.949496e+02 -8.050000e+01 1.174121e+02
    endloop
  endfacet
  facet normal 2.632241e-01 8.660754e-01 4.250018e-01
    outer loop
      vertex   -1.945996e+02 -8.068750e+01 1.175774e+02
      vertex   -1.949496e+02 -8.050000e+01 1.174121e+02
      vertex   -1.948110e+02 -8.067188e+01 1.176765e+02
    endloop
  endfacet
  facet normal 3.108733e-01 8.630712e-01 3.980777e-01
    outer loop
      vertex   -1.948110e+02 -8.067188e+01 1.176765e+02
      vertex   -1.949496e+02 -8.050000e+01 1.174121e+02
      vertex   -1.951354e+02 -8.050000e+01 1.175572e+02
    endloop
  endfacet
  facet normal 3.189500e-01 8.672919e-01 3.821985e-01
    outer loop
      vertex   -1.948110e+02 -8.067188e+01 1.176765e+02
      vertex   -1.951354e+02 -8.050000e+01 1.175572e+02
      vertex   -1.950065e+02 -8.065625e+01 1.178042e+02
    endloop
  endfacet
  facet normal 3.581413e-01 8.621128e-01 3.584638e-01
    outer loop
      vertex   -1.950065e+02 -8.065625e+01 1.178042e+02
      vertex   -1.951354e+02 -8.050000e+01 1.175572e+02
      vertex   -1.953018e+02 -8.050000e+01 1.177234e+02
    endloop
  endfacet
  facet normal 3.683469e-01 8.681002e-01 3.327499e-01
    outer loop
      vertex   -1.950065e+02 -8.065625e+01 1.178042e+02
      vertex   -1.953018e+02 -8.050000e+01 1.177234e+02
      vertex   -1.951822e+02 -8.064063e+01 1.179579e+02
    endloop
  endfacet
  facet normal 4.004508e-01 8.614263e-01 3.123841e-01
    outer loop
      vertex   -1.951822e+02 -8.064063e+01 1.179579e+02
      vertex   -1.953018e+02 -8.050000e+01 1.177234e+02
      vertex   -1.954465e+02 -8.050000e+01 1.179089e+02
    endloop
  endfacet
  facet normal 4.106959e-01 8.685239e-01 2.774800e-01
    outer loop
      vertex   -1.951822e+02 -8.064063e+01 1.179579e+02
      vertex   -1.954465e+02 -8.050000e+01 1.179089e+02
      vertex   -1.953347e+02 -8.062500e+01 1.181347e+02
    endloop
  endfacet
  facet normal 4.368730e-01 8.610192e-01 2.603611e-01
    outer loop
      vertex   -1.953347e+02 -8.062500e+01 1.181347e+02
      vertex   -1.954465e+02 -8.050000e+01 1.179089e+02
      vertex   -1.955671e+02 -8.050000e+01 1.181113e+02
    endloop
  endfacet
  facet normal 4.452948e-01 8.686321e-01 2.172342e-01
    outer loop
      vertex   -1.953347e+02 -8.062500e+01 1.181347e+02
      vertex   -1.955671e+02 -8.050000e+01 1.181113e+02
      vertex   -1.954610e+02 -8.060938e+01 1.183310e+02
    endloop
  endfacet
  facet normal 4.663884e-01 8.609243e-01 2.032023e-01
    outer loop
      vertex   -1.954610e+02 -8.060938e+01 1.183310e+02
      vertex   -1.955671e+02 -8.050000e+01 1.181113e+02
      vertex   -1.956610e+02 -8.050000e+01 1.183267e+02
    endloop
  endfacet
  facet normal 4.715832e-01 8.684467e-01 1.530019e-01
    outer loop
      vertex   -1.954610e+02 -8.060938e+01 1.183310e+02
      vertex   -1.956610e+02 -8.050000e+01 1.183267e+02
      vertex   -1.955586e+02 -8.059375e+01 1.185431e+02
    endloop
  endfacet
  facet normal 4.883131e-01 8.610575e-01 1.418814e-01
    outer loop
      vertex   -1.955586e+02 -8.059375e+01 1.185431e+02
      vertex   -1.956610e+02 -8.050000e+01 1.183267e+02
      vertex   -1.957266e+02 -8.050000e+01 1.185525e+02
    endloop
  endfacet
  facet normal 4.890766e-01 8.680079e-01 8.582783e-02
    outer loop
      vertex   -1.955586e+02 -8.059375e+01 1.185431e+02
      vertex   -1.957266e+02 -8.050000e+01 1.185525e+02
      vertex   -1.956255e+02 -8.057813e+01 1.187668e+02
    endloop
  endfacet
  facet normal 5.020262e-01 8.613901e-01 7.730989e-02
    outer loop
      vertex   -1.956255e+02 -8.057813e+01 1.187668e+02
      vertex   -1.957266e+02 -8.050000e+01 1.185525e+02
      vertex   -1.957624e+02 -8.050000e+01 1.187852e+02
    endloop
  endfacet
  facet normal 4.973253e-01 8.674011e-01 1.681792e-02
    outer loop
      vertex   -1.956255e+02 -8.057813e+01 1.187668e+02
      vertex   -1.957624e+02 -8.050000e+01 1.187852e+02
      vertex   -1.956606e+02 -8.056250e+01 1.189976e+02
    endloop
  endfacet
  facet normal 5.067945e-01 8.620006e-01 1.068974e-02
    outer loop
      vertex   -1.956606e+02 -8.056250e+01 1.189976e+02
      vertex   -1.957624e+02 -8.050000e+01 1.187852e+02
      vertex   -1.957674e+02 -8.050000e+01 1.190199e+02
    endloop
  endfacet
  facet normal 4.962405e-01 8.665782e-01 -5.279823e-02
    outer loop
      vertex   -1.956606e+02 -8.056250e+01 1.189976e+02
      vertex   -1.957674e+02 -8.050000e+01 1.190199e+02
      vertex   -1.956630e+02 -8.054688e+01 1.192311e+02
    endloop
  endfacet
  facet normal 5.024522e-01 8.627427e-01 -5.671799e-02
    outer loop
      vertex   -1.956630e+02 -8.054688e+01 1.192311e+02
      vertex   -1.957674e+02 -8.050000e+01 1.190199e+02
      vertex   -1.957410e+02 -8.050000e+01 1.192533e+02
    endloop
  endfacet
  facet normal 4.856524e-01 8.656246e-01 -1.218024e-01
    outer loop
      vertex   -1.956630e+02 -8.054688e+01 1.192311e+02
      vertex   -1.957410e+02 -8.050000e+01 1.192533e+02
      vertex   -1.956328e+02 -8.053125e+01 1.194626e+02
    endloop
  endfacet
  facet normal 4.888466e-01 8.635459e-01 -1.237639e-01
    outer loop
      vertex   -1.956328e+02 -8.053125e+01 1.194626e+02
      vertex   -1.957410e+02 -8.050000e+01 1.192533e+02
      vertex   -1.956833e+02 -8.050000e+01 1.194812e+02
    endloop
  endfacet
  facet normal 4.654516e-01 8.646862e-01 -1.888721e-01
    outer loop
      vertex   -1.956328e+02 -8.053125e+01 1.194626e+02
      vertex   -1.956833e+02 -8.050000e+01 1.194812e+02
      vertex   -1.955706e+02 -8.051563e+01 1.196876e+02
    endloop
  endfacet
  facet normal 4.654776e-01 8.646688e-01 -1.888876e-01
    outer loop
      vertex   -1.955706e+02 -8.051563e+01 1.196876e+02
      vertex   -1.956833e+02 -8.050000e+01 1.194812e+02
      vertex   -1.955951e+02 -8.050000e+01 1.196985e+02
    endloop
  endfacet
  facet normal 4.363403e-01 8.635362e-01 -2.528089e-01
    outer loop
      vertex   -1.955706e+02 -8.051563e+01 1.196876e+02
      vertex   -1.955951e+02 -8.050000e+01 1.196985e+02
      vertex   -1.954774e+02 -8.050000e+01 1.199017e+02
    endloop
  endfacet
  facet normal 2.188975e-01 8.617633e-01 -4.576548e-01
    outer loop
      vertex   -1.949275e+02 -8.440625e+01 1.209653e+02
      vertex   -1.950850e+02 -8.450000e+01 1.207134e+02
      vertex   -1.951747e+02 -8.442188e+01 1.208176e+02
    endloop
  endfacet
  facet normal 2.656342e-01 8.670827e-01 -4.214333e-01
    outer loop
      vertex   -1.951747e+02 -8.442188e+01 1.208176e+02
      vertex   -1.950850e+02 -8.450000e+01 1.207134e+02
      vertex   -1.952840e+02 -8.450000e+01 1.205880e+02
    endloop
  endfacet
  facet normal 2.849984e-01 8.579021e-01 -4.275276e-01
    outer loop
      vertex   -1.951747e+02 -8.442188e+01 1.208176e+02
      vertex   -1.952840e+02 -8.450000e+01 1.205880e+02
      vertex   -1.953988e+02 -8.443750e+01 1.206368e+02
    endloop
  endfacet
  facet normal 3.112989e-01 8.703205e-01 -3.816218e-01
    outer loop
      vertex   -1.953988e+02 -8.443750e+01 1.206368e+02
      vertex   -1.952840e+02 -8.450000e+01 1.205880e+02
      vertex   -1.954663e+02 -8.450000e+01 1.204393e+02
    endloop
  endfacet
  facet normal 3.479058e-01 8.531585e-01 -3.886929e-01
    outer loop
      vertex   -1.953988e+02 -8.443750e+01 1.206368e+02
      vertex   -1.954663e+02 -8.450000e+01 1.204393e+02
      vertex   -1.955955e+02 -8.445313e+01 1.204265e+02
    endloop
  endfacet
  facet normal 3.503292e-01 8.739037e-01 -3.369894e-01
    outer loop
      vertex   -1.955955e+02 -8.445313e+01 1.204265e+02
      vertex   -1.954663e+02 -8.450000e+01 1.204393e+02
      vertex   -1.956299e+02 -8.450000e+01 1.202692e+02
    endloop
  endfacet
  facet normal 4.067376e-01 8.473524e-01 -3.414067e-01
    outer loop
      vertex   -1.955955e+02 -8.445313e+01 1.204265e+02
      vertex   -1.956299e+02 -8.450000e+01 1.202692e+02
      vertex   -1.957608e+02 -8.446875e+01 1.201908e+02
    endloop
  endfacet
  facet normal 3.824644e-01 8.776735e-01 -2.888083e-01
    outer loop
      vertex   -1.957608e+02 -8.446875e+01 1.201908e+02
      vertex   -1.956299e+02 -8.450000e+01 1.202692e+02
      vertex   -1.957718e+02 -8.450000e+01 1.200813e+02
    endloop
  endfacet
  facet normal 4.606855e-01 8.402323e-01 -2.859696e-01
    outer loop
      vertex   -1.957608e+02 -8.446875e+01 1.201908e+02
      vertex   -1.957718e+02 -8.450000e+01 1.200813e+02
      vertex   -1.958916e+02 -8.448438e+01 1.199342e+02
    endloop
  endfacet
  facet normal 4.074147e-01 8.816378e-01 -2.381766e-01
    outer loop
      vertex   -1.958916e+02 -8.448438e+01 1.199342e+02
      vertex   -1.957718e+02 -8.450000e+01 1.200813e+02
      vertex   -1.958906e+02 -8.450000e+01 1.198781e+02
    endloop
  endfacet
  facet normal 5.084882e-01 8.318187e-01 -2.225251e-01
    outer loop
      vertex   -1.958916e+02 -8.448438e+01 1.199342e+02
      vertex   -1.958906e+02 -8.450000e+01 1.198781e+02
      vertex   -1.959852e+02 -8.450000e+01 1.196619e+02
    endloop
  endfacet
  facet normal 1.641659e-15 1.000000e+00 -1.402097e-15
    outer loop
      vertex   -2.000000e+02 -8.050000e+01 1.241995e+02
      vertex   -1.957674e+02 -8.050000e+01 1.190199e+02
      vertex   -2.000000e+02 -8.050000e+01 1.140640e+02
    endloop
  endfacet
  facet normal 0.000000e+00 1.000000e+00 0.000000e+00
    outer loop
      vertex   -2.000000e+02 -8.050000e+01 1.140640e+02
      vertex   -1.957674e+02 -8.050000e+01 1.190199e+02
      vertex   -1.957624e+02 -8.050000e+01 1.187852e+02
    endloop
  endfacet
  facet normal 0.000000e+00 1.000000e+00 0.000000e+00
    outer loop
      vertex   -2.000000e+02 -8.050000e+01 1.140640e+02
      vertex   -1.957624e+02 -8.050000e+01 1.187852e+02
      vertex   -1.957266e+02 -8.050000e+01 1.185525e+02
    endloop
  endfacet
  facet normal 0.000000e+00 1.000000e+00 -4.177492e-15
    outer loop
      vertex   -1.880000e+02 -8.050000e+01 1.241995e+02
      vertex   -1.940132e+02 -8.050000e+01 1.207977e+02
      vertex   -2.000000e+02 -8.050000e+01 1.241995e+02
    endloop
  endfacet
  facet normal 4.043718e-16 1.000000e+00 -3.465829e-15
    outer loop
      vertex   -2.000000e+02 -8.050000e+01 1.241995e+02
      vertex   -1.940132e+02 -8.050000e+01 1.207977e+02
      vertex   -1.943707e+02 -8.050000e+01 1.207560e+02
    endloop
  endfacet
  facet normal 9.111695e-16 1.000000e+00 -2.637335e-15
    outer loop
      vertex   -2.000000e+02 -8.050000e+01 1.241995e+02
      vertex   -1.943707e+02 -8.050000e+01 1.207560e+02
      vertex   -1.947110e+02 -8.050000e+01 1.206384e+02
    endloop
  endfacet
  facet normal -1.632441e-15 1.000000e+00 -1.402097e-15
    outer loop
      vertex   -1.880000e+02 -8.050000e+01 1.140640e+02
      vertex   -1.921454e+02 -8.050000e+01 1.188904e+02
      vertex   -1.880000e+02 -8.050000e+01 1.241995e+02
    endloop
  endfacet
  facet normal -3.273461e-15 1.000000e+00 -1.207710e-16
    outer loop
      vertex   -1.880000e+02 -8.050000e+01 1.241995e+02
      vertex   -1.921454e+02 -8.050000e+01 1.188904e+02
      vertex   -1.921540e+02 -8.050000e+01 1.191252e+02
    endloop
  endfacet
  facet normal -2.842475e-15 1.000000e+00 -4.735960e-16
    outer loop
      vertex   -1.880000e+02 -8.050000e+01 1.241995e+02
      vertex   -1.921540e+02 -8.050000e+01 1.191252e+02
      vertex   -1.921927e+02 -8.050000e+01 1.193576e+02
    endloop
  endfacet
  facet normal 0.000000e+00 1.000000e+00 0.000000e+00
    outer loop
      vertex   -2.000000e+02 -8.050000e+01 1.140640e+02
      vertex   -1.940751e+02 -8.050000e+01 1.170784e+02
      vertex   -1.880000e+02 -8.050000e+01 1.140640e+02
    endloop
  endfacet
  facet normal 0.000000e+00 1.000000e+00 0.000000e+00
    outer loop
      vertex   -1.880000e+02 -8.050000e+01 1.140640e+02
      vertex   -1.940751e+02 -8.050000e+01 1.170784e+02
      vertex   -1.937185e+02 -8.050000e+01 1.170964e+02
    endloop
  endfacet
  facet normal 0.000000e+00 1.000000e+00 0.000000e+00
    outer loop
      vertex   -1.880000e+02 -8.050000e+01 1.140640e+02
      vertex   -1.937185e+02 -8.050000e+01 1.170964e+02
      vertex   -1.933705e+02 -8.050000e+01 1.171758e+02
    endloop
  endfacet
  facet normal 1.922530e-15 1.000000e+00 -1.283463e-15
    outer loop
      vertex   -1.952776e+02 -8.050000e+01 1.202011e+02
      vertex   -1.954774e+02 -8.050000e+01 1.199017e+02
      vertex   -2.000000e+02 -8.050000e+01 1.241995e+02
    endloop
  endfacet
  facet normal 2.026458e-15 1.000000e+00 -1.174099e-15
    outer loop
      vertex   -2.000000e+02 -8.050000e+01 1.241995e+02
      vertex   -1.954774e+02 -8.050000e+01 1.199017e+02
      vertex   -1.955951e+02 -8.050000e+01 1.196985e+02
    endloop
  endfacet
  facet normal 2.280551e-15 1.000000e+00 -9.254320e-16
    outer loop
      vertex   -2.000000e+02 -8.050000e+01 1.241995e+02
      vertex   -1.955951e+02 -8.050000e+01 1.196985e+02
      vertex   -1.956833e+02 -8.050000e+01 1.194812e+02
    endloop
  endfacet
  facet normal 2.578523e-15 1.000000e+00 -6.528183e-16
    outer loop
      vertex   -1.956833e+02 -8.050000e+01 1.194812e+02
      vertex   -1.957410e+02 -8.050000e+01 1.192533e+02
      vertex   -2.000000e+02 -8.050000e+01 1.241995e+02
    endloop
  endfacet
  facet normal 2.949949e-15 1.000000e+00 -3.329973e-16
    outer loop
      vertex   -2.000000e+02 -8.050000e+01 1.241995e+02
      vertex   -1.957410e+02 -8.050000e+01 1.192533e+02
      vertex   -1.957674e+02 -8.050000e+01 1.190199e+02
    endloop
  endfacet
  facet normal 0.000000e+00 1.000000e+00 0.000000e+00
    outer loop
      vertex   -1.957266e+02 -8.050000e+01 1.185525e+02
      vertex   -1.956610e+02 -8.050000e+01 1.183267e+02
      vertex   -2.000000e+02 -8.050000e+01 1.140640e+02
    endloop
  endfacet
  facet normal 0.000000e+00 1.000000e+00 0.000000e+00
    outer loop
      vertex   -2.000000e+02 -8.050000e+01 1.140640e+02
      vertex   -1.956610e+02 -8.050000e+01 1.183267e+02
      vertex   -1.955671e+02 -8.050000e+01 1.181113e+02
    endloop
  endfacet
  facet normal 0.000000e+00 1.000000e+00 0.000000e+00
    outer loop
      vertex   -2.000000e+02 -8.050000e+01 1.140640e+02
      vertex   -1.955671e+02 -8.050000e+01 1.181113e+02
      vertex   -1.954465e+02 -8.050000e+01 1.179089e+02
    endloop
  endfacet
  facet normal 0.000000e+00 1.000000e+00 0.000000e+00
    outer loop
      vertex   -1.954465e+02 -8.050000e+01 1.179089e+02
      vertex   -1.953018e+02 -8.050000e+01 1.177234e+02
      vertex   -2.000000e+02 -8.050000e+01 1.140640e+02
    endloop
  endfacet
  facet normal 0.000000e+00 1.000000e+00 0.000000e+00
    outer loop
      vertex   -2.000000e+02 -8.050000e+01 1.140640e+02
      vertex   -1.953018e+02 -8.050000e+01 1.177234e+02
      vertex   -1.951354e+02 -8.050000e+01 1.175572e+02
    endloop
  endfacet
  facet normal 0.000000e+00 1.000000e+00 0.000000e+00
    outer loop
      vertex   -2.000000e+02 -8.050000e+01 1.140640e+02
      vertex   -1.951354e+02 -8.050000e+01 1.175572e+02
      vertex   -1.949496e+02 -8.050000e+01 1.174121e+02
    endloop
  endfacet
  facet normal 0.000000e+00 1.000000e+00 0.000000e+00
    outer loop
      vertex   -1.949496e+02 -8.050000e+01 1.174121e+02
      vertex   -1.947475e+02 -8.050000e+01 1.172903e+02
      vertex   -2.000000e+02 -8.050000e+01 1.140640e+02
    endloop
  endfacet
  facet normal 0.000000e+00 1.000000e+00 0.000000e+00
    outer loop
      vertex   -2.000000e+02 -8.050000e+01 1.140640e+02
      vertex   -1.947475e+02 -8.050000e+01 1.172903e+02
      vertex   -1.945322e+02 -8.050000e+01 1.171934e+02
    endloop
  endfacet
  facet normal 0.000000e+00 1.000000e+00 0.000000e+00
    outer loop
      vertex   -2.000000e+02 -8.050000e+01 1.140640e+02
      vertex   -1.945322e+02 -8.050000e+01 1.171934e+02
      vertex   -1.943071e+02 -8.050000e+01 1.171225e+02
    endloop
  endfacet
  facet normal 0.000000e+00 1.000000e+00 0.000000e+00
    outer loop
      vertex   -1.943071e+02 -8.050000e+01 1.171225e+02
      vertex   -1.940751e+02 -8.050000e+01 1.170784e+02
      vertex   -2.000000e+02 -8.050000e+01 1.140640e+02
    endloop
  endfacet
  facet normal -0.000000e+00 1.000000e+00 0.000000e+00
    outer loop
      vertex   -1.933705e+02 -8.050000e+01 1.171758e+02
      vertex   -1.930414e+02 -8.050000e+01 1.173143e+02
      vertex   -1.880000e+02 -8.050000e+01 1.140640e+02
    endloop
  endfacet
  facet normal 0.000000e+00 1.000000e+00 0.000000e+00
    outer loop
      vertex   -1.880000e+02 -8.050000e+01 1.140640e+02
      vertex   -1.930414e+02 -8.050000e+01 1.173143e+02
      vertex   -1.928517e+02 -8.050000e+01 1.174546e+02
    endloop
  endfacet
  facet normal 0.000000e+00 1.000000e+00 0.000000e+00
    outer loop
      vertex   -1.880000e+02 -8.050000e+01 1.140640e+02
      vertex   -1.928517e+02 -8.050000e+01 1.174546e+02
      vertex   -1.926800e+02 -8.050000e+01 1.176157e+02
    endloop
  endfacet
  facet normal -0.000000e+00 1.000000e+00 0.000000e+00
    outer loop
      vertex   -1.926800e+02 -8.050000e+01 1.176157e+02
      vertex   -1.925284e+02 -8.050000e+01 1.177959e+02
      vertex   -1.880000e+02 -8.050000e+01 1.140640e+02
    endloop
  endfacet
  facet normal 0.000000e+00 1.000000e+00 0.000000e+00
    outer loop
      vertex   -1.880000e+02 -8.050000e+01 1.140640e+02
      vertex   -1.925284e+02 -8.050000e+01 1.177959e+02
      vertex   -1.923990e+02 -8.050000e+01 1.179932e+02
    endloop
  endfacet
  facet normal 0.000000e+00 1.000000e+00 0.000000e+00
    outer loop
      vertex   -1.880000e+02 -8.050000e+01 1.140640e+02
      vertex   -1.923990e+02 -8.050000e+01 1.179932e+02
      vertex   -1.922946e+02 -8.050000e+01 1.182040e+02
    endloop
  endfacet
  facet normal -0.000000e+00 1.000000e+00 0.000000e+00
    outer loop
      vertex   -1.922946e+02 -8.050000e+01 1.182040e+02
      vertex   -1.922166e+02 -8.050000e+01 1.184259e+02
      vertex   -1.880000e+02 -8.050000e+01 1.140640e+02
    endloop
  endfacet
  facet normal 0.000000e+00 1.000000e+00 0.000000e+00
    outer loop
      vertex   -1.880000e+02 -8.050000e+01 1.140640e+02
      vertex   -1.922166e+02 -8.050000e+01 1.184259e+02
      vertex   -1.921664e+02 -8.050000e+01 1.186562e+02
    endloop
  endfacet
  facet normal 0.000000e+00 1.000000e+00 0.000000e+00
    outer loop
      vertex   -1.880000e+02 -8.050000e+01 1.140640e+02
      vertex   -1.921664e+02 -8.050000e+01 1.186562e+02
      vertex   -1.921454e+02 -8.050000e+01 1.188904e+02
    endloop
  endfacet
  facet normal -2.508892e-15 1.000000e+00 -7.624541e-16
    outer loop
      vertex   -1.921927e+02 -8.050000e+01 1.193576e+02
      vertex   -1.922610e+02 -8.050000e+01 1.195823e+02
      vertex   -1.880000e+02 -8.050000e+01 1.241995e+02
    endloop
  endfacet
  facet normal -2.234529e-15 1.000000e+00 -1.015658e-15
    outer loop
      vertex   -1.880000e+02 -8.050000e+01 1.241995e+02
      vertex   -1.922610e+02 -8.050000e+01 1.195823e+02
      vertex   -1.923582e+02 -8.050000e+01 1.197960e+02
    endloop
  endfacet
  facet normal -1.995847e-15 1.000000e+00 -1.251887e-15
    outer loop
      vertex   -1.880000e+02 -8.050000e+01 1.241995e+02
      vertex   -1.923582e+02 -8.050000e+01 1.197960e+02
      vertex   -1.924832e+02 -8.050000e+01 1.199954e+02
    endloop
  endfacet
  facet normal -1.777435e-15 1.000000e+00 -1.484805e-15
    outer loop
      vertex   -1.924832e+02 -8.050000e+01 1.199954e+02
      vertex   -1.926341e+02 -8.050000e+01 1.201760e+02
      vertex   -1.880000e+02 -8.050000e+01 1.241995e+02
    endloop
  endfacet
  facet normal -1.567347e-15 1.000000e+00 -1.726775e-15
    outer loop
      vertex   -1.880000e+02 -8.050000e+01 1.241995e+02
      vertex   -1.926341e+02 -8.050000e+01 1.201760e+02
      vertex   -1.928084e+02 -8.050000e+01 1.203342e+02
    endloop
  endfacet
  facet normal -1.354139e-15 1.000000e+00 -1.992004e-15
    outer loop
      vertex   -1.880000e+02 -8.050000e+01 1.241995e+02
      vertex   -1.928084e+02 -8.050000e+01 1.203342e+02
      vertex   -1.930029e+02 -8.050000e+01 1.204664e+02
    endloop
  endfacet
  facet normal -1.254773e-15 1.000000e+00 -2.125172e-15
    outer loop
      vertex   -1.930029e+02 -8.050000e+01 1.204664e+02
      vertex   -1.933129e+02 -8.050000e+01 1.206495e+02
      vertex   -1.880000e+02 -8.050000e+01 1.241995e+02
    endloop
  endfacet
  facet normal -8.805113e-16 1.000000e+00 -2.685291e-15
    outer loop
      vertex   -1.880000e+02 -8.050000e+01 1.241995e+02
      vertex   -1.933129e+02 -8.050000e+01 1.206495e+02
      vertex   -1.936550e+02 -8.050000e+01 1.207616e+02
    endloop
  endfacet
  facet normal -3.570799e-16 1.000000e+00 -3.546297e-15
    outer loop
      vertex   -1.880000e+02 -8.050000e+01 1.241995e+02
      vertex   -1.936550e+02 -8.050000e+01 1.207616e+02
      vertex   -1.940132e+02 -8.050000e+01 1.207977e+02
    endloop
  endfacet
  facet normal 1.279300e-15 1.000000e+00 -2.090570e-15
    outer loop
      vertex   -1.947110e+02 -8.050000e+01 1.206384e+02
      vertex   -1.950180e+02 -8.050000e+01 1.204505e+02
      vertex   -2.000000e+02 -8.050000e+01 1.241995e+02
    endloop
  endfacet
  facet normal 1.599969e-15 1.000000e+00 -1.664433e-15
    outer loop
      vertex   -2.000000e+02 -8.050000e+01 1.241995e+02
      vertex   -1.950180e+02 -8.050000e+01 1.204505e+02
      vertex   -1.952776e+02 -8.050000e+01 1.202011e+02
    endloop
  endfacet
  facet normal -6.311911e-01 4.948938e-01 -5.972252e-01
    outer loop
      vertex   -1.929206e+02 -8.450000e+01 1.204008e+02
      vertex   -1.927538e+02 -8.448438e+01 1.202375e+02
      vertex   -1.926732e+02 -8.450000e+01 1.201393e+02
    endloop
  endfacet
  facet normal -7.748240e-01 -1.661075e-01 -6.099639e-01
    outer loop
      vertex   -1.926732e+02 -8.450000e+01 1.201393e+02
      vertex   -1.927538e+02 -8.448438e+01 1.202375e+02
      vertex   -1.926115e+02 -8.446875e+01 1.200524e+02
    endloop
  endfacet
  facet normal -8.295129e-01 2.515103e-01 -4.986491e-01
    outer loop
      vertex   -1.926732e+02 -8.450000e+01 1.201393e+02
      vertex   -1.926115e+02 -8.446875e+01 1.200524e+02
      vertex   -1.924878e+02 -8.450000e+01 1.198308e+02
    endloop
  endfacet
  facet normal -8.707138e-01 3.222283e-02 -4.907333e-01
    outer loop
      vertex   -1.924878e+02 -8.450000e+01 1.198308e+02
      vertex   -1.926115e+02 -8.446875e+01 1.200524e+02
      vertex   -1.924964e+02 -8.445312e+01 1.198493e+02
    endloop
  endfacet
  facet normal -9.294537e-01 -2.705580e-02 -3.679453e-01
    outer loop
      vertex   -1.924878e+02 -8.450000e+01 1.198308e+02
      vertex   -1.924964e+02 -8.445312e+01 1.198493e+02
      vertex   -1.924109e+02 -8.443750e+01 1.196320e+02
    endloop
  endfacet
  facet normal -9.371298e-01 1.491449e-01 -3.155052e-01
    outer loop
      vertex   -1.924878e+02 -8.450000e+01 1.198308e+02
      vertex   -1.924109e+02 -8.443750e+01 1.196320e+02
      vertex   -1.923729e+02 -8.450000e+01 1.194896e+02
    endloop
  endfacet
  facet normal -9.703686e-01 -5.262253e-02 -2.358297e-01
    outer loop
      vertex   -1.923729e+02 -8.450000e+01 1.194896e+02
      vertex   -1.924109e+02 -8.443750e+01 1.196320e+02
      vertex   -1.923566e+02 -8.442188e+01 1.194050e+02
    endloop
  endfacet
  facet normal -9.900748e-01 9.041452e-02 -1.075969e-01
    outer loop
      vertex   -1.923729e+02 -8.450000e+01 1.194896e+02
      vertex   -1.923566e+02 -8.442188e+01 1.194050e+02
      vertex   -1.923340e+02 -8.450000e+01 1.191317e+02
    endloop
  endfacet
  facet normal -9.951400e-01 3.480315e-02 -9.211500e-02
    outer loop
      vertex   -1.923340e+02 -8.450000e+01 1.191317e+02
      vertex   -1.923566e+02 -8.442188e+01 1.194050e+02
      vertex   -1.923345e+02 -8.440625e+01 1.191726e+02
    endloop
  endfacet
  facet normal -9.987339e-01 -2.446956e-02 4.395165e-02
    outer loop
      vertex   -1.923340e+02 -8.450000e+01 1.191317e+02
      vertex   -1.923345e+02 -8.440625e+01 1.191726e+02
      vertex   -1.923451e+02 -8.439062e+01 1.189394e+02
    endloop
  endfacet
  facet normal -9.902560e-01 8.838417e-02 1.076166e-01
    outer loop
      vertex   -1.923340e+02 -8.450000e+01 1.191317e+02
      vertex   -1.923451e+02 -8.439062e+01 1.189394e+02
      vertex   -1.923729e+02 -8.450000e+01 1.187739e+02
    endloop
  endfacet
  facet normal -9.827438e-01 -2.745913e-02 1.829224e-01
    outer loop
      vertex   -1.923729e+02 -8.450000e+01 1.187739e+02
      vertex   -1.923451e+02 -8.439062e+01 1.189394e+02
      vertex   -1.923883e+02 -8.437500e+01 1.187099e+02
    endloop
  endfacet
  facet normal -9.467061e-01 4.646871e-02 3.187292e-01
    outer loop
      vertex   -1.923729e+02 -8.450000e+01 1.187739e+02
      vertex   -1.923883e+02 -8.437500e+01 1.187099e+02
      vertex   -1.924878e+02 -8.450000e+01 1.184327e+02
    endloop
  endfacet
  facet normal -9.458271e-01 3.738103e-02 3.225116e-01
    outer loop
      vertex   -1.924878e+02 -8.450000e+01 1.184327e+02
      vertex   -1.923883e+02 -8.437500e+01 1.187099e+02
      vertex   -1.924631e+02 -8.435938e+01 1.184888e+02
    endloop
  endfacet
  facet normal -8.936518e-01 -2.188181e-02 4.482273e-01
    outer loop
      vertex   -1.924878e+02 -8.450000e+01 1.184327e+02
      vertex   -1.924631e+02 -8.435938e+01 1.184888e+02
      vertex   -1.925681e+02 -8.434375e+01 1.182802e+02
    endloop
  endfacet
  facet normal -8.554056e-01 6.216976e-02 5.142142e-01
    outer loop
      vertex   -1.924878e+02 -8.450000e+01 1.184327e+02
      vertex   -1.925681e+02 -8.434375e+01 1.182802e+02
      vertex   -1.926732e+02 -8.450000e+01 1.181242e+02
    endloop
  endfacet
  facet normal -8.220660e-01 -1.517560e-02 5.691900e-01
    outer loop
      vertex   -1.926732e+02 -8.450000e+01 1.181242e+02
      vertex   -1.925681e+02 -8.434375e+01 1.182802e+02
      vertex   -1.927012e+02 -8.432812e+01 1.180884e+02
    endloop
  endfacet
  facet normal -7.326140e-01 2.247210e-02 6.802733e-01
    outer loop
      vertex   -1.926732e+02 -8.450000e+01 1.181242e+02
      vertex   -1.927012e+02 -8.432812e+01 1.180884e+02
      vertex   -1.928598e+02 -8.431250e+01 1.179171e+02
    endloop
  endfacet
  facet normal -7.258994e-01 3.640119e-02 6.868370e-01
    outer loop
      vertex   -1.926732e+02 -8.450000e+01 1.181242e+02
      vertex   -1.928598e+02 -8.431250e+01 1.179171e+02
      vertex   -1.929206e+02 -8.450000e+01 1.178627e+02
    endloop
  endfacet
  facet normal -6.325340e-01 -1.929279e-02 7.742923e-01
    outer loop
      vertex   -1.929206e+02 -8.450000e+01 1.178627e+02
      vertex   -1.928598e+02 -8.431250e+01 1.179171e+02
      vertex   -1.930408e+02 -8.429688e+01 1.177696e+02
    endloop
  endfacet
  facet normal -5.917578e-01 1.929279e-02 8.058849e-01
    outer loop
      vertex   -1.929206e+02 -8.450000e+01 1.178627e+02
      vertex   -1.930408e+02 -8.429688e+01 1.177696e+02
      vertex   -1.931086e+02 -8.448438e+01 1.177243e+02
    endloop
  endfacet
  facet normal -5.180847e-01 -1.929279e-02 8.551117e-01
    outer loop
      vertex   -1.931086e+02 -8.448438e+01 1.177243e+02
      vertex   -1.930408e+02 -8.429688e+01 1.177696e+02
      vertex   -1.932406e+02 -8.428125e+01 1.176489e+02
    endloop
  endfacet
  facet normal -4.732925e-01 1.929279e-02 8.806941e-01
    outer loop
      vertex   -1.931086e+02 -8.448438e+01 1.177243e+02
      vertex   -1.932406e+02 -8.428125e+01 1.176489e+02
      vertex   -1.933141e+02 -8.446875e+01 1.176135e+02
    endloop
  endfacet
  facet normal -3.934613e-01 -1.929279e-02 9.191387e-01
    outer loop
      vertex   -1.933141e+02 -8.446875e+01 1.176135e+02
      vertex   -1.932406e+02 -8.428125e+01 1.176489e+02
      vertex   -1.934553e+02 -8.426563e+01 1.175573e+02
    endloop
  endfacet
  facet normal -3.455327e-01 1.929279e-02 9.382084e-01
    outer loop
      vertex   -1.933141e+02 -8.446875e+01 1.176135e+02
      vertex   -1.934553e+02 -8.426563e+01 1.175573e+02
      vertex   -1.935331e+02 -8.445313e+01 1.175325e+02
    endloop
  endfacet
  facet normal -2.611113e-01 -1.929279e-02 9.651159e-01
    outer loop
      vertex   -1.935331e+02 -8.445313e+01 1.175325e+02
      vertex   -1.934553e+02 -8.426563e+01 1.175573e+02
      vertex   -1.936808e+02 -8.425000e+01 1.174966e+02
    endloop
  endfacet
  facet normal -2.109875e-01 1.929279e-02 9.772983e-01
    outer loop
      vertex   -1.935331e+02 -8.445313e+01 1.175325e+02
      vertex   -1.936808e+02 -8.425000e+01 1.174966e+02
      vertex   -1.937613e+02 -8.443750e+01 1.174829e+02
    endloop
  endfacet
  facet normal -1.236336e-01 -1.929279e-02 9.921404e-01
    outer loop
      vertex   -1.937613e+02 -8.443750e+01 1.174829e+02
      vertex   -1.936808e+02 -8.425000e+01 1.174966e+02
      vertex   -1.939125e+02 -8.423438e+01 1.174681e+02
    endloop
  endfacet
  facet normal -7.229901e-02 1.929279e-02 9.971964e-01
    outer loop
      vertex   -1.937613e+02 -8.443750e+01 1.174829e+02
      vertex   -1.939125e+02 -8.423438e+01 1.174681e+02
      vertex   -1.939941e+02 -8.442188e+01 1.174658e+02
    endloop
  endfacet
  facet normal 1.627203e-02 -1.929279e-02 9.996815e-01
    outer loop
      vertex   -1.939941e+02 -8.442188e+01 1.174658e+02
      vertex   -1.939125e+02 -8.423438e+01 1.174681e+02
      vertex   -1.941459e+02 -8.421875e+01 1.174722e+02
    endloop
  endfacet
  facet normal 6.780930e-02 1.929279e-02 9.975117e-01
    outer loop
      vertex   -1.939941e+02 -8.442188e+01 1.174658e+02
      vertex   -1.941459e+02 -8.421875e+01 1.174722e+02
      vertex   -1.942270e+02 -8.440625e+01 1.174813e+02
    endloop
  endfacet
  facet normal 1.558581e-01 -1.929279e-02 9.875910e-01
    outer loop
      vertex   -1.942270e+02 -8.440625e+01 1.174813e+02
      vertex   -1.941459e+02 -8.421875e+01 1.174722e+02
      vertex   -1.943765e+02 -8.420313e+01 1.175088e+02
    endloop
  endfacet
  facet normal 2.065860e-01 1.929279e-02 9.782382e-01
    outer loop
      vertex   -1.942270e+02 -8.440625e+01 1.174813e+02
      vertex   -1.943765e+02 -8.420313e+01 1.175088e+02
      vertex   -1.944555e+02 -8.439062e+01 1.175292e+02
    endloop
  endfacet
  facet normal 2.923834e-01 -1.929279e-02 9.561066e-01
    outer loop
      vertex   -1.944555e+02 -8.439062e+01 1.175292e+02
      vertex   -1.943765e+02 -8.420313e+01 1.175088e+02
      vertex   -1.945996e+02 -8.418750e+01 1.175774e+02
    endloop
  endfacet
  facet normal 3.413058e-01 1.929279e-02 9.397543e-01
    outer loop
      vertex   -1.944555e+02 -8.439062e+01 1.175292e+02
      vertex   -1.945996e+02 -8.418750e+01 1.175774e+02
      vertex   -1.946751e+02 -8.437500e+01 1.176087e+02
    endloop
  endfacet
  facet normal 4.231670e-01 -1.929279e-02 9.058463e-01
    outer loop
      vertex   -1.946751e+02 -8.437500e+01 1.176087e+02
      vertex   -1.945996e+02 -8.418750e+01 1.175774e+02
      vertex   -1.948110e+02 -8.417188e+01 1.176765e+02
    endloop
  endfacet
  facet normal 4.693231e-01 1.929279e-02 8.828157e-01
    outer loop
      vertex   -1.946751e+02 -8.437500e+01 1.176087e+02
      vertex   -1.948110e+02 -8.417188e+01 1.176765e+02
      vertex   -1.948814e+02 -8.435938e+01 1.177180e+02
    endloop
  endfacet
  facet normal 5.456405e-01 -1.929279e-02 8.377972e-01
    outer loop
      vertex   -1.948814e+02 -8.435938e+01 1.177180e+02
      vertex   -1.948110e+02 -8.417188e+01 1.176765e+02
      vertex   -1.950065e+02 -8.415625e+01 1.178042e+02
    endloop
  endfacet
  facet normal 5.881240e-01 1.929279e-02 8.085406e-01
    outer loop
      vertex   -1.948814e+02 -8.435938e+01 1.177180e+02
      vertex   -1.950065e+02 -8.415625e+01 1.178042e+02
      vertex   -1.950703e+02 -8.434375e+01 1.178551e+02
    endloop
  endfacet
  facet normal 6.573989e-01 -1.929279e-02 7.532957e-01
    outer loop
      vertex   -1.950703e+02 -8.434375e+01 1.178551e+02
      vertex   -1.950065e+02 -8.415625e+01 1.178042e+02
      vertex   -1.951822e+02 -8.414063e+01 1.179579e+02
    endloop
  endfacet
  facet normal 6.953755e-01 1.929279e-02 7.183876e-01
    outer loop
      vertex   -1.950703e+02 -8.434375e+01 1.178551e+02
      vertex   -1.951822e+02 -8.414063e+01 1.179579e+02
      vertex   -1.952383e+02 -8.432812e+01 1.180172e+02
    endloop
  endfacet
  facet normal 7.562475e-01 -1.929279e-02 6.540012e-01
    outer loop
      vertex   -1.952383e+02 -8.432812e+01 1.180172e+02
      vertex   -1.951822e+02 -8.414063e+01 1.179579e+02
      vertex   -1.953347e+02 -8.412500e+01 1.181347e+02
    endloop
  endfacet
  facet normal 7.889713e-01 1.929279e-02 6.141271e-01
    outer loop
      vertex   -1.952383e+02 -8.432812e+01 1.180172e+02
      vertex   -1.953347e+02 -8.412500e+01 1.181347e+02
      vertex   -1.953819e+02 -8.431250e+01 1.182013e+02
    endloop
  endfacet
  facet normal 8.402450e-01 -1.929279e-02 5.418636e-01
    outer loop
      vertex   -1.953819e+02 -8.431250e+01 1.182013e+02
      vertex   -1.953347e+02 -8.412500e+01 1.181347e+02
      vertex   -1.954610e+02 -8.410938e+01 1.183310e+02
    endloop
  endfacet
  facet normal 8.670735e-01 1.929279e-02 4.978065e-01
    outer loop
      vertex   -1.953819e+02 -8.431250e+01 1.182013e+02
      vertex   -1.954610e+02 -8.410938e+01 1.183310e+02
      vertex   -1.954984e+02 -8.429688e+01 1.184036e+02
    endloop
  endfacet
  facet normal 9.077420e-01 -1.929279e-02 4.190849e-01
    outer loop
      vertex   -1.954984e+02 -8.429688e+01 1.184036e+02
      vertex   -1.954610e+02 -8.410938e+01 1.183310e+02
      vertex   -1.955586e+02 -8.409375e+01 1.185431e+02
    endloop
  endfacet
  facet normal 9.281484e-01 1.929279e-02 3.717101e-01
    outer loop
      vertex   -1.954984e+02 -8.429688e+01 1.184036e+02
      vertex   -1.955586e+02 -8.409375e+01 1.185431e+02
      vertex   -1.955855e+02 -8.428125e+01 1.186202e+02
    endloop
  endfacet
  facet normal 9.574131e-01 -1.929279e-02 2.880764e-01
    outer loop
      vertex   -1.955855e+02 -8.428125e+01 1.186202e+02
      vertex   -1.955586e+02 -8.409375e+01 1.185431e+02
      vertex   -1.956255e+02 -8.407812e+01 1.187668e+02
    endloop
  endfacet
  facet normal 9.709965e-01 1.929279e-02 2.383141e-01
    outer loop
      vertex   -1.955855e+02 -8.428125e+01 1.186202e+02
      vertex   -1.956255e+02 -8.407812e+01 1.187668e+02
      vertex   -1.956415e+02 -8.426563e+01 1.188469e+02
    endloop
  endfacet
  facet normal 9.882826e-01 -1.929279e-02 1.514107e-01
    outer loop
      vertex   -1.956415e+02 -8.426563e+01 1.188469e+02
      vertex   -1.956255e+02 -8.407812e+01 1.187668e+02
      vertex   -1.956606e+02 -8.406250e+01 1.189976e+02
    endloop
  endfacet
  facet normal 9.947764e-01 1.929279e-02 1.002382e-01
    outer loop
      vertex   -1.956415e+02 -8.426563e+01 1.188469e+02
      vertex   -1.956606e+02 -8.406250e+01 1.189976e+02
      vertex   -1.956652e+02 -8.425000e+01 1.190791e+02
    endloop
  endfacet
  facet normal 9.997446e-01 -1.929279e-02 1.177170e-02
    outer loop
      vertex   -1.956652e+02 -8.425000e+01 1.190791e+02
      vertex   -1.956606e+02 -8.406250e+01 1.189976e+02
      vertex   -1.956630e+02 -8.404688e+01 1.192311e+02
    endloop
  endfacet
  facet normal 9.990211e-01 1.929279e-02 -3.980616e-02
    outer loop
      vertex   -1.956652e+02 -8.425000e+01 1.190791e+02
      vertex   -1.956630e+02 -8.404688e+01 1.192311e+02
      vertex   -1.956562e+02 -8.423438e+01 1.193124e+02
    endloop
  endfacet
  facet normal 9.915738e-01 -1.929279e-02 -1.280985e-01
    outer loop
      vertex   -1.956562e+02 -8.423438e+01 1.193124e+02
      vertex   -1.956630e+02 -8.404688e+01 1.192311e+02
      vertex   -1.956328e+02 -8.403125e+01 1.194626e+02
    endloop
  endfacet
  facet normal 9.836474e-01 1.929279e-02 -1.790688e-01
    outer loop
      vertex   -1.956562e+02 -8.423438e+01 1.193124e+02
      vertex   -1.956328e+02 -8.403125e+01 1.194626e+02
      vertex   -1.956147e+02 -8.421875e+01 1.195422e+02
    endloop
  endfacet
  facet normal 9.639307e-01 -1.929279e-02 -2.654532e-01
    outer loop
      vertex   -1.956147e+02 -8.421875e+01 1.195422e+02
      vertex   -1.956328e+02 -8.403125e+01 1.194626e+02
      vertex   -1.955706e+02 -8.401562e+01 1.196876e+02
    endloop
  endfacet
  facet normal 9.489570e-01 1.929279e-02 -3.148150e-01
    outer loop
      vertex   -1.956147e+02 -8.421875e+01 1.195422e+02
      vertex   -1.955706e+02 -8.401562e+01 1.196876e+02
      vertex   -1.955414e+02 -8.420313e+01 1.197638e+02
    endloop
  endfacet
  facet normal 9.173582e-01 -1.929279e-02 -3.975949e-01
    outer loop
      vertex   -1.955414e+02 -8.420313e+01 1.197638e+02
      vertex   -1.955706e+02 -8.401562e+01 1.196876e+02
      vertex   -1.954774e+02 -8.400000e+01 1.199017e+02
    endloop
  endfacet
  facet normal 8.956312e-01 1.929279e-02 -4.443788e-01
    outer loop
      vertex   -1.955414e+02 -8.420313e+01 1.197638e+02
      vertex   -1.954774e+02 -8.400000e+01 1.199017e+02
      vertex   -1.954379e+02 -8.418750e+01 1.199731e+02
    endloop
  endfacet
  facet normal 8.527708e-01 -1.929279e-02 -5.219288e-01
    outer loop
      vertex   -1.954379e+02 -8.418750e+01 1.199731e+02
      vertex   -1.954774e+02 -8.400000e+01 1.199017e+02
      vertex   -1.953553e+02 -8.398438e+01 1.201006e+02
    endloop
  endfacet
  facet normal 8.247172e-01 1.929279e-02 -5.652161e-01
    outer loop
      vertex   -1.954379e+02 -8.418750e+01 1.199731e+02
      vertex   -1.953553e+02 -8.398438e+01 1.201006e+02
      vertex   -1.953062e+02 -8.417188e+01 1.201659e+02
    endloop
  endfacet
  facet normal 7.714370e-01 -1.929279e-02 -6.360132e-01
    outer loop
      vertex   -1.953062e+02 -8.417188e+01 1.201659e+02
      vertex   -1.953553e+02 -8.398438e+01 1.201006e+02
      vertex   -1.952066e+02 -8.396875e+01 1.202806e+02
    endloop
  endfacet
  facet normal 7.376077e-01 1.929279e-02 -6.749538e-01
    outer loop
      vertex   -1.953062e+02 -8.417188e+01 1.201659e+02
      vertex   -1.952066e+02 -8.396875e+01 1.202806e+02
      vertex   -1.951488e+02 -8.415625e+01 1.203383e+02
    endloop
  endfacet
  facet normal 6.749538e-01 -1.929279e-02 -7.376077e-01
    outer loop
      vertex   -1.951488e+02 -8.415625e+01 1.203383e+02
      vertex   -1.952066e+02 -8.396875e+01 1.202806e+02
      vertex   -1.950341e+02 -8.395313e+01 1.204380e+02
    endloop
  endfacet
  facet normal 6.360132e-01 1.929279e-02 -7.714370e-01
    outer loop
      vertex   -1.951488e+02 -8.415625e+01 1.203383e+02
      vertex   -1.950341e+02 -8.395313e+01 1.204380e+02
      vertex   -1.949689e+02 -8.414063e+01 1.204871e+02
    endloop
  endfacet
  facet normal 5.652161e-01 -1.929279e-02 -8.247172e-01
    outer loop
      vertex   -1.949689e+02 -8.414063e+01 1.204871e+02
      vertex   -1.950341e+02 -8.395313e+01 1.204380e+02
      vertex   -1.948414e+02 -8.393750e+01 1.205697e+02
    endloop
  endfacet
  facet normal 5.219288e-01 1.929279e-02 -8.527708e-01
    outer loop
      vertex   -1.949689e+02 -8.414063e+01 1.204871e+02
      vertex   -1.948414e+02 -8.393750e+01 1.205697e+02
      vertex   -1.947699e+02 -8.412500e+01 1.206092e+02
    endloop
  endfacet
  facet normal 4.443788e-01 -1.929279e-02 -8.956312e-01
    outer loop
      vertex   -1.947699e+02 -8.412500e+01 1.206092e+02
      vertex   -1.948414e+02 -8.393750e+01 1.205697e+02
      vertex   -1.946321e+02 -8.392188e+01 1.206732e+02
    endloop
  endfacet
  facet normal 3.975949e-01 1.929279e-02 -9.173582e-01
    outer loop
      vertex   -1.947699e+02 -8.412500e+01 1.206092e+02
      vertex   -1.946321e+02 -8.392188e+01 1.206732e+02
      vertex   -1.945558e+02 -8.410938e+01 1.207023e+02
    endloop
  endfacet
  facet normal 3.148150e-01 -1.929279e-02 -9.489570e-01
    outer loop
      vertex   -1.945558e+02 -8.410938e+01 1.207023e+02
      vertex   -1.946321e+02 -8.392188e+01 1.206732e+02
      vertex   -1.944104e+02 -8.390625e+01 1.207464e+02
    endloop
  endfacet
  facet normal 2.654532e-01 1.929279e-02 -9.639307e-01
    outer loop
      vertex   -1.945558e+02 -8.410938e+01 1.207023e+02
      vertex   -1.944104e+02 -8.390625e+01 1.207464e+02
      vertex   -1.943308e+02 -8.409375e+01 1.207646e+02
    endloop
  endfacet
  facet normal 1.790688e-01 -1.929279e-02 -9.836474e-01
    outer loop
      vertex   -1.943308e+02 -8.409375e+01 1.207646e+02
      vertex   -1.944104e+02 -8.390625e+01 1.207464e+02
      vertex   -1.941807e+02 -8.389063e+01 1.207879e+02
    endloop
  endfacet
  facet normal 1.280985e-01 1.929279e-02 -9.915738e-01
    outer loop
      vertex   -1.943308e+02 -8.409375e+01 1.207646e+02
      vertex   -1.941807e+02 -8.389063e+01 1.207879e+02
      vertex   -1.940993e+02 -8.407813e+01 1.207948e+02
    endloop
  endfacet
  facet normal 3.980616e-02 -1.929279e-02 -9.990211e-01
    outer loop
      vertex   -1.940993e+02 -8.407813e+01 1.207948e+02
      vertex   -1.941807e+02 -8.389063e+01 1.207879e+02
      vertex   -1.939474e+02 -8.387500e+01 1.207969e+02
    endloop
  endfacet
  facet normal -1.177170e-02 1.929279e-02 -9.997446e-01
    outer loop
      vertex   -1.940993e+02 -8.407813e+01 1.207948e+02
      vertex   -1.939474e+02 -8.387500e+01 1.207969e+02
      vertex   -1.938659e+02 -8.406250e+01 1.207923e+02
    endloop
  endfacet
  facet normal -1.002382e-01 -1.929279e-02 -9.947764e-01
    outer loop
      vertex   -1.938659e+02 -8.406250e+01 1.207923e+02
      vertex   -1.939474e+02 -8.387500e+01 1.207969e+02
      vertex   -1.937151e+02 -8.385938e+01 1.207732e+02
    endloop
  endfacet
  facet normal -1.514107e-01 1.929279e-02 -9.882826e-01
    outer loop
      vertex   -1.938659e+02 -8.406250e+01 1.207923e+02
      vertex   -1.937151e+02 -8.385938e+01 1.207732e+02
      vertex   -1.936350e+02 -8.404688e+01 1.207573e+02
    endloop
  endfacet
  facet normal -2.383141e-01 -1.929279e-02 -9.709965e-01
    outer loop
      vertex   -1.936350e+02 -8.404688e+01 1.207573e+02
      vertex   -1.937151e+02 -8.385938e+01 1.207732e+02
      vertex   -1.934885e+02 -8.384375e+01 1.207173e+02
    endloop
  endfacet
  facet normal -2.880764e-01 1.929279e-02 -9.574131e-01
    outer loop
      vertex   -1.936350e+02 -8.404688e+01 1.207573e+02
      vertex   -1.934885e+02 -8.384375e+01 1.207173e+02
      vertex   -1.934114e+02 -8.403125e+01 1.206903e+02
    endloop
  endfacet
  facet normal -3.717101e-01 -1.929279e-02 -9.281484e-01
    outer loop
      vertex   -1.934114e+02 -8.403125e+01 1.206903e+02
      vertex   -1.934885e+02 -8.384375e+01 1.207173e+02
      vertex   -1.932718e+02 -8.382813e+01 1.206302e+02
    endloop
  endfacet
  facet normal -4.190849e-01 1.929279e-02 -9.077420e-01
    outer loop
      vertex   -1.934114e+02 -8.403125e+01 1.206903e+02
      vertex   -1.932718e+02 -8.382813e+01 1.206302e+02
      vertex   -1.931993e+02 -8.401562e+01 1.205927e+02
    endloop
  endfacet
  facet normal -4.978065e-01 -1.929279e-02 -8.670735e-01
    outer loop
      vertex   -1.931993e+02 -8.401562e+01 1.205927e+02
      vertex   -1.932718e+02 -8.382813e+01 1.206302e+02
      vertex   -1.930695e+02 -8.381250e+01 1.205137e+02
    endloop
  endfacet
  facet normal -5.418636e-01 1.929279e-02 -8.402450e-01
    outer loop
      vertex   -1.931993e+02 -8.401562e+01 1.205927e+02
      vertex   -1.930695e+02 -8.381250e+01 1.205137e+02
      vertex   -1.930029e+02 -8.400000e+01 1.204664e+02
    endloop
  endfacet
  facet normal -6.141271e-01 -1.929279e-02 -7.889713e-01
    outer loop
      vertex   -1.930029e+02 -8.400000e+01 1.204664e+02
      vertex   -1.930695e+02 -8.381250e+01 1.205137e+02
      vertex   -1.928855e+02 -8.379688e+01 1.203700e+02
    endloop
  endfacet
  facet normal -6.540012e-01 1.929279e-02 -7.562475e-01
    outer loop
      vertex   -1.930029e+02 -8.400000e+01 1.204664e+02
      vertex   -1.928855e+02 -8.379688e+01 1.203700e+02
      vertex   -1.928261e+02 -8.398438e+01 1.203140e+02
    endloop
  endfacet
  facet normal -7.183876e-01 -1.929279e-02 -6.953755e-01
    outer loop
      vertex   -1.928261e+02 -8.398438e+01 1.203140e+02
      vertex   -1.928855e+02 -8.379688e+01 1.203700e+02
      vertex   -1.927233e+02 -8.378125e+01 1.202021e+02
    endloop
  endfacet
  facet normal -7.532957e-01 1.929279e-02 -6.573989e-01
    outer loop
      vertex   -1.928261e+02 -8.398438e+01 1.203140e+02
      vertex   -1.927233e+02 -8.378125e+01 1.202021e+02
      vertex   -1.926724e+02 -8.396875e+01 1.201383e+02
    endloop
  endfacet
  facet normal -8.085406e-01 -1.929279e-02 -5.881240e-01
    outer loop
      vertex   -1.926724e+02 -8.396875e+01 1.201383e+02
      vertex   -1.927233e+02 -8.378125e+01 1.202021e+02
      vertex   -1.925862e+02 -8.376563e+01 1.200131e+02
    endloop
  endfacet
  facet normal -8.377972e-01 1.929279e-02 -5.456405e-01
    outer loop
      vertex   -1.926724e+02 -8.396875e+01 1.201383e+02
      vertex   -1.925862e+02 -8.376563e+01 1.200131e+02
      vertex   -1.925447e+02 -8.395313e+01 1.199428e+02
    endloop
  endfacet
  facet normal -8.828157e-01 -1.929279e-02 -4.693231e-01
    outer loop
      vertex   -1.925447e+02 -8.395313e+01 1.199428e+02
      vertex   -1.925862e+02 -8.376563e+01 1.200131e+02
      vertex   -1.924769e+02 -8.375000e+01 1.198068e+02
    endloop
  endfacet
  facet normal -9.058463e-01 1.929279e-02 -4.231670e-01
    outer loop
      vertex   -1.925447e+02 -8.395313e+01 1.199428e+02
      vertex   -1.924769e+02 -8.375000e+01 1.198068e+02
      vertex   -1.924457e+02 -8.393750e+01 1.197314e+02
    endloop
  endfacet
  facet normal -9.397543e-01 -1.929279e-02 -3.413058e-01
    outer loop
      vertex   -1.924457e+02 -8.393750e+01 1.197314e+02
      vertex   -1.924769e+02 -8.375000e+01 1.198068e+02
      vertex   -1.923975e+02 -8.373438e+01 1.195873e+02
    endloop
  endfacet
  facet normal -9.561066e-01 1.929279e-02 -2.923834e-01
    outer loop
      vertex   -1.924457e+02 -8.393750e+01 1.197314e+02
      vertex   -1.923975e+02 -8.373438e+01 1.195873e+02
      vertex   -1.923771e+02 -8.392188e+01 1.195082e+02
    endloop
  endfacet
  facet normal -9.782382e-01 -1.929279e-02 -2.065860e-01
    outer loop
      vertex   -1.923771e+02 -8.392188e+01 1.195082e+02
      vertex   -1.923975e+02 -8.373438e+01 1.195873e+02
      vertex   -1.923495e+02 -8.371875e+01 1.193588e+02
    endloop
  endfacet
  facet normal -9.875910e-01 1.929279e-02 -1.558581e-01
    outer loop
      vertex   -1.923771e+02 -8.392188e+01 1.195082e+02
      vertex   -1.923495e+02 -8.371875e+01 1.193588e+02
      vertex   -1.923404e+02 -8.390625e+01 1.192777e+02
    endloop
  endfacet
  facet normal -9.975117e-01 -1.929279e-02 -6.780930e-02
    outer loop
      vertex   -1.923404e+02 -8.390625e+01 1.192777e+02
      vertex   -1.923495e+02 -8.371875e+01 1.193588e+02
      vertex   -1.923340e+02 -8.370312e+01 1.191258e+02
    endloop
  endfacet
  facet normal -9.996815e-01 1.929279e-02 -1.627203e-02
    outer loop
      vertex   -1.923404e+02 -8.390625e+01 1.192777e+02
      vertex   -1.923340e+02 -8.370312e+01 1.191258e+02
      vertex   -1.923363e+02 -8.389063e+01 1.190442e+02
    endloop
  endfacet
  facet normal -9.971964e-01 -1.929279e-02 7.229901e-02
    outer loop
      vertex   -1.923363e+02 -8.389063e+01 1.190442e+02
      vertex   -1.923340e+02 -8.370312e+01 1.191258e+02
      vertex   -1.923512e+02 -8.368750e+01 1.188930e+02
    endloop
  endfacet
  facet normal -9.921404e-01 1.929279e-02 1.236336e-01
    outer loop
      vertex   -1.923363e+02 -8.389063e+01 1.190442e+02
      vertex   -1.923512e+02 -8.368750e+01 1.188930e+02
      vertex   -1.923649e+02 -8.387500e+01 1.188125e+02
    endloop
  endfacet
  facet normal -9.772983e-01 -1.929279e-02 2.109875e-01
    outer loop
      vertex   -1.923649e+02 -8.387500e+01 1.188125e+02
      vertex   -1.923512e+02 -8.368750e+01 1.188930e+02
      vertex   -1.924008e+02 -8.367188e+01 1.186649e+02
    endloop
  endfacet
  facet normal -9.651159e-01 1.929279e-02 2.611113e-01
    outer loop
      vertex   -1.923649e+02 -8.387500e+01 1.188125e+02
      vertex   -1.924008e+02 -8.367188e+01 1.186649e+02
      vertex   -1.924256e+02 -8.385938e+01 1.185871e+02
    endloop
  endfacet
  facet normal -9.382084e-01 -1.929279e-02 3.455327e-01
    outer loop
      vertex   -1.924256e+02 -8.385938e+01 1.185871e+02
      vertex   -1.924008e+02 -8.367188e+01 1.186649e+02
      vertex   -1.924817e+02 -8.365625e+01 1.184459e+02
    endloop
  endfacet
  facet normal -9.191387e-01 1.929279e-02 3.934613e-01
    outer loop
      vertex   -1.924256e+02 -8.385938e+01 1.185871e+02
      vertex   -1.924817e+02 -8.365625e+01 1.184459e+02
      vertex   -1.925171e+02 -8.384375e+01 1.183723e+02
    endloop
  endfacet
  facet normal -8.806941e-01 -1.929279e-02 4.732925e-01
    outer loop
      vertex   -1.925171e+02 -8.384375e+01 1.183723e+02
      vertex   -1.924817e+02 -8.365625e+01 1.184459e+02
      vertex   -1.925925e+02 -8.364063e+01 1.182404e+02
    endloop
  endfacet
  facet normal -8.551117e-01 1.929279e-02 5.180847e-01
    outer loop
      vertex   -1.925171e+02 -8.384375e+01 1.183723e+02
      vertex   -1.925925e+02 -8.364063e+01 1.182404e+02
      vertex   -1.926379e+02 -8.382813e+01 1.181725e+02
    endloop
  endfacet
  facet normal -8.058849e-01 -1.929279e-02 5.917578e-01
    outer loop
      vertex   -1.926379e+02 -8.382813e+01 1.181725e+02
      vertex   -1.925925e+02 -8.364063e+01 1.182404e+02
      vertex   -1.927309e+02 -8.362500e+01 1.180524e+02
    endloop
  endfacet
  facet normal -7.742923e-01 1.929279e-02 6.325340e-01
    outer loop
      vertex   -1.926379e+02 -8.382813e+01 1.181725e+02
      vertex   -1.927309e+02 -8.362500e+01 1.180524e+02
      vertex   -1.927853e+02 -8.381250e+01 1.179915e+02
    endloop
  endfacet
  facet normal -7.152500e-01 -1.929279e-02 6.986023e-01
    outer loop
      vertex   -1.927853e+02 -8.381250e+01 1.179915e+02
      vertex   -1.927309e+02 -8.362500e+01 1.180524e+02
      vertex   -1.928943e+02 -8.360938e+01 1.178856e+02
    endloop
  endfacet
  facet normal -6.782674e-01 1.929279e-02 7.345618e-01
    outer loop
      vertex   -1.927853e+02 -8.381250e+01 1.179915e+02
      vertex   -1.928943e+02 -8.360938e+01 1.178856e+02
      vertex   -1.929567e+02 -8.379688e+01 1.178329e+02
    endloop
  endfacet
  facet normal -6.105692e-01 -1.929279e-02 7.917279e-01
    outer loop
      vertex   -1.929567e+02 -8.379688e+01 1.178329e+02
      vertex   -1.928943e+02 -8.360938e+01 1.178856e+02
      vertex   -1.930793e+02 -8.359375e+01 1.177433e+02
    endloop
  endfacet
  facet normal -5.689230e-01 1.929279e-02 8.221645e-01
    outer loop
      vertex   -1.929567e+02 -8.379688e+01 1.178329e+02
      vertex   -1.930793e+02 -8.359375e+01 1.177433e+02
      vertex   -1.931485e+02 -8.378125e+01 1.176998e+02
    endloop
  endfacet
  facet normal -4.938982e-01 -1.929279e-02 8.693057e-01
    outer loop
      vertex   -1.931485e+02 -8.378125e+01 1.176998e+02
      vertex   -1.930793e+02 -8.359375e+01 1.177433e+02
      vertex   -1.932825e+02 -8.357813e+01 1.176282e+02
    endloop
  endfacet
  facet normal -4.484061e-01 1.929279e-02 8.936217e-01
    outer loop
      vertex   -1.931485e+02 -8.378125e+01 1.176998e+02
      vertex   -1.932825e+02 -8.357813e+01 1.176282e+02
      vertex   -1.933570e+02 -8.376563e+01 1.175948e+02
    endloop
  endfacet
  facet normal -3.675281e-01 -1.929279e-02 9.298123e-01
    outer loop
      vertex   -1.933570e+02 -8.376563e+01 1.175948e+02
      vertex   -1.932825e+02 -8.357813e+01 1.176282e+02
      vertex   -1.934997e+02 -8.356250e+01 1.175426e+02
    endloop
  endfacet
  facet normal -3.190836e-01 1.929279e-02 9.475302e-01
    outer loop
      vertex   -1.933570e+02 -8.376563e+01 1.175948e+02
      vertex   -1.934997e+02 -8.356250e+01 1.175426e+02
      vertex   -1.935782e+02 -8.375000e+01 1.175200e+02
    endloop
  endfacet
  facet normal -2.339407e-01 -1.929279e-02 9.720594e-01
    outer loop
      vertex   -1.935782e+02 -8.375000e+01 1.175200e+02
      vertex   -1.934997e+02 -8.356250e+01 1.175426e+02
      vertex   -1.937268e+02 -8.354688e+01 1.174883e+02
    endloop
  endfacet
  facet normal -1.834950e-01 1.929279e-02 9.828313e-01
    outer loop
      vertex   -1.935782e+02 -8.375000e+01 1.175200e+02
      vertex   -1.937268e+02 -8.354688e+01 1.174883e+02
      vertex   -1.938076e+02 -8.373438e+01 1.174769e+02
    endloop
  endfacet
  facet normal -9.575910e-02 -1.929279e-02 9.952176e-01
    outer loop
      vertex   -1.938076e+02 -8.373438e+01 1.174769e+02
      vertex   -1.937268e+02 -8.354688e+01 1.174883e+02
      vertex   -1.939592e+02 -8.353125e+01 1.174663e+02
    endloop
  endfacet
  facet normal -4.430295e-02 1.929279e-02 9.988318e-01
    outer loop
      vertex   -1.938076e+02 -8.373438e+01 1.174769e+02
      vertex   -1.939592e+02 -8.353125e+01 1.174663e+02
      vertex   -1.940408e+02 -8.371875e+01 1.174663e+02
    endloop
  endfacet
  facet normal 4.430295e-02 -1.929279e-02 9.988318e-01
    outer loop
      vertex   -1.940408e+02 -8.371875e+01 1.174663e+02
      vertex   -1.939592e+02 -8.353125e+01 1.174663e+02
      vertex   -1.941924e+02 -8.351563e+01 1.174769e+02
    endloop
  endfacet
  facet normal 9.575910e-02 1.929279e-02 9.952176e-01
    outer loop
      vertex   -1.940408e+02 -8.371875e+01 1.174663e+02
      vertex   -1.941924e+02 -8.351563e+01 1.174769e+02
      vertex   -1.942732e+02 -8.370313e+01 1.174883e+02
    endloop
  endfacet
  facet normal 1.834950e-01 -1.929279e-02 9.828313e-01
    outer loop
      vertex   -1.942732e+02 -8.370313e+01 1.174883e+02
      vertex   -1.941924e+02 -8.351563e+01 1.174769e+02
      vertex   -1.944218e+02 -8.350000e+01 1.175200e+02
    endloop
  endfacet
  facet normal 2.339407e-01 1.929279e-02 9.720594e-01
    outer loop
      vertex   -1.942732e+02 -8.370313e+01 1.174883e+02
      vertex   -1.944218e+02 -8.350000e+01 1.175200e+02
      vertex   -1.945003e+02 -8.368750e+01 1.175426e+02
    endloop
  endfacet
  facet normal 3.190836e-01 -1.929279e-02 9.475302e-01
    outer loop
      vertex   -1.945003e+02 -8.368750e+01 1.175426e+02
      vertex   -1.944218e+02 -8.350000e+01 1.175200e+02
      vertex   -1.946430e+02 -8.348438e+01 1.175948e+02
    endloop
  endfacet
  facet normal 3.675281e-01 1.929279e-02 9.298123e-01
    outer loop
      vertex   -1.945003e+02 -8.368750e+01 1.175426e+02
      vertex   -1.946430e+02 -8.348438e+01 1.175948e+02
      vertex   -1.947175e+02 -8.367188e+01 1.176282e+02
    endloop
  endfacet
  facet normal 4.484061e-01 -1.929279e-02 8.936217e-01
    outer loop
      vertex   -1.947175e+02 -8.367188e+01 1.176282e+02
      vertex   -1.946430e+02 -8.348438e+01 1.175948e+02
      vertex   -1.948515e+02 -8.346875e+01 1.176998e+02
    endloop
  endfacet
  facet normal 4.938982e-01 1.929279e-02 8.693057e-01
    outer loop
      vertex   -1.947175e+02 -8.367188e+01 1.176282e+02
      vertex   -1.948515e+02 -8.346875e+01 1.176998e+02
      vertex   -1.949207e+02 -8.365625e+01 1.177433e+02
    endloop
  endfacet
  facet normal 5.689230e-01 -1.929279e-02 8.221645e-01
    outer loop
      vertex   -1.949207e+02 -8.365625e+01 1.177433e+02
      vertex   -1.948515e+02 -8.346875e+01 1.176998e+02
      vertex   -1.950433e+02 -8.345313e+01 1.178329e+02
    endloop
  endfacet
  facet normal 6.105692e-01 1.929279e-02 7.917279e-01
    outer loop
      vertex   -1.949207e+02 -8.365625e+01 1.177433e+02
      vertex   -1.950433e+02 -8.345313e+01 1.178329e+02
      vertex   -1.951057e+02 -8.364063e+01 1.178856e+02
    endloop
  endfacet
  facet normal 6.782674e-01 -1.929279e-02 7.345618e-01
    outer loop
      vertex   -1.951057e+02 -8.364063e+01 1.178856e+02
      vertex   -1.950433e+02 -8.345313e+01 1.178329e+02
      vertex   -1.952147e+02 -8.343750e+01 1.179915e+02
    endloop
  endfacet
  facet normal 7.152500e-01 1.929279e-02 6.986023e-01
    outer loop
      vertex   -1.951057e+02 -8.364063e+01 1.178856e+02
      vertex   -1.952147e+02 -8.343750e+01 1.179915e+02
      vertex   -1.952691e+02 -8.362500e+01 1.180524e+02
    endloop
  endfacet
  facet normal 7.742923e-01 -1.929279e-02 6.325340e-01
    outer loop
      vertex   -1.952691e+02 -8.362500e+01 1.180524e+02
      vertex   -1.952147e+02 -8.343750e+01 1.179915e+02
      vertex   -1.953621e+02 -8.342188e+01 1.181725e+02
    endloop
  endfacet
  facet normal 8.058849e-01 1.929279e-02 5.917578e-01
    outer loop
      vertex   -1.952691e+02 -8.362500e+01 1.180524e+02
      vertex   -1.953621e+02 -8.342188e+01 1.181725e+02
      vertex   -1.954075e+02 -8.360938e+01 1.182404e+02
    endloop
  endfacet
  facet normal 8.551117e-01 -1.929279e-02 5.180847e-01
    outer loop
      vertex   -1.954075e+02 -8.360938e+01 1.182404e+02
      vertex   -1.953621e+02 -8.342188e+01 1.181725e+02
      vertex   -1.954828e+02 -8.340625e+01 1.183723e+02
    endloop
  endfacet
  facet normal 8.806941e-01 1.929279e-02 4.732925e-01
    outer loop
      vertex   -1.954075e+02 -8.360938e+01 1.182404e+02
      vertex   -1.954828e+02 -8.340625e+01 1.183723e+02
      vertex   -1.955183e+02 -8.359375e+01 1.184459e+02
    endloop
  endfacet
  facet normal 9.191387e-01 -1.929279e-02 3.934613e-01
    outer loop
      vertex   -1.955183e+02 -8.359375e+01 1.184459e+02
      vertex   -1.954828e+02 -8.340625e+01 1.183723e+02
      vertex   -1.955744e+02 -8.339063e+01 1.185871e+02
    endloop
  endfacet
  facet normal 9.382084e-01 1.929279e-02 3.455327e-01
    outer loop
      vertex   -1.955183e+02 -8.359375e+01 1.184459e+02
      vertex   -1.955744e+02 -8.339063e+01 1.185871e+02
      vertex   -1.955992e+02 -8.357813e+01 1.186649e+02
    endloop
  endfacet
  facet normal 9.651159e-01 -1.929279e-02 2.611113e-01
    outer loop
      vertex   -1.955992e+02 -8.357813e+01 1.186649e+02
      vertex   -1.955744e+02 -8.339063e+01 1.185871e+02
      vertex   -1.956351e+02 -8.337500e+01 1.188125e+02
    endloop
  endfacet
  facet normal 9.772983e-01 1.929279e-02 2.109875e-01
    outer loop
      vertex   -1.955992e+02 -8.357813e+01 1.186649e+02
      vertex   -1.956351e+02 -8.337500e+01 1.188125e+02
      vertex   -1.956488e+02 -8.356250e+01 1.188930e+02
    endloop
  endfacet
  facet normal 9.921404e-01 -1.929279e-02 1.236336e-01
    outer loop
      vertex   -1.956488e+02 -8.356250e+01 1.188930e+02
      vertex   -1.956351e+02 -8.337500e+01 1.188125e+02
      vertex   -1.956637e+02 -8.335938e+01 1.190442e+02
    endloop
  endfacet
  facet normal 9.971964e-01 1.929279e-02 7.229901e-02
    outer loop
      vertex   -1.956488e+02 -8.356250e+01 1.188930e+02
      vertex   -1.956637e+02 -8.335938e+01 1.190442e+02
      vertex   -1.956660e+02 -8.354688e+01 1.191258e+02
    endloop
  endfacet
  facet normal 9.996815e-01 -1.929279e-02 -1.627203e-02
    outer loop
      vertex   -1.956660e+02 -8.354688e+01 1.191258e+02
      vertex   -1.956637e+02 -8.335938e+01 1.190442e+02
      vertex   -1.956596e+02 -8.334375e+01 1.192777e+02
    endloop
  endfacet
  facet normal 9.975117e-01 1.929279e-02 -6.780930e-02
    outer loop
      vertex   -1.956660e+02 -8.354688e+01 1.191258e+02
      vertex   -1.956596e+02 -8.334375e+01 1.192777e+02
      vertex   -1.956505e+02 -8.353125e+01 1.193588e+02
    endloop
  endfacet
  facet normal 9.875910e-01 -1.929279e-02 -1.558581e-01
    outer loop
      vertex   -1.956505e+02 -8.353125e+01 1.193588e+02
      vertex   -1.956596e+02 -8.334375e+01 1.192777e+02
      vertex   -1.956229e+02 -8.332813e+01 1.195082e+02
    endloop
  endfacet
  facet normal 9.782382e-01 1.929279e-02 -2.065860e-01
    outer loop
      vertex   -1.956505e+02 -8.353125e+01 1.193588e+02
      vertex   -1.956229e+02 -8.332813e+01 1.195082e+02
      vertex   -1.956025e+02 -8.351563e+01 1.195873e+02
    endloop
  endfacet
  facet normal 9.561066e-01 -1.929279e-02 -2.923834e-01
    outer loop
      vertex   -1.956025e+02 -8.351563e+01 1.195873e+02
      vertex   -1.956229e+02 -8.332813e+01 1.195082e+02
      vertex   -1.955543e+02 -8.331250e+01 1.197314e+02
    endloop
  endfacet
  facet normal 9.397543e-01 1.929279e-02 -3.413058e-01
    outer loop
      vertex   -1.956025e+02 -8.351563e+01 1.195873e+02
      vertex   -1.955543e+02 -8.331250e+01 1.197314e+02
      vertex   -1.955231e+02 -8.350000e+01 1.198068e+02
    endloop
  endfacet
  facet normal 9.058463e-01 -1.929279e-02 -4.231670e-01
    outer loop
      vertex   -1.955231e+02 -8.350000e+01 1.198068e+02
      vertex   -1.955543e+02 -8.331250e+01 1.197314e+02
      vertex   -1.954553e+02 -8.329688e+01 1.199428e+02
    endloop
  endfacet
  facet normal 8.828157e-01 1.929279e-02 -4.693231e-01
    outer loop
      vertex   -1.955231e+02 -8.350000e+01 1.198068e+02
      vertex   -1.954553e+02 -8.329688e+01 1.199428e+02
      vertex   -1.954138e+02 -8.348438e+01 1.200131e+02
    endloop
  endfacet
  facet normal 8.377972e-01 -1.929279e-02 -5.456405e-01
    outer loop
      vertex   -1.954138e+02 -8.348438e+01 1.200131e+02
      vertex   -1.954553e+02 -8.329688e+01 1.199428e+02
      vertex   -1.953276e+02 -8.328125e+01 1.201383e+02
    endloop
  endfacet
  facet normal 8.085406e-01 1.929279e-02 -5.881240e-01
    outer loop
      vertex   -1.954138e+02 -8.348438e+01 1.200131e+02
      vertex   -1.953276e+02 -8.328125e+01 1.201383e+02
      vertex   -1.952767e+02 -8.346875e+01 1.202021e+02
    endloop
  endfacet
  facet normal 7.532957e-01 -1.929279e-02 -6.573989e-01
    outer loop
      vertex   -1.952767e+02 -8.346875e+01 1.202021e+02
      vertex   -1.953276e+02 -8.328125e+01 1.201383e+02
      vertex   -1.951739e+02 -8.326563e+01 1.203140e+02
    endloop
  endfacet
  facet normal 7.183876e-01 1.929279e-02 -6.953755e-01
    outer loop
      vertex   -1.952767e+02 -8.346875e+01 1.202021e+02
      vertex   -1.951739e+02 -8.326563e+01 1.203140e+02
      vertex   -1.951145e+02 -8.345313e+01 1.203700e+02
    endloop
  endfacet
  facet normal 6.540012e-01 -1.929279e-02 -7.562475e-01
    outer loop
      vertex   -1.951145e+02 -8.345313e+01 1.203700e+02
      vertex   -1.951739e+02 -8.326563e+01 1.203140e+02
      vertex   -1.949971e+02 -8.325000e+01 1.204664e+02
    endloop
  endfacet
  facet normal 6.141271e-01 1.929279e-02 -7.889713e-01
    outer loop
      vertex   -1.951145e+02 -8.345313e+01 1.203700e+02
      vertex   -1.949971e+02 -8.325000e+01 1.204664e+02
      vertex   -1.949305e+02 -8.343750e+01 1.205137e+02
    endloop
  endfacet
  facet normal 5.418636e-01 -1.929279e-02 -8.402450e-01
    outer loop
      vertex   -1.949305e+02 -8.343750e+01 1.205137e+02
      vertex   -1.949971e+02 -8.325000e+01 1.204664e+02
      vertex   -1.948007e+02 -8.323438e+01 1.205927e+02
    endloop
  endfacet
  facet normal 4.978065e-01 1.929279e-02 -8.670735e-01
    outer loop
      vertex   -1.949305e+02 -8.343750e+01 1.205137e+02
      vertex   -1.948007e+02 -8.323438e+01 1.205927e+02
      vertex   -1.947282e+02 -8.342188e+01 1.206302e+02
    endloop
  endfacet
  facet normal 4.190849e-01 -1.929279e-02 -9.077420e-01
    outer loop
      vertex   -1.947282e+02 -8.342188e+01 1.206302e+02
      vertex   -1.948007e+02 -8.323438e+01 1.205927e+02
      vertex   -1.945886e+02 -8.321875e+01 1.206903e+02
    endloop
  endfacet
  facet normal 3.717101e-01 1.929279e-02 -9.281484e-01
    outer loop
      vertex   -1.947282e+02 -8.342188e+01 1.206302e+02
      vertex   -1.945886e+02 -8.321875e+01 1.206903e+02
      vertex   -1.945115e+02 -8.340625e+01 1.207173e+02
    endloop
  endfacet
  facet normal 2.880764e-01 -1.929279e-02 -9.574131e-01
    outer loop
      vertex   -1.945115e+02 -8.340625e+01 1.207173e+02
      vertex   -1.945886e+02 -8.321875e+01 1.206903e+02
      vertex   -1.943650e+02 -8.320313e+01 1.207573e+02
    endloop
  endfacet
  facet normal 2.383141e-01 1.929279e-02 -9.709965e-01
    outer loop
      vertex   -1.945115e+02 -8.340625e+01 1.207173e+02
      vertex   -1.943650e+02 -8.320313e+01 1.207573e+02
      vertex   -1.942849e+02 -8.339063e+01 1.207732e+02
    endloop
  endfacet
  facet normal 1.514107e-01 -1.929279e-02 -9.882826e-01
    outer loop
      vertex   -1.942849e+02 -8.339063e+01 1.207732e+02
      vertex   -1.943650e+02 -8.320313e+01 1.207573e+02
      vertex   -1.941341e+02 -8.318750e+01 1.207923e+02
    endloop
  endfacet
  facet normal 1.002382e-01 1.929279e-02 -9.947764e-01
    outer loop
      vertex   -1.942849e+02 -8.339063e+01 1.207732e+02
      vertex   -1.941341e+02 -8.318750e+01 1.207923e+02
      vertex   -1.940526e+02 -8.337500e+01 1.207969e+02
    endloop
  endfacet
  facet normal 1.177170e-02 -1.929279e-02 -9.997446e-01
    outer loop
      vertex   -1.940526e+02 -8.337500e+01 1.207969e+02
      vertex   -1.941341e+02 -8.318750e+01 1.207923e+02
      vertex   -1.939007e+02 -8.317188e+01 1.207948e+02
    endloop
  endfacet
  facet normal -3.980616e-02 1.929279e-02 -9.990211e-01
    outer loop
      vertex   -1.940526e+02 -8.337500e+01 1.207969e+02
      vertex   -1.939007e+02 -8.317188e+01 1.207948e+02
      vertex   -1.938193e+02 -8.335938e+01 1.207879e+02
    endloop
  endfacet
  facet normal -1.280985e-01 -1.929279e-02 -9.915738e-01
    outer loop
      vertex   -1.938193e+02 -8.335938e+01 1.207879e+02
      vertex   -1.939007e+02 -8.317188e+01 1.207948e+02
      vertex   -1.936692e+02 -8.315625e+01 1.207646e+02
    endloop
  endfacet
  facet normal -1.790688e-01 1.929279e-02 -9.836474e-01
    outer loop
      vertex   -1.938193e+02 -8.335938e+01 1.207879e+02
      vertex   -1.936692e+02 -8.315625e+01 1.207646e+02
      vertex   -1.935896e+02 -8.334375e+01 1.207464e+02
    endloop
  endfacet
  facet normal -2.654532e-01 -1.929279e-02 -9.639307e-01
    outer loop
      vertex   -1.935896e+02 -8.334375e+01 1.207464e+02
      vertex   -1.936692e+02 -8.315625e+01 1.207646e+02
      vertex   -1.934442e+02 -8.314063e+01 1.207023e+02
    endloop
  endfacet
  facet normal -3.148150e-01 1.929279e-02 -9.489570e-01
    outer loop
      vertex   -1.935896e+02 -8.334375e+01 1.207464e+02
      vertex   -1.934442e+02 -8.314063e+01 1.207023e+02
      vertex   -1.933679e+02 -8.332813e+01 1.206732e+02
    endloop
  endfacet
  facet normal -3.975949e-01 -1.929279e-02 -9.173582e-01
    outer loop
      vertex   -1.933679e+02 -8.332813e+01 1.206732e+02
      vertex   -1.934442e+02 -8.314063e+01 1.207023e+02
      vertex   -1.932301e+02 -8.312500e+01 1.206092e+02
    endloop
  endfacet
  facet normal -4.443788e-01 1.929279e-02 -8.956312e-01
    outer loop
      vertex   -1.933679e+02 -8.332813e+01 1.206732e+02
      vertex   -1.932301e+02 -8.312500e+01 1.206092e+02
      vertex   -1.931586e+02 -8.331250e+01 1.205697e+02
    endloop
  endfacet
  facet normal -5.219288e-01 -1.929279e-02 -8.527708e-01
    outer loop
      vertex   -1.931586e+02 -8.331250e+01 1.205697e+02
      vertex   -1.932301e+02 -8.312500e+01 1.206092e+02
      vertex   -1.930311e+02 -8.310938e+01 1.204871e+02
    endloop
  endfacet
  facet normal -5.652161e-01 1.929279e-02 -8.247172e-01
    outer loop
      vertex   -1.931586e+02 -8.331250e+01 1.205697e+02
      vertex   -1.930311e+02 -8.310938e+01 1.204871e+02
      vertex   -1.929659e+02 -8.329688e+01 1.204380e+02
    endloop
  endfacet
  facet normal -6.360132e-01 -1.929279e-02 -7.714370e-01
    outer loop
      vertex   -1.929659e+02 -8.329688e+01 1.204380e+02
      vertex   -1.930311e+02 -8.310938e+01 1.204871e+02
      vertex   -1.928512e+02 -8.309375e+01 1.203383e+02
    endloop
  endfacet
  facet normal -6.749538e-01 1.929279e-02 -7.376077e-01
    outer loop
      vertex   -1.929659e+02 -8.329688e+01 1.204380e+02
      vertex   -1.928512e+02 -8.309375e+01 1.203383e+02
      vertex   -1.927934e+02 -8.328125e+01 1.202806e+02
    endloop
  endfacet
  facet normal -7.376077e-01 -1.929279e-02 -6.749538e-01
    outer loop
      vertex   -1.927934e+02 -8.328125e+01 1.202806e+02
      vertex   -1.928512e+02 -8.309375e+01 1.203383e+02
      vertex   -1.926938e+02 -8.307813e+01 1.201659e+02
    endloop
  endfacet
  facet normal -7.714370e-01 1.929279e-02 -6.360132e-01
    outer loop
      vertex   -1.927934e+02 -8.328125e+01 1.202806e+02
      vertex   -1.926938e+02 -8.307813e+01 1.201659e+02
      vertex   -1.926447e+02 -8.326563e+01 1.201006e+02
    endloop
  endfacet
  facet normal -8.247172e-01 -1.929279e-02 -5.652161e-01
    outer loop
      vertex   -1.926447e+02 -8.326563e+01 1.201006e+02
      vertex   -1.926938e+02 -8.307813e+01 1.201659e+02
      vertex   -1.925621e+02 -8.306250e+01 1.199731e+02
    endloop
  endfacet
  facet normal -8.527708e-01 1.929279e-02 -5.219288e-01
    outer loop
      vertex   -1.926447e+02 -8.326563e+01 1.201006e+02
      vertex   -1.925621e+02 -8.306250e+01 1.199731e+02
      vertex   -1.925226e+02 -8.325000e+01 1.199017e+02
    endloop
  endfacet
  facet normal -8.956312e-01 -1.929279e-02 -4.443788e-01
    outer loop
      vertex   -1.925226e+02 -8.325000e+01 1.199017e+02
      vertex   -1.925621e+02 -8.306250e+01 1.199731e+02
      vertex   -1.924586e+02 -8.304688e+01 1.197638e+02
    endloop
  endfacet
  facet normal -9.173582e-01 1.929279e-02 -3.975949e-01
    outer loop
      vertex   -1.925226e+02 -8.325000e+01 1.199017e+02
      vertex   -1.924586e+02 -8.304688e+01 1.197638e+02
      vertex   -1.924294e+02 -8.323438e+01 1.196876e+02
    endloop
  endfacet
  facet normal -9.489570e-01 -1.929279e-02 -3.148150e-01
    outer loop
      vertex   -1.924294e+02 -8.323438e+01 1.196876e+02
      vertex   -1.924586e+02 -8.304688e+01 1.197638e+02
      vertex   -1.923853e+02 -8.303125e+01 1.195422e+02
    endloop
  endfacet
  facet normal -9.639307e-01 1.929279e-02 -2.654532e-01
    outer loop
      vertex   -1.924294e+02 -8.323438e+01 1.196876e+02
      vertex   -1.923853e+02 -8.303125e+01 1.195422e+02
      vertex   -1.923672e+02 -8.321875e+01 1.194626e+02
    endloop
  endfacet
  facet normal -9.836474e-01 -1.929279e-02 -1.790688e-01
    outer loop
      vertex   -1.923672e+02 -8.321875e+01 1.194626e+02
      vertex   -1.923853e+02 -8.303125e+01 1.195422e+02
      vertex   -1.923438e+02 -8.301563e+01 1.193124e+02
    endloop
  endfacet
  facet normal -9.915738e-01 1.929279e-02 -1.280985e-01
    outer loop
      vertex   -1.923672e+02 -8.321875e+01 1.194626e+02
      vertex   -1.923438e+02 -8.301563e+01 1.193124e+02
      vertex   -1.923370e+02 -8.320313e+01 1.192311e+02
    endloop
  endfacet
  facet normal -9.990211e-01 -1.929279e-02 -3.980616e-02
    outer loop
      vertex   -1.923370e+02 -8.320313e+01 1.192311e+02
      vertex   -1.923438e+02 -8.301563e+01 1.193124e+02
      vertex   -1.923348e+02 -8.300000e+01 1.190791e+02
    endloop
  endfacet
  facet normal -9.997446e-01 1.929279e-02 1.177170e-02
    outer loop
      vertex   -1.923370e+02 -8.320313e+01 1.192311e+02
      vertex   -1.923348e+02 -8.300000e+01 1.190791e+02
      vertex   -1.923394e+02 -8.318750e+01 1.189976e+02
    endloop
  endfacet
  facet normal -9.947764e-01 -1.929279e-02 1.002382e-01
    outer loop
      vertex   -1.923394e+02 -8.318750e+01 1.189976e+02
      vertex   -1.923348e+02 -8.300000e+01 1.190791e+02
      vertex   -1.923585e+02 -8.298438e+01 1.188469e+02
    endloop
  endfacet
  facet normal -9.882826e-01 1.929279e-02 1.514107e-01
    outer loop
      vertex   -1.923394e+02 -8.318750e+01 1.189976e+02
      vertex   -1.923585e+02 -8.298438e+01 1.188469e+02
      vertex   -1.923745e+02 -8.317188e+01 1.187668e+02
    endloop
  endfacet
  facet normal -9.709965e-01 -1.929279e-02 2.383141e-01
    outer loop
      vertex   -1.923745e+02 -8.317188e+01 1.187668e+02
      vertex   -1.923585e+02 -8.298438e+01 1.188469e+02
      vertex   -1.924145e+02 -8.296875e+01 1.186202e+02
    endloop
  endfacet
  facet normal -9.574131e-01 1.929279e-02 2.880764e-01
    outer loop
      vertex   -1.923745e+02 -8.317188e+01 1.187668e+02
      vertex   -1.924145e+02 -8.296875e+01 1.186202e+02
      vertex   -1.924414e+02 -8.315625e+01 1.185431e+02
    endloop
  endfacet
  facet normal -9.281484e-01 -1.929279e-02 3.717101e-01
    outer loop
      vertex   -1.924414e+02 -8.315625e+01 1.185431e+02
      vertex   -1.924145e+02 -8.296875e+01 1.186202e+02
      vertex   -1.925016e+02 -8.295313e+01 1.184036e+02
    endloop
  endfacet
  facet normal -9.077420e-01 1.929279e-02 4.190849e-01
    outer loop
      vertex   -1.924414e+02 -8.315625e+01 1.185431e+02
      vertex   -1.925016e+02 -8.295313e+01 1.184036e+02
      vertex   -1.925390e+02 -8.314063e+01 1.183310e+02
    endloop
  endfacet
  facet normal -8.670735e-01 -1.929279e-02 4.978065e-01
    outer loop
      vertex   -1.925390e+02 -8.314063e+01 1.183310e+02
      vertex   -1.925016e+02 -8.295313e+01 1.184036e+02
      vertex   -1.926181e+02 -8.293750e+01 1.182013e+02
    endloop
  endfacet
  facet normal -8.402450e-01 1.929279e-02 5.418636e-01
    outer loop
      vertex   -1.925390e+02 -8.314063e+01 1.183310e+02
      vertex   -1.926181e+02 -8.293750e+01 1.182013e+02
      vertex   -1.926653e+02 -8.312500e+01 1.181347e+02
    endloop
  endfacet
  facet normal -7.889713e-01 -1.929279e-02 6.141271e-01
    outer loop
      vertex   -1.926653e+02 -8.312500e+01 1.181347e+02
      vertex   -1.926181e+02 -8.293750e+01 1.182013e+02
      vertex   -1.927617e+02 -8.292188e+01 1.180172e+02
    endloop
  endfacet
  facet normal -7.562475e-01 1.929279e-02 6.540012e-01
    outer loop
      vertex   -1.926653e+02 -8.312500e+01 1.181347e+02
      vertex   -1.927617e+02 -8.292188e+01 1.180172e+02
      vertex   -1.928178e+02 -8.310938e+01 1.179579e+02
    endloop
  endfacet
  facet normal -6.953755e-01 -1.929279e-02 7.183876e-01
    outer loop
      vertex   -1.928178e+02 -8.310938e+01 1.179579e+02
      vertex   -1.927617e+02 -8.292188e+01 1.180172e+02
      vertex   -1.929297e+02 -8.290625e+01 1.178551e+02
    endloop
  endfacet
  facet normal -6.573989e-01 1.929279e-02 7.532957e-01
    outer loop
      vertex   -1.928178e+02 -8.310938e+01 1.179579e+02
      vertex   -1.929297e+02 -8.290625e+01 1.178551e+02
      vertex   -1.929935e+02 -8.309375e+01 1.178042e+02
    endloop
  endfacet
  facet normal -5.881240e-01 -1.929279e-02 8.085406e-01
    outer loop
      vertex   -1.929935e+02 -8.309375e+01 1.178042e+02
      vertex   -1.929297e+02 -8.290625e+01 1.178551e+02
      vertex   -1.931186e+02 -8.289063e+01 1.177180e+02
    endloop
  endfacet
  facet normal -5.456405e-01 1.929279e-02 8.377972e-01
    outer loop
      vertex   -1.929935e+02 -8.309375e+01 1.178042e+02
      vertex   -1.931186e+02 -8.289063e+01 1.177180e+02
      vertex   -1.931890e+02 -8.307813e+01 1.176765e+02
    endloop
  endfacet
  facet normal -4.693231e-01 -1.929279e-02 8.828157e-01
    outer loop
      vertex   -1.931890e+02 -8.307813e+01 1.176765e+02
      vertex   -1.931186e+02 -8.289063e+01 1.177180e+02
      vertex   -1.933249e+02 -8.287500e+01 1.176087e+02
    endloop
  endfacet
  facet normal -4.231670e-01 1.929279e-02 9.058463e-01
    outer loop
      vertex   -1.931890e+02 -8.307813e+01 1.176765e+02
      vertex   -1.933249e+02 -8.287500e+01 1.176087e+02
      vertex   -1.934004e+02 -8.306250e+01 1.175774e+02
    endloop
  endfacet
  facet normal -3.413058e-01 -1.929279e-02 9.397543e-01
    outer loop
      vertex   -1.934004e+02 -8.306250e+01 1.175774e+02
      vertex   -1.933249e+02 -8.287500e+01 1.176087e+02
      vertex   -1.935445e+02 -8.285938e+01 1.175292e+02
    endloop
  endfacet
  facet normal -2.923834e-01 1.929279e-02 9.561066e-01
    outer loop
      vertex   -1.934004e+02 -8.306250e+01 1.175774e+02
      vertex   -1.935445e+02 -8.285938e+01 1.175292e+02
      vertex   -1.936235e+02 -8.304688e+01 1.175088e+02
    endloop
  endfacet
  facet normal -2.065860e-01 -1.929279e-02 9.782382e-01
    outer loop
      vertex   -1.936235e+02 -8.304688e+01 1.175088e+02
      vertex   -1.935445e+02 -8.285938e+01 1.175292e+02
      vertex   -1.937730e+02 -8.284375e+01 1.174813e+02
    endloop
  endfacet
  facet normal -1.558581e-01 1.929279e-02 9.875910e-01
    outer loop
      vertex   -1.936235e+02 -8.304688e+01 1.175088e+02
      vertex   -1.937730e+02 -8.284375e+01 1.174813e+02
      vertex   -1.938541e+02 -8.303125e+01 1.174722e+02
    endloop
  endfacet
  facet normal -6.780930e-02 -1.929279e-02 9.975117e-01
    outer loop
      vertex   -1.938541e+02 -8.303125e+01 1.174722e+02
      vertex   -1.937730e+02 -8.284375e+01 1.174813e+02
      vertex   -1.940059e+02 -8.282813e+01 1.174658e+02
    endloop
  endfacet
  facet normal -1.627203e-02 1.929279e-02 9.996815e-01
    outer loop
      vertex   -1.938541e+02 -8.303125e+01 1.174722e+02
      vertex   -1.940059e+02 -8.282813e+01 1.174658e+02
      vertex   -1.940875e+02 -8.301563e+01 1.174681e+02
    endloop
  endfacet
  facet normal 7.229901e-02 -1.929279e-02 9.971964e-01
    outer loop
      vertex   -1.940875e+02 -8.301563e+01 1.174681e+02
      vertex   -1.940059e+02 -8.282813e+01 1.174658e+02
      vertex   -1.942387e+02 -8.281250e+01 1.174829e+02
    endloop
  endfacet
  facet normal 1.236336e-01 1.929279e-02 9.921404e-01
    outer loop
      vertex   -1.940875e+02 -8.301563e+01 1.174681e+02
      vertex   -1.942387e+02 -8.281250e+01 1.174829e+02
      vertex   -1.943192e+02 -8.300000e+01 1.174966e+02
    endloop
  endfacet
  facet normal 2.109875e-01 -1.929279e-02 9.772983e-01
    outer loop
      vertex   -1.943192e+02 -8.300000e+01 1.174966e+02
      vertex   -1.942387e+02 -8.281250e+01 1.174829e+02
      vertex   -1.944669e+02 -8.279688e+01 1.175325e+02
    endloop
  endfacet
  facet normal 2.611113e-01 1.929279e-02 9.651159e-01
    outer loop
      vertex   -1.943192e+02 -8.300000e+01 1.174966e+02
      vertex   -1.944669e+02 -8.279688e+01 1.175325e+02
      vertex   -1.945447e+02 -8.298438e+01 1.175573e+02
    endloop
  endfacet
  facet normal 3.455327e-01 -1.929279e-02 9.382084e-01
    outer loop
      vertex   -1.945447e+02 -8.298438e+01 1.175573e+02
      vertex   -1.944669e+02 -8.279688e+01 1.175325e+02
      vertex   -1.946858e+02 -8.278125e+01 1.176135e+02
    endloop
  endfacet
  facet normal 3.934613e-01 1.929279e-02 9.191387e-01
    outer loop
      vertex   -1.945447e+02 -8.298438e+01 1.175573e+02
      vertex   -1.946858e+02 -8.278125e+01 1.176135e+02
      vertex   -1.947594e+02 -8.296875e+01 1.176489e+02
    endloop
  endfacet
  facet normal 4.732925e-01 -1.929279e-02 8.806941e-01
    outer loop
      vertex   -1.947594e+02 -8.296875e+01 1.176489e+02
      vertex   -1.946858e+02 -8.278125e+01 1.176135e+02
      vertex   -1.948914e+02 -8.276563e+01 1.177243e+02
    endloop
  endfacet
  facet normal 5.180847e-01 1.929279e-02 8.551117e-01
    outer loop
      vertex   -1.947594e+02 -8.296875e+01 1.176489e+02
      vertex   -1.948914e+02 -8.276563e+01 1.177243e+02
      vertex   -1.949592e+02 -8.295313e+01 1.177696e+02
    endloop
  endfacet
  facet normal 5.917578e-01 -1.929279e-02 8.058849e-01
    outer loop
      vertex   -1.949592e+02 -8.295313e+01 1.177696e+02
      vertex   -1.948914e+02 -8.276563e+01 1.177243e+02
      vertex   -1.950794e+02 -8.275000e+01 1.178627e+02
    endloop
  endfacet
  facet normal 6.325340e-01 1.929279e-02 7.742923e-01
    outer loop
      vertex   -1.949592e+02 -8.295313e+01 1.177696e+02
      vertex   -1.950794e+02 -8.275000e+01 1.178627e+02
      vertex   -1.951402e+02 -8.293750e+01 1.179171e+02
    endloop
  endfacet
  facet normal 6.986023e-01 -1.929279e-02 7.152500e-01
    outer loop
      vertex   -1.951402e+02 -8.293750e+01 1.179171e+02
      vertex   -1.950794e+02 -8.275000e+01 1.178627e+02
      vertex   -1.952462e+02 -8.273438e+01 1.180260e+02
    endloop
  endfacet
  facet normal 7.345618e-01 1.929279e-02 6.782674e-01
    outer loop
      vertex   -1.951402e+02 -8.293750e+01 1.179171e+02
      vertex   -1.952462e+02 -8.273438e+01 1.180260e+02
      vertex   -1.952988e+02 -8.292188e+01 1.180884e+02
    endloop
  endfacet
  facet normal 7.917279e-01 -1.929279e-02 6.105692e-01
    outer loop
      vertex   -1.952988e+02 -8.292188e+01 1.180884e+02
      vertex   -1.952462e+02 -8.273438e+01 1.180260e+02
      vertex   -1.953885e+02 -8.271875e+01 1.182111e+02
    endloop
  endfacet
  facet normal 8.221645e-01 1.929279e-02 5.689230e-01
    outer loop
      vertex   -1.952988e+02 -8.292188e+01 1.180884e+02
      vertex   -1.953885e+02 -8.271875e+01 1.182111e+02
      vertex   -1.954319e+02 -8.290625e+01 1.182802e+02
    endloop
  endfacet
  facet normal 8.693057e-01 -1.929279e-02 4.938982e-01
    outer loop
      vertex   -1.954319e+02 -8.290625e+01 1.182802e+02
      vertex   -1.953885e+02 -8.271875e+01 1.182111e+02
      vertex   -1.955036e+02 -8.270313e+01 1.184142e+02
    endloop
  endfacet
  facet normal 8.936217e-01 1.929279e-02 4.484061e-01
    outer loop
      vertex   -1.954319e+02 -8.290625e+01 1.182802e+02
      vertex   -1.955036e+02 -8.270313e+01 1.184142e+02
      vertex   -1.955369e+02 -8.289063e+01 1.184888e+02
    endloop
  endfacet
  facet normal 9.298123e-01 -1.929279e-02 3.675281e-01
    outer loop
      vertex   -1.955369e+02 -8.289063e+01 1.184888e+02
      vertex   -1.955036e+02 -8.270313e+01 1.184142e+02
      vertex   -1.955891e+02 -8.268750e+01 1.186315e+02
    endloop
  endfacet
  facet normal 9.475302e-01 1.929279e-02 3.190836e-01
    outer loop
      vertex   -1.955369e+02 -8.289063e+01 1.184888e+02
      vertex   -1.955891e+02 -8.268750e+01 1.186315e+02
      vertex   -1.956117e+02 -8.287500e+01 1.187099e+02
    endloop
  endfacet
  facet normal 9.720594e-01 -1.929279e-02 2.339407e-01
    outer loop
      vertex   -1.956117e+02 -8.287500e+01 1.187099e+02
      vertex   -1.955891e+02 -8.268750e+01 1.186315e+02
      vertex   -1.956434e+02 -8.267188e+01 1.188585e+02
    endloop
  endfacet
  facet normal 9.828313e-01 1.929279e-02 1.834950e-01
    outer loop
      vertex   -1.956117e+02 -8.287500e+01 1.187099e+02
      vertex   -1.956434e+02 -8.267188e+01 1.188585e+02
      vertex   -1.956549e+02 -8.285938e+01 1.189394e+02
    endloop
  endfacet
  facet normal 9.952176e-01 -1.929279e-02 9.575910e-02
    outer loop
      vertex   -1.956549e+02 -8.285938e+01 1.189394e+02
      vertex   -1.956434e+02 -8.267188e+01 1.188585e+02
      vertex   -1.956655e+02 -8.265625e+01 1.190909e+02
    endloop
  endfacet
  facet normal 9.988318e-01 1.929279e-02 4.430295e-02
    outer loop
      vertex   -1.956549e+02 -8.285938e+01 1.189394e+02
      vertex   -1.956655e+02 -8.265625e+01 1.190909e+02
      vertex   -1.956655e+02 -8.284375e+01 1.191726e+02
    endloop
  endfacet
  facet normal 9.988318e-01 -1.929279e-02 -4.430295e-02
    outer loop
      vertex   -1.956655e+02 -8.284375e+01 1.191726e+02
      vertex   -1.956655e+02 -8.265625e+01 1.190909e+02
      vertex   -1.956549e+02 -8.264063e+01 1.193241e+02
    endloop
  endfacet
  facet normal 9.952176e-01 1.929279e-02 -9.575910e-02
    outer loop
      vertex   -1.956655e+02 -8.284375e+01 1.191726e+02
      vertex   -1.956549e+02 -8.264063e+01 1.193241e+02
      vertex   -1.956434e+02 -8.282813e+01 1.194050e+02
    endloop
  endfacet
  facet normal 9.828313e-01 -1.929279e-02 -1.834950e-01
    outer loop
      vertex   -1.956434e+02 -8.282813e+01 1.194050e+02
      vertex   -1.956549e+02 -8.264063e+01 1.193241e+02
      vertex   -1.956117e+02 -8.262500e+01 1.195536e+02
    endloop
  endfacet
  facet normal 9.720594e-01 1.929279e-02 -2.339407e-01
    outer loop
      vertex   -1.956434e+02 -8.282813e+01 1.194050e+02
      vertex   -1.956117e+02 -8.262500e+01 1.195536e+02
      vertex   -1.955891e+02 -8.281250e+01 1.196320e+02
    endloop
  endfacet
  facet normal 9.475302e-01 -1.929279e-02 -3.190836e-01
    outer loop
      vertex   -1.955891e+02 -8.281250e+01 1.196320e+02
      vertex   -1.956117e+02 -8.262500e+01 1.195536e+02
      vertex   -1.955369e+02 -8.260938e+01 1.197747e+02
    endloop
  endfacet
  facet normal 9.298123e-01 1.929279e-02 -3.675281e-01
    outer loop
      vertex   -1.955891e+02 -8.281250e+01 1.196320e+02
      vertex   -1.955369e+02 -8.260938e+01 1.197747e+02
      vertex   -1.955036e+02 -8.279688e+01 1.198493e+02
    endloop
  endfacet
  facet normal 8.936217e-01 -1.929279e-02 -4.484061e-01
    outer loop
      vertex   -1.955036e+02 -8.279688e+01 1.198493e+02
      vertex   -1.955369e+02 -8.260938e+01 1.197747e+02
      vertex   -1.954319e+02 -8.259375e+01 1.199833e+02
    endloop
  endfacet
  facet normal 8.693057e-01 1.929279e-02 -4.938982e-01
    outer loop
      vertex   -1.955036e+02 -8.279688e+01 1.198493e+02
      vertex   -1.954319e+02 -8.259375e+01 1.199833e+02
      vertex   -1.953885e+02 -8.278125e+01 1.200524e+02
    endloop
  endfacet
  facet normal 8.221645e-01 -1.929279e-02 -5.689230e-01
    outer loop
      vertex   -1.953885e+02 -8.278125e+01 1.200524e+02
      vertex   -1.954319e+02 -8.259375e+01 1.199833e+02
      vertex   -1.952988e+02 -8.257813e+01 1.201751e+02
    endloop
  endfacet
  facet normal 7.917279e-01 1.929279e-02 -6.105692e-01
    outer loop
      vertex   -1.953885e+02 -8.278125e+01 1.200524e+02
      vertex   -1.952988e+02 -8.257813e+01 1.201751e+02
      vertex   -1.952462e+02 -8.276563e+01 1.202375e+02
    endloop
  endfacet
  facet normal 7.345618e-01 -1.929279e-02 -6.782674e-01
    outer loop
      vertex   -1.952462e+02 -8.276563e+01 1.202375e+02
      vertex   -1.952988e+02 -8.257813e+01 1.201751e+02
      vertex   -1.951402e+02 -8.256250e+01 1.203464e+02
    endloop
  endfacet
  facet normal 6.986023e-01 1.929279e-02 -7.152500e-01
    outer loop
      vertex   -1.952462e+02 -8.276563e+01 1.202375e+02
      vertex   -1.951402e+02 -8.256250e+01 1.203464e+02
      vertex   -1.950794e+02 -8.275000e+01 1.204008e+02
    endloop
  endfacet
  facet normal 6.325340e-01 -1.929279e-02 -7.742923e-01
    outer loop
      vertex   -1.950794e+02 -8.275000e+01 1.204008e+02
      vertex   -1.951402e+02 -8.256250e+01 1.203464e+02
      vertex   -1.949592e+02 -8.254688e+01 1.204939e+02
    endloop
  endfacet
  facet normal 5.917578e-01 1.929279e-02 -8.058849e-01
    outer loop
      vertex   -1.950794e+02 -8.275000e+01 1.204008e+02
      vertex   -1.949592e+02 -8.254688e+01 1.204939e+02
      vertex   -1.948914e+02 -8.273438e+01 1.205392e+02
    endloop
  endfacet
  facet normal 5.180847e-01 -1.929279e-02 -8.551117e-01
    outer loop
      vertex   -1.948914e+02 -8.273438e+01 1.205392e+02
      vertex   -1.949592e+02 -8.254688e+01 1.204939e+02
      vertex   -1.947594e+02 -8.253125e+01 1.206146e+02
    endloop
  endfacet
  facet normal 4.732925e-01 1.929279e-02 -8.806941e-01
    outer loop
      vertex   -1.948914e+02 -8.273438e+01 1.205392e+02
      vertex   -1.947594e+02 -8.253125e+01 1.206146e+02
      vertex   -1.946858e+02 -8.271875e+01 1.206500e+02
    endloop
  endfacet
  facet normal 3.934613e-01 -1.929279e-02 -9.191387e-01
    outer loop
      vertex   -1.946858e+02 -8.271875e+01 1.206500e+02
      vertex   -1.947594e+02 -8.253125e+01 1.206146e+02
      vertex   -1.945447e+02 -8.251563e+01 1.207062e+02
    endloop
  endfacet
  facet normal 3.455327e-01 1.929279e-02 -9.382084e-01
    outer loop
      vertex   -1.946858e+02 -8.271875e+01 1.206500e+02
      vertex   -1.945447e+02 -8.251563e+01 1.207062e+02
      vertex   -1.944669e+02 -8.270313e+01 1.207310e+02
    endloop
  endfacet
  facet normal 2.611113e-01 -1.929279e-02 -9.651159e-01
    outer loop
      vertex   -1.944669e+02 -8.270313e+01 1.207310e+02
      vertex   -1.945447e+02 -8.251563e+01 1.207062e+02
      vertex   -1.943192e+02 -8.250000e+01 1.207669e+02
    endloop
  endfacet
  facet normal 2.109875e-01 1.929279e-02 -9.772983e-01
    outer loop
      vertex   -1.944669e+02 -8.270313e+01 1.207310e+02
      vertex   -1.943192e+02 -8.250000e+01 1.207669e+02
      vertex   -1.942387e+02 -8.268750e+01 1.207806e+02
    endloop
  endfacet
  facet normal 1.236336e-01 -1.929279e-02 -9.921404e-01
    outer loop
      vertex   -1.942387e+02 -8.268750e+01 1.207806e+02
      vertex   -1.943192e+02 -8.250000e+01 1.207669e+02
      vertex   -1.940875e+02 -8.248438e+01 1.207954e+02
    endloop
  endfacet
  facet normal 7.229901e-02 1.929279e-02 -9.971964e-01
    outer loop
      vertex   -1.942387e+02 -8.268750e+01 1.207806e+02
      vertex   -1.940875e+02 -8.248438e+01 1.207954e+02
      vertex   -1.940059e+02 -8.267188e+01 1.207977e+02
    endloop
  endfacet
  facet normal -1.627203e-02 -1.929279e-02 -9.996815e-01
    outer loop
      vertex   -1.940059e+02 -8.267188e+01 1.207977e+02
      vertex   -1.940875e+02 -8.248438e+01 1.207954e+02
      vertex   -1.938541e+02 -8.246875e+01 1.207913e+02
    endloop
  endfacet
  facet normal -6.780930e-02 1.929279e-02 -9.975117e-01
    outer loop
      vertex   -1.940059e+02 -8.267188e+01 1.207977e+02
      vertex   -1.938541e+02 -8.246875e+01 1.207913e+02
      vertex   -1.937730e+02 -8.265625e+01 1.207822e+02
    endloop
  endfacet
  facet normal -1.558581e-01 -1.929279e-02 -9.875910e-01
    outer loop
      vertex   -1.937730e+02 -8.265625e+01 1.207822e+02
      vertex   -1.938541e+02 -8.246875e+01 1.207913e+02
      vertex   -1.936235e+02 -8.245313e+01 1.207547e+02
    endloop
  endfacet
  facet normal -2.065860e-01 1.929279e-02 -9.782382e-01
    outer loop
      vertex   -1.937730e+02 -8.265625e+01 1.207822e+02
      vertex   -1.936235e+02 -8.245313e+01 1.207547e+02
      vertex   -1.935445e+02 -8.264063e+01 1.207343e+02
    endloop
  endfacet
  facet normal -2.923834e-01 -1.929279e-02 -9.561066e-01
    outer loop
      vertex   -1.935445e+02 -8.264063e+01 1.207343e+02
      vertex   -1.936235e+02 -8.245313e+01 1.207547e+02
      vertex   -1.934004e+02 -8.243750e+01 1.206861e+02
    endloop
  endfacet
  facet normal -3.413058e-01 1.929279e-02 -9.397543e-01
    outer loop
      vertex   -1.935445e+02 -8.264063e+01 1.207343e+02
      vertex   -1.934004e+02 -8.243750e+01 1.206861e+02
      vertex   -1.933249e+02 -8.262500e+01 1.206548e+02
    endloop
  endfacet
  facet normal -4.231670e-01 -1.929279e-02 -9.058463e-01
    outer loop
      vertex   -1.933249e+02 -8.262500e+01 1.206548e+02
      vertex   -1.934004e+02 -8.243750e+01 1.206861e+02
      vertex   -1.931890e+02 -8.242188e+01 1.205870e+02
    endloop
  endfacet
  facet normal -4.693231e-01 1.929279e-02 -8.828157e-01
    outer loop
      vertex   -1.933249e+02 -8.262500e+01 1.206548e+02
      vertex   -1.931890e+02 -8.242188e+01 1.205870e+02
      vertex   -1.931186e+02 -8.260938e+01 1.205455e+02
    endloop
  endfacet
  facet normal -5.456405e-01 -1.929279e-02 -8.377972e-01
    outer loop
      vertex   -1.931186e+02 -8.260938e+01 1.205455e+02
      vertex   -1.931890e+02 -8.242188e+01 1.205870e+02
      vertex   -1.929935e+02 -8.240625e+01 1.204593e+02
    endloop
  endfacet
  facet normal -5.881240e-01 1.929279e-02 -8.085406e-01
    outer loop
      vertex   -1.931186e+02 -8.260938e+01 1.205455e+02
      vertex   -1.929935e+02 -8.240625e+01 1.204593e+02
      vertex   -1.929297e+02 -8.259375e+01 1.204084e+02
    endloop
  endfacet
  facet normal -6.573989e-01 -1.929279e-02 -7.532957e-01
    outer loop
      vertex   -1.929297e+02 -8.259375e+01 1.204084e+02
      vertex   -1.929935e+02 -8.240625e+01 1.204593e+02
      vertex   -1.928178e+02 -8.239063e+01 1.203056e+02
    endloop
  endfacet
  facet normal -6.953755e-01 1.929279e-02 -7.183876e-01
    outer loop
      vertex   -1.929297e+02 -8.259375e+01 1.204084e+02
      vertex   -1.928178e+02 -8.239063e+01 1.203056e+02
      vertex   -1.927617e+02 -8.257813e+01 1.202463e+02
    endloop
  endfacet
  facet normal -7.562475e-01 -1.929279e-02 -6.540012e-01
    outer loop
      vertex   -1.927617e+02 -8.257813e+01 1.202463e+02
      vertex   -1.928178e+02 -8.239063e+01 1.203056e+02
      vertex   -1.926653e+02 -8.237500e+01 1.201288e+02
    endloop
  endfacet
  facet normal -7.889713e-01 1.929279e-02 -6.141271e-01
    outer loop
      vertex   -1.927617e+02 -8.257813e+01 1.202463e+02
      vertex   -1.926653e+02 -8.237500e+01 1.201288e+02
      vertex   -1.926181e+02 -8.256250e+01 1.200622e+02
    endloop
  endfacet
  facet normal -8.402450e-01 -1.929279e-02 -5.418636e-01
    outer loop
      vertex   -1.926181e+02 -8.256250e+01 1.200622e+02
      vertex   -1.926653e+02 -8.237500e+01 1.201288e+02
      vertex   -1.925390e+02 -8.235938e+01 1.199325e+02
    endloop
  endfacet
  facet normal -8.670735e-01 1.929279e-02 -4.978065e-01
    outer loop
      vertex   -1.926181e+02 -8.256250e+01 1.200622e+02
      vertex   -1.925390e+02 -8.235938e+01 1.199325e+02
      vertex   -1.925016e+02 -8.254688e+01 1.198599e+02
    endloop
  endfacet
  facet normal -9.077420e-01 -1.929279e-02 -4.190849e-01
    outer loop
      vertex   -1.925016e+02 -8.254688e+01 1.198599e+02
      vertex   -1.925390e+02 -8.235938e+01 1.199325e+02
      vertex   -1.924414e+02 -8.234375e+01 1.197204e+02
    endloop
  endfacet
  facet normal -9.281484e-01 1.929279e-02 -3.717101e-01
    outer loop
      vertex   -1.925016e+02 -8.254688e+01 1.198599e+02
      vertex   -1.924414e+02 -8.234375e+01 1.197204e+02
      vertex   -1.924145e+02 -8.253125e+01 1.196433e+02
    endloop
  endfacet
  facet normal -9.574131e-01 -1.929279e-02 -2.880764e-01
    outer loop
      vertex   -1.924145e+02 -8.253125e+01 1.196433e+02
      vertex   -1.924414e+02 -8.234375e+01 1.197204e+02
      vertex   -1.923745e+02 -8.232813e+01 1.194967e+02
    endloop
  endfacet
  facet normal -9.709965e-01 1.929279e-02 -2.383141e-01
    outer loop
      vertex   -1.924145e+02 -8.253125e+01 1.196433e+02
      vertex   -1.923745e+02 -8.232813e+01 1.194967e+02
      vertex   -1.923585e+02 -8.251563e+01 1.194166e+02
    endloop
  endfacet
  facet normal -9.882826e-01 -1.929279e-02 -1.514107e-01
    outer loop
      vertex   -1.923585e+02 -8.251563e+01 1.194166e+02
      vertex   -1.923745e+02 -8.232813e+01 1.194967e+02
      vertex   -1.923394e+02 -8.231250e+01 1.192659e+02
    endloop
  endfacet
  facet normal -9.947764e-01 1.929279e-02 -1.002382e-01
    outer loop
      vertex   -1.923585e+02 -8.251563e+01 1.194166e+02
      vertex   -1.923394e+02 -8.231250e+01 1.192659e+02
      vertex   -1.923348e+02 -8.250000e+01 1.191844e+02
    endloop
  endfacet
  facet normal -9.997446e-01 -1.929279e-02 -1.177170e-02
    outer loop
      vertex   -1.923348e+02 -8.250000e+01 1.191844e+02
      vertex   -1.923394e+02 -8.231250e+01 1.192659e+02
      vertex   -1.923370e+02 -8.229688e+01 1.190324e+02
    endloop
  endfacet
  facet normal -9.990211e-01 1.929279e-02 3.980616e-02
    outer loop
      vertex   -1.923348e+02 -8.250000e+01 1.191844e+02
      vertex   -1.923370e+02 -8.229688e+01 1.190324e+02
      vertex   -1.923438e+02 -8.248438e+01 1.189511e+02
    endloop
  endfacet
  facet normal -9.915738e-01 -1.929279e-02 1.280985e-01
    outer loop
      vertex   -1.923438e+02 -8.248438e+01 1.189511e+02
      vertex   -1.923370e+02 -8.229688e+01 1.190324e+02
      vertex   -1.923672e+02 -8.228125e+01 1.188009e+02
    endloop
  endfacet
  facet normal -9.836474e-01 1.929279e-02 1.790688e-01
    outer loop
      vertex   -1.923438e+02 -8.248438e+01 1.189511e+02
      vertex   -1.923672e+02 -8.228125e+01 1.188009e+02
      vertex   -1.923853e+02 -8.246875e+01 1.187213e+02
    endloop
  endfacet
  facet normal -9.639307e-01 -1.929279e-02 2.654532e-01
    outer loop
      vertex   -1.923853e+02 -8.246875e+01 1.187213e+02
      vertex   -1.923672e+02 -8.228125e+01 1.188009e+02
      vertex   -1.924294e+02 -8.226563e+01 1.185759e+02
    endloop
  endfacet
  facet normal -9.489570e-01 1.929279e-02 3.148150e-01
    outer loop
      vertex   -1.923853e+02 -8.246875e+01 1.187213e+02
      vertex   -1.924294e+02 -8.226563e+01 1.185759e+02
      vertex   -1.924586e+02 -8.245313e+01 1.184997e+02
    endloop
  endfacet
  facet normal -9.173582e-01 -1.929279e-02 3.975949e-01
    outer loop
      vertex   -1.924586e+02 -8.245313e+01 1.184997e+02
      vertex   -1.924294e+02 -8.226563e+01 1.185759e+02
      vertex   -1.925226e+02 -8.225000e+01 1.183618e+02
    endloop
  endfacet
  facet normal -8.956312e-01 1.929279e-02 4.443788e-01
    outer loop
      vertex   -1.924586e+02 -8.245313e+01 1.184997e+02
      vertex   -1.925226e+02 -8.225000e+01 1.183618e+02
      vertex   -1.925621e+02 -8.243750e+01 1.182904e+02
    endloop
  endfacet
  facet normal -8.527708e-01 -1.929279e-02 5.219288e-01
    outer loop
      vertex   -1.925621e+02 -8.243750e+01 1.182904e+02
      vertex   -1.925226e+02 -8.225000e+01 1.183618e+02
      vertex   -1.926447e+02 -8.223438e+01 1.181629e+02
    endloop
  endfacet
  facet normal -8.247172e-01 1.929279e-02 5.652161e-01
    outer loop
      vertex   -1.925621e+02 -8.243750e+01 1.182904e+02
      vertex   -1.926447e+02 -8.223438e+01 1.181629e+02
      vertex   -1.926938e+02 -8.242188e+01 1.180976e+02
    endloop
  endfacet
  facet normal -7.714370e-01 -1.929279e-02 6.360132e-01
    outer loop
      vertex   -1.926938e+02 -8.242188e+01 1.180976e+02
      vertex   -1.926447e+02 -8.223438e+01 1.181629e+02
      vertex   -1.927934e+02 -8.221875e+01 1.179829e+02
    endloop
  endfacet
  facet normal -7.376077e-01 1.929279e-02 6.749538e-01
    outer loop
      vertex   -1.926938e+02 -8.242188e+01 1.180976e+02
      vertex   -1.927934e+02 -8.221875e+01 1.179829e+02
      vertex   -1.928512e+02 -8.240625e+01 1.179252e+02
    endloop
  endfacet
  facet normal -6.749538e-01 -1.929279e-02 7.376077e-01
    outer loop
      vertex   -1.928512e+02 -8.240625e+01 1.179252e+02
      vertex   -1.927934e+02 -8.221875e+01 1.179829e+02
      vertex   -1.929659e+02 -8.220313e+01 1.178255e+02
    endloop
  endfacet
  facet normal -6.360132e-01 1.929279e-02 7.714370e-01
    outer loop
      vertex   -1.928512e+02 -8.240625e+01 1.179252e+02
      vertex   -1.929659e+02 -8.220313e+01 1.178255e+02
      vertex   -1.930311e+02 -8.239063e+01 1.177764e+02
    endloop
  endfacet
  facet normal -5.652161e-01 -1.929279e-02 8.247172e-01
    outer loop
      vertex   -1.930311e+02 -8.239063e+01 1.177764e+02
      vertex   -1.929659e+02 -8.220313e+01 1.178255e+02
      vertex   -1.931586e+02 -8.218750e+01 1.176938e+02
    endloop
  endfacet
  facet normal -5.219288e-01 1.929279e-02 8.527708e-01
    outer loop
      vertex   -1.930311e+02 -8.239063e+01 1.177764e+02
      vertex   -1.931586e+02 -8.218750e+01 1.176938e+02
      vertex   -1.932301e+02 -8.237500e+01 1.176543e+02
    endloop
  endfacet
  facet normal -4.443788e-01 -1.929279e-02 8.956312e-01
    outer loop
      vertex   -1.932301e+02 -8.237500e+01 1.176543e+02
      vertex   -1.931586e+02 -8.218750e+01 1.176938e+02
      vertex   -1.933679e+02 -8.217188e+01 1.175903e+02
    endloop
  endfacet
  facet normal -3.975949e-01 1.929279e-02 9.173582e-01
    outer loop
      vertex   -1.932301e+02 -8.237500e+01 1.176543e+02
      vertex   -1.933679e+02 -8.217188e+01 1.175903e+02
      vertex   -1.934442e+02 -8.235938e+01 1.175612e+02
    endloop
  endfacet
  facet normal -3.148150e-01 -1.929279e-02 9.489570e-01
    outer loop
      vertex   -1.934442e+02 -8.235938e+01 1.175612e+02
      vertex   -1.933679e+02 -8.217188e+01 1.175903e+02
      vertex   -1.935896e+02 -8.215625e+01 1.175171e+02
    endloop
  endfacet
  facet normal -2.654532e-01 1.929279e-02 9.639307e-01
    outer loop
      vertex   -1.934442e+02 -8.235938e+01 1.175612e+02
      vertex   -1.935896e+02 -8.215625e+01 1.175171e+02
      vertex   -1.936692e+02 -8.234375e+01 1.174989e+02
    endloop
  endfacet
  facet normal -1.790688e-01 -1.929279e-02 9.836474e-01
    outer loop
      vertex   -1.936692e+02 -8.234375e+01 1.174989e+02
      vertex   -1.935896e+02 -8.215625e+01 1.175171e+02
      vertex   -1.938193e+02 -8.214063e+01 1.174756e+02
    endloop
  endfacet
  facet normal -1.280985e-01 1.929279e-02 9.915738e-01
    outer loop
      vertex   -1.936692e+02 -8.234375e+01 1.174989e+02
      vertex   -1.938193e+02 -8.214063e+01 1.174756e+02
      vertex   -1.939007e+02 -8.232813e+01 1.174687e+02
    endloop
  endfacet
  facet normal -3.980616e-02 -1.929279e-02 9.990211e-01
    outer loop
      vertex   -1.939007e+02 -8.232813e+01 1.174687e+02
      vertex   -1.938193e+02 -8.214063e+01 1.174756e+02
      vertex   -1.940526e+02 -8.212500e+01 1.174666e+02
    endloop
  endfacet
  facet normal 1.177170e-02 1.929279e-02 9.997446e-01
    outer loop
      vertex   -1.939007e+02 -8.232813e+01 1.174687e+02
      vertex   -1.940526e+02 -8.212500e+01 1.174666e+02
      vertex   -1.941341e+02 -8.231250e+01 1.174712e+02
    endloop
  endfacet
  facet normal 1.002382e-01 -1.929279e-02 9.947764e-01
    outer loop
      vertex   -1.941341e+02 -8.231250e+01 1.174712e+02
      vertex   -1.940526e+02 -8.212500e+01 1.174666e+02
      vertex   -1.942849e+02 -8.210938e+01 1.174903e+02
    endloop
  endfacet
  facet normal 1.514107e-01 1.929279e-02 9.882826e-01
    outer loop
      vertex   -1.941341e+02 -8.231250e+01 1.174712e+02
      vertex   -1.942849e+02 -8.210938e+01 1.174903e+02
      vertex   -1.943650e+02 -8.229688e+01 1.175062e+02
    endloop
  endfacet
  facet normal 2.383141e-01 -1.929279e-02 9.709965e-01
    outer loop
      vertex   -1.943650e+02 -8.229688e+01 1.175062e+02
      vertex   -1.942849e+02 -8.210938e+01 1.174903e+02
      vertex   -1.945115e+02 -8.209375e+01 1.175462e+02
    endloop
  endfacet
  facet normal 2.880764e-01 1.929279e-02 9.574131e-01
    outer loop
      vertex   -1.943650e+02 -8.229688e+01 1.175062e+02
      vertex   -1.945115e+02 -8.209375e+01 1.175462e+02
      vertex   -1.945886e+02 -8.228125e+01 1.175732e+02
    endloop
  endfacet
  facet normal 3.717101e-01 -1.929279e-02 9.281484e-01
    outer loop
      vertex   -1.945886e+02 -8.228125e+01 1.175732e+02
      vertex   -1.945115e+02 -8.209375e+01 1.175462e+02
      vertex   -1.947282e+02 -8.207813e+01 1.176333e+02
    endloop
  endfacet
  facet normal 4.190849e-01 1.929279e-02 9.077420e-01
    outer loop
      vertex   -1.945886e+02 -8.228125e+01 1.175732e+02
      vertex   -1.947282e+02 -8.207813e+01 1.176333e+02
      vertex   -1.948007e+02 -8.226563e+01 1.176708e+02
    endloop
  endfacet
  facet normal 4.978065e-01 -1.929279e-02 8.670735e-01
    outer loop
      vertex   -1.948007e+02 -8.226563e+01 1.176708e+02
      vertex   -1.947282e+02 -8.207813e+01 1.176333e+02
      vertex   -1.949305e+02 -8.206250e+01 1.177498e+02
    endloop
  endfacet
  facet normal 5.418636e-01 1.929279e-02 8.402450e-01
    outer loop
      vertex   -1.948007e+02 -8.226563e+01 1.176708e+02
      vertex   -1.949305e+02 -8.206250e+01 1.177498e+02
      vertex   -1.949971e+02 -8.225000e+01 1.177971e+02
    endloop
  endfacet
  facet normal 6.141271e-01 -1.929279e-02 7.889713e-01
    outer loop
      vertex   -1.949971e+02 -8.225000e+01 1.177971e+02
      vertex   -1.949305e+02 -8.206250e+01 1.177498e+02
      vertex   -1.951145e+02 -8.204688e+01 1.178935e+02
    endloop
  endfacet
  facet normal 6.540012e-01 1.929279e-02 7.562475e-01
    outer loop
      vertex   -1.949971e+02 -8.225000e+01 1.177971e+02
      vertex   -1.951145e+02 -8.204688e+01 1.178935e+02
      vertex   -1.951739e+02 -8.223438e+01 1.179495e+02
    endloop
  endfacet
  facet normal 7.183876e-01 -1.929279e-02 6.953755e-01
    outer loop
      vertex   -1.951739e+02 -8.223438e+01 1.179495e+02
      vertex   -1.951145e+02 -8.204688e+01 1.178935e+02
      vertex   -1.952767e+02 -8.203125e+01 1.180614e+02
    endloop
  endfacet
  facet normal 7.532957e-01 1.929279e-02 6.573989e-01
    outer loop
      vertex   -1.951739e+02 -8.223438e+01 1.179495e+02
      vertex   -1.952767e+02 -8.203125e+01 1.180614e+02
      vertex   -1.953276e+02 -8.221875e+01 1.181252e+02
    endloop
  endfacet
  facet normal 8.085406e-01 -1.929279e-02 5.881240e-01
    outer loop
      vertex   -1.953276e+02 -8.221875e+01 1.181252e+02
      vertex   -1.952767e+02 -8.203125e+01 1.180614e+02
      vertex   -1.954138e+02 -8.201563e+01 1.182504e+02
    endloop
  endfacet
  facet normal 8.377972e-01 1.929279e-02 5.456405e-01
    outer loop
      vertex   -1.953276e+02 -8.221875e+01 1.181252e+02
      vertex   -1.954138e+02 -8.201563e+01 1.182504e+02
      vertex   -1.954553e+02 -8.220313e+01 1.183207e+02
    endloop
  endfacet
  facet normal 8.828157e-01 -1.929279e-02 4.693231e-01
    outer loop
      vertex   -1.954553e+02 -8.220313e+01 1.183207e+02
      vertex   -1.954138e+02 -8.201563e+01 1.182504e+02
      vertex   -1.955231e+02 -8.200000e+01 1.184567e+02
    endloop
  endfacet
  facet normal 9.058463e-01 1.929279e-02 4.231670e-01
    outer loop
      vertex   -1.954553e+02 -8.220313e+01 1.183207e+02
      vertex   -1.955231e+02 -8.200000e+01 1.184567e+02
      vertex   -1.955543e+02 -8.218750e+01 1.185321e+02
    endloop
  endfacet
  facet normal 9.397543e-01 -1.929279e-02 3.413058e-01
    outer loop
      vertex   -1.955543e+02 -8.218750e+01 1.185321e+02
      vertex   -1.955231e+02 -8.200000e+01 1.184567e+02
      vertex   -1.956025e+02 -8.198438e+01 1.186762e+02
    endloop
  endfacet
  facet normal 9.561066e-01 1.929279e-02 2.923834e-01
    outer loop
      vertex   -1.955543e+02 -8.218750e+01 1.185321e+02
      vertex   -1.956025e+02 -8.198438e+01 1.186762e+02
      vertex   -1.956229e+02 -8.217188e+01 1.187553e+02
    endloop
  endfacet
  facet normal 9.782382e-01 -1.929279e-02 2.065860e-01
    outer loop
      vertex   -1.956229e+02 -8.217188e+01 1.187553e+02
      vertex   -1.956025e+02 -8.198438e+01 1.186762e+02
      vertex   -1.956505e+02 -8.196875e+01 1.189047e+02
    endloop
  endfacet
  facet normal 9.875910e-01 1.929279e-02 1.558581e-01
    outer loop
      vertex   -1.956229e+02 -8.217188e+01 1.187553e+02
      vertex   -1.956505e+02 -8.196875e+01 1.189047e+02
      vertex   -1.956596e+02 -8.215625e+01 1.189858e+02
    endloop
  endfacet
  facet normal 9.975117e-01 -1.929279e-02 6.780930e-02
    outer loop
      vertex   -1.956596e+02 -8.215625e+01 1.189858e+02
      vertex   -1.956505e+02 -8.196875e+01 1.189047e+02
      vertex   -1.956660e+02 -8.195313e+01 1.191377e+02
    endloop
  endfacet
  facet normal 9.996815e-01 1.929279e-02 1.627203e-02
    outer loop
      vertex   -1.956596e+02 -8.215625e+01 1.189858e+02
      vertex   -1.956660e+02 -8.195313e+01 1.191377e+02
      vertex   -1.956637e+02 -8.214063e+01 1.192193e+02
    endloop
  endfacet
  facet normal 9.971964e-01 -1.929279e-02 -7.229901e-02
    outer loop
      vertex   -1.956637e+02 -8.214063e+01 1.192193e+02
      vertex   -1.956660e+02 -8.195313e+01 1.191377e+02
      vertex   -1.956488e+02 -8.193750e+01 1.193705e+02
    endloop
  endfacet
  facet normal 9.921404e-01 1.929279e-02 -1.236336e-01
    outer loop
      vertex   -1.956637e+02 -8.214063e+01 1.192193e+02
      vertex   -1.956488e+02 -8.193750e+01 1.193705e+02
      vertex   -1.956351e+02 -8.212500e+01 1.194510e+02
    endloop
  endfacet
  facet normal 9.772983e-01 -1.929279e-02 -2.109875e-01
    outer loop
      vertex   -1.956351e+02 -8.212500e+01 1.194510e+02
      vertex   -1.956488e+02 -8.193750e+01 1.193705e+02
      vertex   -1.955992e+02 -8.192188e+01 1.195986e+02
    endloop
  endfacet
  facet normal 9.651159e-01 1.929279e-02 -2.611113e-01
    outer loop
      vertex   -1.956351e+02 -8.212500e+01 1.194510e+02
      vertex   -1.955992e+02 -8.192188e+01 1.195986e+02
      vertex   -1.955744e+02 -8.210938e+01 1.196764e+02
    endloop
  endfacet
  facet normal 9.382084e-01 -1.929279e-02 -3.455327e-01
    outer loop
      vertex   -1.955744e+02 -8.210938e+01 1.196764e+02
      vertex   -1.955992e+02 -8.192188e+01 1.195986e+02
      vertex   -1.955183e+02 -8.190625e+01 1.198176e+02
    endloop
  endfacet
  facet normal 9.191387e-01 1.929279e-02 -3.934613e-01
    outer loop
      vertex   -1.955744e+02 -8.210938e+01 1.196764e+02
      vertex   -1.955183e+02 -8.190625e+01 1.198176e+02
      vertex   -1.954828e+02 -8.209375e+01 1.198912e+02
    endloop
  endfacet
  facet normal 8.806941e-01 -1.929279e-02 -4.732925e-01
    outer loop
      vertex   -1.954828e+02 -8.209375e+01 1.198912e+02
      vertex   -1.955183e+02 -8.190625e+01 1.198176e+02
      vertex   -1.954075e+02 -8.189063e+01 1.200231e+02
    endloop
  endfacet
  facet normal 8.551117e-01 1.929279e-02 -5.180847e-01
    outer loop
      vertex   -1.954828e+02 -8.209375e+01 1.198912e+02
      vertex   -1.954075e+02 -8.189063e+01 1.200231e+02
      vertex   -1.953621e+02 -8.207813e+01 1.200910e+02
    endloop
  endfacet
  facet normal 8.058849e-01 -1.929279e-02 -5.917578e-01
    outer loop
      vertex   -1.953621e+02 -8.207813e+01 1.200910e+02
      vertex   -1.954075e+02 -8.189063e+01 1.200231e+02
      vertex   -1.952691e+02 -8.187500e+01 1.202111e+02
    endloop
  endfacet
  facet normal 7.742923e-01 1.929279e-02 -6.325340e-01
    outer loop
      vertex   -1.953621e+02 -8.207813e+01 1.200910e+02
      vertex   -1.952691e+02 -8.187500e+01 1.202111e+02
      vertex   -1.952147e+02 -8.206250e+01 1.202720e+02
    endloop
  endfacet
  facet normal 7.152500e-01 -1.929279e-02 -6.986023e-01
    outer loop
      vertex   -1.952147e+02 -8.206250e+01 1.202720e+02
      vertex   -1.952691e+02 -8.187500e+01 1.202111e+02
      vertex   -1.951057e+02 -8.185938e+01 1.203779e+02
    endloop
  endfacet
  facet normal 6.782674e-01 1.929279e-02 -7.345618e-01
    outer loop
      vertex   -1.952147e+02 -8.206250e+01 1.202720e+02
      vertex   -1.951057e+02 -8.185938e+01 1.203779e+02
      vertex   -1.950433e+02 -8.204688e+01 1.204306e+02
    endloop
  endfacet
  facet normal 6.105692e-01 -1.929279e-02 -7.917279e-01
    outer loop
      vertex   -1.950433e+02 -8.204688e+01 1.204306e+02
      vertex   -1.951057e+02 -8.185938e+01 1.203779e+02
      vertex   -1.949207e+02 -8.184375e+01 1.205202e+02
    endloop
  endfacet
  facet normal 5.689230e-01 1.929279e-02 -8.221645e-01
    outer loop
      vertex   -1.950433e+02 -8.204688e+01 1.204306e+02
      vertex   -1.949207e+02 -8.184375e+01 1.205202e+02
      vertex   -1.948515e+02 -8.203125e+01 1.205637e+02
    endloop
  endfacet
  facet normal 4.938982e-01 -1.929279e-02 -8.693057e-01
    outer loop
      vertex   -1.948515e+02 -8.203125e+01 1.205637e+02
      vertex   -1.949207e+02 -8.184375e+01 1.205202e+02
      vertex   -1.947175e+02 -8.182813e+01 1.206353e+02
    endloop
  endfacet
  facet normal 4.484061e-01 1.929279e-02 -8.936217e-01
    outer loop
      vertex   -1.948515e+02 -8.203125e+01 1.205637e+02
      vertex   -1.947175e+02 -8.182813e+01 1.206353e+02
      vertex   -1.946430e+02 -8.201563e+01 1.206687e+02
    endloop
  endfacet
  facet normal 3.675281e-01 -1.929279e-02 -9.298123e-01
    outer loop
      vertex   -1.946430e+02 -8.201563e+01 1.206687e+02
      vertex   -1.947175e+02 -8.182813e+01 1.206353e+02
      vertex   -1.945003e+02 -8.181250e+01 1.207209e+02
    endloop
  endfacet
  facet normal 3.190836e-01 1.929279e-02 -9.475302e-01
    outer loop
      vertex   -1.946430e+02 -8.201563e+01 1.206687e+02
      vertex   -1.945003e+02 -8.181250e+01 1.207209e+02
      vertex   -1.944218e+02 -8.200000e+01 1.207435e+02
    endloop
  endfacet
  facet normal 2.339407e-01 -1.929279e-02 -9.720594e-01
    outer loop
      vertex   -1.944218e+02 -8.200000e+01 1.207435e+02
      vertex   -1.945003e+02 -8.181250e+01 1.207209e+02
      vertex   -1.942732e+02 -8.179688e+01 1.207752e+02
    endloop
  endfacet
  facet normal 1.834950e-01 1.929279e-02 -9.828313e-01
    outer loop
      vertex   -1.944218e+02 -8.200000e+01 1.207435e+02
      vertex   -1.942732e+02 -8.179688e+01 1.207752e+02
      vertex   -1.941924e+02 -8.198438e+01 1.207866e+02
    endloop
  endfacet
  facet normal 9.575910e-02 -1.929279e-02 -9.952176e-01
    outer loop
      vertex   -1.941924e+02 -8.198438e+01 1.207866e+02
      vertex   -1.942732e+02 -8.179688e+01 1.207752e+02
      vertex   -1.940408e+02 -8.178125e+01 1.207972e+02
    endloop
  endfacet
  facet normal 4.430295e-02 1.929279e-02 -9.988318e-01
    outer loop
      vertex   -1.941924e+02 -8.198438e+01 1.207866e+02
      vertex   -1.940408e+02 -8.178125e+01 1.207972e+02
      vertex   -1.939592e+02 -8.196875e+01 1.207972e+02
    endloop
  endfacet
  facet normal -4.430295e-02 -1.929279e-02 -9.988318e-01
    outer loop
      vertex   -1.939592e+02 -8.196875e+01 1.207972e+02
      vertex   -1.940408e+02 -8.178125e+01 1.207972e+02
      vertex   -1.938076e+02 -8.176563e+01 1.207866e+02
    endloop
  endfacet
  facet normal -9.575910e-02 1.929279e-02 -9.952176e-01
    outer loop
      vertex   -1.939592e+02 -8.196875e+01 1.207972e+02
      vertex   -1.938076e+02 -8.176563e+01 1.207866e+02
      vertex   -1.937268e+02 -8.195313e+01 1.207752e+02
    endloop
  endfacet
  facet normal -1.834950e-01 -1.929279e-02 -9.828313e-01
    outer loop
      vertex   -1.937268e+02 -8.195313e+01 1.207752e+02
      vertex   -1.938076e+02 -8.176563e+01 1.207866e+02
      vertex   -1.935782e+02 -8.175000e+01 1.207435e+02
    endloop
  endfacet
  facet normal -2.339407e-01 1.929279e-02 -9.720594e-01
    outer loop
      vertex   -1.937268e+02 -8.195313e+01 1.207752e+02
      vertex   -1.935782e+02 -8.175000e+01 1.207435e+02
      vertex   -1.934997e+02 -8.193750e+01 1.207209e+02
    endloop
  endfacet
  facet normal -3.190836e-01 -1.929279e-02 -9.475302e-01
    outer loop
      vertex   -1.934997e+02 -8.193750e+01 1.207209e+02
      vertex   -1.935782e+02 -8.175000e+01 1.207435e+02
      vertex   -1.933570e+02 -8.173438e+01 1.206687e+02
    endloop
  endfacet
  facet normal -3.675281e-01 1.929279e-02 -9.298123e-01
    outer loop
      vertex   -1.934997e+02 -8.193750e+01 1.207209e+02
      vertex   -1.933570e+02 -8.173438e+01 1.206687e+02
      vertex   -1.932825e+02 -8.192188e+01 1.206353e+02
    endloop
  endfacet
  facet normal -4.484061e-01 -1.929279e-02 -8.936217e-01
    outer loop
      vertex   -1.932825e+02 -8.192188e+01 1.206353e+02
      vertex   -1.933570e+02 -8.173438e+01 1.206687e+02
      vertex   -1.931485e+02 -8.171875e+01 1.205637e+02
    endloop
  endfacet
  facet normal -4.938982e-01 1.929279e-02 -8.693057e-01
    outer loop
      vertex   -1.932825e+02 -8.192188e+01 1.206353e+02
      vertex   -1.931485e+02 -8.171875e+01 1.205637e+02
      vertex   -1.930793e+02 -8.190625e+01 1.205202e+02
    endloop
  endfacet
  facet normal -5.689230e-01 -1.929279e-02 -8.221645e-01
    outer loop
      vertex   -1.930793e+02 -8.190625e+01 1.205202e+02
      vertex   -1.931485e+02 -8.171875e+01 1.205637e+02
      vertex   -1.929567e+02 -8.170313e+01 1.204306e+02
    endloop
  endfacet
  facet normal -6.105692e-01 1.929279e-02 -7.917279e-01
    outer loop
      vertex   -1.930793e+02 -8.190625e+01 1.205202e+02
      vertex   -1.929567e+02 -8.170313e+01 1.204306e+02
      vertex   -1.928943e+02 -8.189063e+01 1.203779e+02
    endloop
  endfacet
  facet normal -6.782674e-01 -1.929279e-02 -7.345618e-01
    outer loop
      vertex   -1.928943e+02 -8.189063e+01 1.203779e+02
      vertex   -1.929567e+02 -8.170313e+01 1.204306e+02
      vertex   -1.927853e+02 -8.168750e+01 1.202720e+02
    endloop
  endfacet
  facet normal -7.152500e-01 1.929279e-02 -6.986023e-01
    outer loop
      vertex   -1.928943e+02 -8.189063e+01 1.203779e+02
      vertex   -1.927853e+02 -8.168750e+01 1.202720e+02
      vertex   -1.927309e+02 -8.187500e+01 1.202111e+02
    endloop
  endfacet
  facet normal -7.742923e-01 -1.929279e-02 -6.325340e-01
    outer loop
      vertex   -1.927309e+02 -8.187500e+01 1.202111e+02
      vertex   -1.927853e+02 -8.168750e+01 1.202720e+02
      vertex   -1.926379e+02 -8.167188e+01 1.200910e+02
    endloop
  endfacet
  facet normal -8.058849e-01 1.929279e-02 -5.917578e-01
    outer loop
      vertex   -1.927309e+02 -8.187500e+01 1.202111e+02
      vertex   -1.926379e+02 -8.167188e+01 1.200910e+02
      vertex   -1.925925e+02 -8.185938e+01 1.200231e+02
    endloop
  endfacet
  facet normal -8.551117e-01 -1.929279e-02 -5.180847e-01
    outer loop
      vertex   -1.925925e+02 -8.185938e+01 1.200231e+02
      vertex   -1.926379e+02 -8.167188e+01 1.200910e+02
      vertex   -1.925171e+02 -8.165625e+01 1.198912e+02
    endloop
  endfacet
  facet normal -8.806941e-01 1.929279e-02 -4.732925e-01
    outer loop
      vertex   -1.925925e+02 -8.185938e+01 1.200231e+02
      vertex   -1.925171e+02 -8.165625e+01 1.198912e+02
      vertex   -1.924817e+02 -8.184375e+01 1.198176e+02
    endloop
  endfacet
  facet normal -9.191387e-01 -1.929279e-02 -3.934613e-01
    outer loop
      vertex   -1.924817e+02 -8.184375e+01 1.198176e+02
      vertex   -1.925171e+02 -8.165625e+01 1.198912e+02
      vertex   -1.924256e+02 -8.164063e+01 1.196764e+02
    endloop
  endfacet
  facet normal -9.382084e-01 1.929279e-02 -3.455327e-01
    outer loop
      vertex   -1.924817e+02 -8.184375e+01 1.198176e+02
      vertex   -1.924256e+02 -8.164063e+01 1.196764e+02
      vertex   -1.924008e+02 -8.182813e+01 1.195986e+02
    endloop
  endfacet
  facet normal -9.651159e-01 -1.929279e-02 -2.611113e-01
    outer loop
      vertex   -1.924008e+02 -8.182813e+01 1.195986e+02
      vertex   -1.924256e+02 -8.164063e+01 1.196764e+02
      vertex   -1.923649e+02 -8.162500e+01 1.194510e+02
    endloop
  endfacet
  facet normal -9.772983e-01 1.929279e-02 -2.109875e-01
    outer loop
      vertex   -1.924008e+02 -8.182813e+01 1.195986e+02
      vertex   -1.923649e+02 -8.162500e+01 1.194510e+02
      vertex   -1.923512e+02 -8.181250e+01 1.193705e+02
    endloop
  endfacet
  facet normal -9.921404e-01 -1.929279e-02 -1.236336e-01
    outer loop
      vertex   -1.923512e+02 -8.181250e+01 1.193705e+02
      vertex   -1.923649e+02 -8.162500e+01 1.194510e+02
      vertex   -1.923363e+02 -8.160938e+01 1.192193e+02
    endloop
  endfacet
  facet normal -9.971964e-01 1.929279e-02 -7.229901e-02
    outer loop
      vertex   -1.923512e+02 -8.181250e+01 1.193705e+02
      vertex   -1.923363e+02 -8.160938e+01 1.192193e+02
      vertex   -1.923340e+02 -8.179688e+01 1.191377e+02
    endloop
  endfacet
  facet normal -9.996815e-01 -1.929279e-02 1.627203e-02
    outer loop
      vertex   -1.923340e+02 -8.179688e+01 1.191377e+02
      vertex   -1.923363e+02 -8.160938e+01 1.192193e+02
      vertex   -1.923404e+02 -8.159375e+01 1.189858e+02
    endloop
  endfacet
  facet normal -9.975117e-01 1.929279e-02 6.780930e-02
    outer loop
      vertex   -1.923340e+02 -8.179688e+01 1.191377e+02
      vertex   -1.923404e+02 -8.159375e+01 1.189858e+02
      vertex   -1.923495e+02 -8.178125e+01 1.189047e+02
    endloop
  endfacet
  facet normal -9.875910e-01 -1.929279e-02 1.558581e-01
    outer loop
      vertex   -1.923495e+02 -8.178125e+01 1.189047e+02
      vertex   -1.923404e+02 -8.159375e+01 1.189858e+02
      vertex   -1.923771e+02 -8.157813e+01 1.187553e+02
    endloop
  endfacet
  facet normal -9.782382e-01 1.929279e-02 2.065860e-01
    outer loop
      vertex   -1.923495e+02 -8.178125e+01 1.189047e+02
      vertex   -1.923771e+02 -8.157813e+01 1.187553e+02
      vertex   -1.923975e+02 -8.176563e+01 1.186762e+02
    endloop
  endfacet
  facet normal -9.561066e-01 -1.929279e-02 2.923834e-01
    outer loop
      vertex   -1.923975e+02 -8.176563e+01 1.186762e+02
      vertex   -1.923771e+02 -8.157813e+01 1.187553e+02
      vertex   -1.924457e+02 -8.156250e+01 1.185321e+02
    endloop
  endfacet
  facet normal -9.397543e-01 1.929279e-02 3.413058e-01
    outer loop
      vertex   -1.923975e+02 -8.176563e+01 1.186762e+02
      vertex   -1.924457e+02 -8.156250e+01 1.185321e+02
      vertex   -1.924769e+02 -8.175000e+01 1.184567e+02
    endloop
  endfacet
  facet normal -9.058463e-01 -1.929279e-02 4.231670e-01
    outer loop
      vertex   -1.924769e+02 -8.175000e+01 1.184567e+02
      vertex   -1.924457e+02 -8.156250e+01 1.185321e+02
      vertex   -1.925447e+02 -8.154688e+01 1.183207e+02
    endloop
  endfacet
  facet normal -8.828157e-01 1.929279e-02 4.693231e-01
    outer loop
      vertex   -1.924769e+02 -8.175000e+01 1.184567e+02
      vertex   -1.925447e+02 -8.154688e+01 1.183207e+02
      vertex   -1.925862e+02 -8.173438e+01 1.182504e+02
    endloop
  endfacet
  facet normal -8.377972e-01 -1.929279e-02 5.456405e-01
    outer loop
      vertex   -1.925862e+02 -8.173438e+01 1.182504e+02
      vertex   -1.925447e+02 -8.154688e+01 1.183207e+02
      vertex   -1.926724e+02 -8.153125e+01 1.181252e+02
    endloop
  endfacet
  facet normal -8.085406e-01 1.929279e-02 5.881240e-01
    outer loop
      vertex   -1.925862e+02 -8.173438e+01 1.182504e+02
      vertex   -1.926724e+02 -8.153125e+01 1.181252e+02
      vertex   -1.927233e+02 -8.171875e+01 1.180614e+02
    endloop
  endfacet
  facet normal -7.532957e-01 -1.929279e-02 6.573989e-01
    outer loop
      vertex   -1.927233e+02 -8.171875e+01 1.180614e+02
      vertex   -1.926724e+02 -8.153125e+01 1.181252e+02
      vertex   -1.928261e+02 -8.151563e+01 1.179495e+02
    endloop
  endfacet
  facet normal -7.183876e-01 1.929279e-02 6.953755e-01
    outer loop
      vertex   -1.927233e+02 -8.171875e+01 1.180614e+02
      vertex   -1.928261e+02 -8.151563e+01 1.179495e+02
      vertex   -1.928855e+02 -8.170313e+01 1.178935e+02
    endloop
  endfacet
  facet normal -6.540012e-01 -1.929279e-02 7.562475e-01
    outer loop
      vertex   -1.928855e+02 -8.170313e+01 1.178935e+02
      vertex   -1.928261e+02 -8.151563e+01 1.179495e+02
      vertex   -1.930029e+02 -8.150000e+01 1.177971e+02
    endloop
  endfacet
  facet normal -6.141271e-01 1.929279e-02 7.889713e-01
    outer loop
      vertex   -1.928855e+02 -8.170313e+01 1.178935e+02
      vertex   -1.930029e+02 -8.150000e+01 1.177971e+02
      vertex   -1.930695e+02 -8.168750e+01 1.177498e+02
    endloop
  endfacet
  facet normal -5.418636e-01 -1.929279e-02 8.402450e-01
    outer loop
      vertex   -1.930695e+02 -8.168750e+01 1.177498e+02
      vertex   -1.930029e+02 -8.150000e+01 1.177971e+02
      vertex   -1.931993e+02 -8.148438e+01 1.176708e+02
    endloop
  endfacet
  facet normal -4.978065e-01 1.929279e-02 8.670735e-01
    outer loop
      vertex   -1.930695e+02 -8.168750e+01 1.177498e+02
      vertex   -1.931993e+02 -8.148438e+01 1.176708e+02
      vertex   -1.932718e+02 -8.167188e+01 1.176333e+02
    endloop
  endfacet
  facet normal -4.190849e-01 -1.929279e-02 9.077420e-01
    outer loop
      vertex   -1.932718e+02 -8.167188e+01 1.176333e+02
      vertex   -1.931993e+02 -8.148438e+01 1.176708e+02
      vertex   -1.934114e+02 -8.146875e+01 1.175732e+02
    endloop
  endfacet
  facet normal -3.717101e-01 1.929279e-02 9.281484e-01
    outer loop
      vertex   -1.932718e+02 -8.167188e+01 1.176333e+02
      vertex   -1.934114e+02 -8.146875e+01 1.175732e+02
      vertex   -1.934885e+02 -8.165625e+01 1.175462e+02
    endloop
  endfacet
  facet normal -2.880764e-01 -1.929279e-02 9.574131e-01
    outer loop
      vertex   -1.934885e+02 -8.165625e+01 1.175462e+02
      vertex   -1.934114e+02 -8.146875e+01 1.175732e+02
      vertex   -1.936350e+02 -8.145313e+01 1.175062e+02
    endloop
  endfacet
  facet normal -2.383141e-01 1.929279e-02 9.709965e-01
    outer loop
      vertex   -1.934885e+02 -8.165625e+01 1.175462e+02
      vertex   -1.936350e+02 -8.145313e+01 1.175062e+02
      vertex   -1.937151e+02 -8.164063e+01 1.174903e+02
    endloop
  endfacet
  facet normal -1.514107e-01 -1.929279e-02 9.882826e-01
    outer loop
      vertex   -1.937151e+02 -8.164063e+01 1.174903e+02
      vertex   -1.936350e+02 -8.145313e+01 1.175062e+02
      vertex   -1.938659e+02 -8.143750e+01 1.174712e+02
    endloop
  endfacet
  facet normal -1.002382e-01 1.929279e-02 9.947764e-01
    outer loop
      vertex   -1.937151e+02 -8.164063e+01 1.174903e+02
      vertex   -1.938659e+02 -8.143750e+01 1.174712e+02
      vertex   -1.939474e+02 -8.162500e+01 1.174666e+02
    endloop
  endfacet
  facet normal -1.177170e-02 -1.929279e-02 9.997446e-01
    outer loop
      vertex   -1.939474e+02 -8.162500e+01 1.174666e+02
      vertex   -1.938659e+02 -8.143750e+01 1.174712e+02
      vertex   -1.940993e+02 -8.142188e+01 1.174687e+02
    endloop
  endfacet
  facet normal 3.980616e-02 1.929279e-02 9.990211e-01
    outer loop
      vertex   -1.939474e+02 -8.162500e+01 1.174666e+02
      vertex   -1.940993e+02 -8.142188e+01 1.174687e+02
      vertex   -1.941807e+02 -8.160938e+01 1.174756e+02
    endloop
  endfacet
  facet normal 1.280985e-01 -1.929279e-02 9.915738e-01
    outer loop
      vertex   -1.941807e+02 -8.160938e+01 1.174756e+02
      vertex   -1.940993e+02 -8.142188e+01 1.174687e+02
      vertex   -1.943308e+02 -8.140625e+01 1.174989e+02
    endloop
  endfacet
  facet normal 1.790688e-01 1.929279e-02 9.836474e-01
    outer loop
      vertex   -1.941807e+02 -8.160938e+01 1.174756e+02
      vertex   -1.943308e+02 -8.140625e+01 1.174989e+02
      vertex   -1.944104e+02 -8.159375e+01 1.175171e+02
    endloop
  endfacet
  facet normal 2.654532e-01 -1.929279e-02 9.639307e-01
    outer loop
      vertex   -1.944104e+02 -8.159375e+01 1.175171e+02
      vertex   -1.943308e+02 -8.140625e+01 1.174989e+02
      vertex   -1.945558e+02 -8.139063e+01 1.175612e+02
    endloop
  endfacet
  facet normal 3.148150e-01 1.929279e-02 9.489570e-01
    outer loop
      vertex   -1.944104e+02 -8.159375e+01 1.175171e+02
      vertex   -1.945558e+02 -8.139063e+01 1.175612e+02
      vertex   -1.946321e+02 -8.157813e+01 1.175903e+02
    endloop
  endfacet
  facet normal 3.975949e-01 -1.929279e-02 9.173582e-01
    outer loop
      vertex   -1.946321e+02 -8.157813e+01 1.175903e+02
      vertex   -1.945558e+02 -8.139063e+01 1.175612e+02
      vertex   -1.947699e+02 -8.137500e+01 1.176543e+02
    endloop
  endfacet
  facet normal 4.443788e-01 1.929279e-02 8.956312e-01
    outer loop
      vertex   -1.946321e+02 -8.157813e+01 1.175903e+02
      vertex   -1.947699e+02 -8.137500e+01 1.176543e+02
      vertex   -1.948414e+02 -8.156250e+01 1.176938e+02
    endloop
  endfacet
  facet normal 5.219288e-01 -1.929279e-02 8.527708e-01
    outer loop
      vertex   -1.948414e+02 -8.156250e+01 1.176938e+02
      vertex   -1.947699e+02 -8.137500e+01 1.176543e+02
      vertex   -1.949689e+02 -8.135938e+01 1.177764e+02
    endloop
  endfacet
  facet normal 5.652161e-01 1.929279e-02 8.247172e-01
    outer loop
      vertex   -1.948414e+02 -8.156250e+01 1.176938e+02
      vertex   -1.949689e+02 -8.135938e+01 1.177764e+02
      vertex   -1.950341e+02 -8.154688e+01 1.178255e+02
    endloop
  endfacet
  facet normal 6.360132e-01 -1.929279e-02 7.714370e-01
    outer loop
      vertex   -1.950341e+02 -8.154688e+01 1.178255e+02
      vertex   -1.949689e+02 -8.135938e+01 1.177764e+02
      vertex   -1.951488e+02 -8.134375e+01 1.179252e+02
    endloop
  endfacet
  facet normal 6.749538e-01 1.929279e-02 7.376077e-01
    outer loop
      vertex   -1.950341e+02 -8.154688e+01 1.178255e+02
      vertex   -1.951488e+02 -8.134375e+01 1.179252e+02
      vertex   -1.952066e+02 -8.153125e+01 1.179829e+02
    endloop
  endfacet
  facet normal 7.376077e-01 -1.929279e-02 6.749538e-01
    outer loop
      vertex   -1.952066e+02 -8.153125e+01 1.179829e+02
      vertex   -1.951488e+02 -8.134375e+01 1.179252e+02
      vertex   -1.953062e+02 -8.132813e+01 1.180976e+02
    endloop
  endfacet
  facet normal 7.714370e-01 1.929279e-02 6.360132e-01
    outer loop
      vertex   -1.952066e+02 -8.153125e+01 1.179829e+02
      vertex   -1.953062e+02 -8.132813e+01 1.180976e+02
      vertex   -1.953553e+02 -8.151563e+01 1.181629e+02
    endloop
  endfacet
  facet normal 8.247172e-01 -1.929279e-02 5.652161e-01
    outer loop
      vertex   -1.953553e+02 -8.151563e+01 1.181629e+02
      vertex   -1.953062e+02 -8.132813e+01 1.180976e+02
      vertex   -1.954379e+02 -8.131250e+01 1.182904e+02
    endloop
  endfacet
  facet normal 8.527708e-01 1.929279e-02 5.219288e-01
    outer loop
      vertex   -1.953553e+02 -8.151563e+01 1.181629e+02
      vertex   -1.954379e+02 -8.131250e+01 1.182904e+02
      vertex   -1.954774e+02 -8.150000e+01 1.183618e+02
    endloop
  endfacet
  facet normal 8.956312e-01 -1.929279e-02 4.443788e-01
    outer loop
      vertex   -1.954774e+02 -8.150000e+01 1.183618e+02
      vertex   -1.954379e+02 -8.131250e+01 1.182904e+02
      vertex   -1.955414e+02 -8.129688e+01 1.184997e+02
    endloop
  endfacet
  facet normal 9.173582e-01 1.929279e-02 3.975949e-01
    outer loop
      vertex   -1.954774e+02 -8.150000e+01 1.183618e+02
      vertex   -1.955414e+02 -8.129688e+01 1.184997e+02
      vertex   -1.955706e+02 -8.148438e+01 1.185759e+02
    endloop
  endfacet
  facet normal 9.489570e-01 -1.929279e-02 3.148150e-01
    outer loop
      vertex   -1.955706e+02 -8.148438e+01 1.185759e+02
      vertex   -1.955414e+02 -8.129688e+01 1.184997e+02
      vertex   -1.956147e+02 -8.128125e+01 1.187213e+02
    endloop
  endfacet
  facet normal 9.639307e-01 1.929279e-02 2.654532e-01
    outer loop
      vertex   -1.955706e+02 -8.148438e+01 1.185759e+02
      vertex   -1.956147e+02 -8.128125e+01 1.187213e+02
      vertex   -1.956328e+02 -8.146875e+01 1.188009e+02
    endloop
  endfacet
  facet normal 9.836474e-01 -1.929279e-02 1.790688e-01
    outer loop
      vertex   -1.956328e+02 -8.146875e+01 1.188009e+02
      vertex   -1.956147e+02 -8.128125e+01 1.187213e+02
      vertex   -1.956562e+02 -8.126563e+01 1.189511e+02
    endloop
  endfacet
  facet normal 9.915738e-01 1.929279e-02 1.280985e-01
    outer loop
      vertex   -1.956328e+02 -8.146875e+01 1.188009e+02
      vertex   -1.956562e+02 -8.126563e+01 1.189511e+02
      vertex   -1.956630e+02 -8.145313e+01 1.190324e+02
    endloop
  endfacet
  facet normal 9.990211e-01 -1.929279e-02 3.980616e-02
    outer loop
      vertex   -1.956630e+02 -8.145313e+01 1.190324e+02
      vertex   -1.956562e+02 -8.126563e+01 1.189511e+02
      vertex   -1.956652e+02 -8.125000e+01 1.191844e+02
    endloop
  endfacet
  facet normal 9.997446e-01 1.929279e-02 -1.177170e-02
    outer loop
      vertex   -1.956630e+02 -8.145313e+01 1.190324e+02
      vertex   -1.956652e+02 -8.125000e+01 1.191844e+02
      vertex   -1.956606e+02 -8.143750e+01 1.192659e+02
    endloop
  endfacet
  facet normal 9.947764e-01 -1.929279e-02 -1.002382e-01
    outer loop
      vertex   -1.956606e+02 -8.143750e+01 1.192659e+02
      vertex   -1.956652e+02 -8.125000e+01 1.191844e+02
      vertex   -1.956415e+02 -8.123438e+01 1.194166e+02
    endloop
  endfacet
  facet normal 9.882826e-01 1.929279e-02 -1.514107e-01
    outer loop
      vertex   -1.956606e+02 -8.143750e+01 1.192659e+02
      vertex   -1.956415e+02 -8.123438e+01 1.194166e+02
      vertex   -1.956255e+02 -8.142188e+01 1.194967e+02
    endloop
  endfacet
  facet normal 9.709965e-01 -1.929279e-02 -2.383141e-01
    outer loop
      vertex   -1.956255e+02 -8.142188e+01 1.194967e+02
      vertex   -1.956415e+02 -8.123438e+01 1.194166e+02
      vertex   -1.955855e+02 -8.121875e+01 1.196433e+02
    endloop
  endfacet
  facet normal 9.574131e-01 1.929279e-02 -2.880764e-01
    outer loop
      vertex   -1.956255e+02 -8.142188e+01 1.194967e+02
      vertex   -1.955855e+02 -8.121875e+01 1.196433e+02
      vertex   -1.955586e+02 -8.140625e+01 1.197204e+02
    endloop
  endfacet
  facet normal 9.281484e-01 -1.929279e-02 -3.717101e-01
    outer loop
      vertex   -1.955586e+02 -8.140625e+01 1.197204e+02
      vertex   -1.955855e+02 -8.121875e+01 1.196433e+02
      vertex   -1.954984e+02 -8.120313e+01 1.198599e+02
    endloop
  endfacet
  facet normal 9.077420e-01 1.929279e-02 -4.190849e-01
    outer loop
      vertex   -1.955586e+02 -8.140625e+01 1.197204e+02
      vertex   -1.954984e+02 -8.120313e+01 1.198599e+02
      vertex   -1.954610e+02 -8.139063e+01 1.199325e+02
    endloop
  endfacet
  facet normal 8.670735e-01 -1.929279e-02 -4.978065e-01
    outer loop
      vertex   -1.954610e+02 -8.139063e+01 1.199325e+02
      vertex   -1.954984e+02 -8.120313e+01 1.198599e+02
      vertex   -1.953819e+02 -8.118750e+01 1.200622e+02
    endloop
  endfacet
  facet normal 8.402450e-01 1.929279e-02 -5.418636e-01
    outer loop
      vertex   -1.954610e+02 -8.139063e+01 1.199325e+02
      vertex   -1.953819e+02 -8.118750e+01 1.200622e+02
      vertex   -1.953347e+02 -8.137500e+01 1.201288e+02
    endloop
  endfacet
  facet normal 7.889713e-01 -1.929279e-02 -6.141271e-01
    outer loop
      vertex   -1.953347e+02 -8.137500e+01 1.201288e+02
      vertex   -1.953819e+02 -8.118750e+01 1.200622e+02
      vertex   -1.952383e+02 -8.117188e+01 1.202463e+02
    endloop
  endfacet
  facet normal 7.562475e-01 1.929279e-02 -6.540012e-01
    outer loop
      vertex   -1.953347e+02 -8.137500e+01 1.201288e+02
      vertex   -1.952383e+02 -8.117188e+01 1.202463e+02
      vertex   -1.951822e+02 -8.135938e+01 1.203056e+02
    endloop
  endfacet
  facet normal 6.953755e-01 -1.929279e-02 -7.183876e-01
    outer loop
      vertex   -1.951822e+02 -8.135938e+01 1.203056e+02
      vertex   -1.952383e+02 -8.117188e+01 1.202463e+02
      vertex   -1.950703e+02 -8.115625e+01 1.204084e+02
    endloop
  endfacet
  facet normal 6.573989e-01 1.929279e-02 -7.532957e-01
    outer loop
      vertex   -1.951822e+02 -8.135938e+01 1.203056e+02
      vertex   -1.950703e+02 -8.115625e+01 1.204084e+02
      vertex   -1.950065e+02 -8.134375e+01 1.204593e+02
    endloop
  endfacet
  facet normal 5.881240e-01 -1.929279e-02 -8.085406e-01
    outer loop
      vertex   -1.950065e+02 -8.134375e+01 1.204593e+02
      vertex   -1.950703e+02 -8.115625e+01 1.204084e+02
      vertex   -1.948814e+02 -8.114063e+01 1.205455e+02
    endloop
  endfacet
  facet normal 5.456405e-01 1.929279e-02 -8.377972e-01
    outer loop
      vertex   -1.950065e+02 -8.134375e+01 1.204593e+02
      vertex   -1.948814e+02 -8.114063e+01 1.205455e+02
      vertex   -1.948110e+02 -8.132813e+01 1.205870e+02
    endloop
  endfacet
  facet normal 4.693231e-01 -1.929279e-02 -8.828157e-01
    outer loop
      vertex   -1.948110e+02 -8.132813e+01 1.205870e+02
      vertex   -1.948814e+02 -8.114063e+01 1.205455e+02
      vertex   -1.946751e+02 -8.112500e+01 1.206548e+02
    endloop
  endfacet
  facet normal 4.231670e-01 1.929279e-02 -9.058463e-01
    outer loop
      vertex   -1.948110e+02 -8.132813e+01 1.205870e+02
      vertex   -1.946751e+02 -8.112500e+01 1.206548e+02
      vertex   -1.945996e+02 -8.131250e+01 1.206861e+02
    endloop
  endfacet
  facet normal 3.413058e-01 -1.929279e-02 -9.397543e-01
    outer loop
      vertex   -1.945996e+02 -8.131250e+01 1.206861e+02
      vertex   -1.946751e+02 -8.112500e+01 1.206548e+02
      vertex   -1.944555e+02 -8.110938e+01 1.207343e+02
    endloop
  endfacet
  facet normal 2.923834e-01 1.929279e-02 -9.561066e-01
    outer loop
      vertex   -1.945996e+02 -8.131250e+01 1.206861e+02
      vertex   -1.944555e+02 -8.110938e+01 1.207343e+02
      vertex   -1.943765e+02 -8.129688e+01 1.207547e+02
    endloop
  endfacet
  facet normal 2.065860e-01 -1.929279e-02 -9.782382e-01
    outer loop
      vertex   -1.943765e+02 -8.129688e+01 1.207547e+02
      vertex   -1.944555e+02 -8.110938e+01 1.207343e+02
      vertex   -1.942270e+02 -8.109375e+01 1.207822e+02
    endloop
  endfacet
  facet normal 1.558581e-01 1.929279e-02 -9.875910e-01
    outer loop
      vertex   -1.943765e+02 -8.129688e+01 1.207547e+02
      vertex   -1.942270e+02 -8.109375e+01 1.207822e+02
      vertex   -1.941459e+02 -8.128125e+01 1.207913e+02
    endloop
  endfacet
  facet normal 6.780930e-02 -1.929279e-02 -9.975117e-01
    outer loop
      vertex   -1.941459e+02 -8.128125e+01 1.207913e+02
      vertex   -1.942270e+02 -8.109375e+01 1.207822e+02
      vertex   -1.939941e+02 -8.107813e+01 1.207977e+02
    endloop
  endfacet
  facet normal 1.627203e-02 1.929279e-02 -9.996815e-01
    outer loop
      vertex   -1.941459e+02 -8.128125e+01 1.207913e+02
      vertex   -1.939941e+02 -8.107813e+01 1.207977e+02
      vertex   -1.939125e+02 -8.126563e+01 1.207954e+02
    endloop
  endfacet
  facet normal -7.229901e-02 -1.929279e-02 -9.971964e-01
    outer loop
      vertex   -1.939125e+02 -8.126563e+01 1.207954e+02
      vertex   -1.939941e+02 -8.107813e+01 1.207977e+02
      vertex   -1.937613e+02 -8.106250e+01 1.207806e+02
    endloop
  endfacet
  facet normal -1.236336e-01 1.929279e-02 -9.921404e-01
    outer loop
      vertex   -1.939125e+02 -8.126563e+01 1.207954e+02
      vertex   -1.937613e+02 -8.106250e+01 1.207806e+02
      vertex   -1.936808e+02 -8.125000e+01 1.207669e+02
    endloop
  endfacet
  facet normal -2.109875e-01 -1.929279e-02 -9.772983e-01
    outer loop
      vertex   -1.936808e+02 -8.125000e+01 1.207669e+02
      vertex   -1.937613e+02 -8.106250e+01 1.207806e+02
      vertex   -1.935331e+02 -8.104688e+01 1.207310e+02
    endloop
  endfacet
  facet normal -2.611113e-01 1.929279e-02 -9.651159e-01
    outer loop
      vertex   -1.936808e+02 -8.125000e+01 1.207669e+02
      vertex   -1.935331e+02 -8.104688e+01 1.207310e+02
      vertex   -1.934553e+02 -8.123438e+01 1.207062e+02
    endloop
  endfacet
  facet normal -3.455327e-01 -1.929279e-02 -9.382084e-01
    outer loop
      vertex   -1.934553e+02 -8.123438e+01 1.207062e+02
      vertex   -1.935331e+02 -8.104688e+01 1.207310e+02
      vertex   -1.933141e+02 -8.103125e+01 1.206500e+02
    endloop
  endfacet
  facet normal -3.934613e-01 1.929279e-02 -9.191387e-01
    outer loop
      vertex   -1.934553e+02 -8.123438e+01 1.207062e+02
      vertex   -1.933141e+02 -8.103125e+01 1.206500e+02
      vertex   -1.932406e+02 -8.121875e+01 1.206146e+02
    endloop
  endfacet
  facet normal -4.732925e-01 -1.929279e-02 -8.806941e-01
    outer loop
      vertex   -1.932406e+02 -8.121875e+01 1.206146e+02
      vertex   -1.933141e+02 -8.103125e+01 1.206500e+02
      vertex   -1.931086e+02 -8.101563e+01 1.205392e+02
    endloop
  endfacet
  facet normal -5.180847e-01 1.929279e-02 -8.551117e-01
    outer loop
      vertex   -1.932406e+02 -8.121875e+01 1.206146e+02
      vertex   -1.931086e+02 -8.101563e+01 1.205392e+02
      vertex   -1.930408e+02 -8.120313e+01 1.204939e+02
    endloop
  endfacet
  facet normal -5.917578e-01 -1.929279e-02 -8.058849e-01
    outer loop
      vertex   -1.930408e+02 -8.120313e+01 1.204939e+02
      vertex   -1.931086e+02 -8.101563e+01 1.205392e+02
      vertex   -1.929206e+02 -8.100000e+01 1.204008e+02
    endloop
  endfacet
  facet normal -6.325340e-01 1.929279e-02 -7.742923e-01
    outer loop
      vertex   -1.930408e+02 -8.120313e+01 1.204939e+02
      vertex   -1.929206e+02 -8.100000e+01 1.204008e+02
      vertex   -1.928598e+02 -8.118750e+01 1.203464e+02
    endloop
  endfacet
  facet normal -6.986023e-01 -1.929279e-02 -7.152500e-01
    outer loop
      vertex   -1.928598e+02 -8.118750e+01 1.203464e+02
      vertex   -1.929206e+02 -8.100000e+01 1.204008e+02
      vertex   -1.927538e+02 -8.098438e+01 1.202375e+02
    endloop
  endfacet
  facet normal -7.345618e-01 1.929279e-02 -6.782674e-01
    outer loop
      vertex   -1.928598e+02 -8.118750e+01 1.203464e+02
      vertex   -1.927538e+02 -8.098438e+01 1.202375e+02
      vertex   -1.927012e+02 -8.117188e+01 1.201751e+02
    endloop
  endfacet
  facet normal -7.917279e-01 -1.929279e-02 -6.105692e-01
    outer loop
      vertex   -1.927012e+02 -8.117188e+01 1.201751e+02
      vertex   -1.927538e+02 -8.098438e+01 1.202375e+02
      vertex   -1.926115e+02 -8.096875e+01 1.200524e+02
    endloop
  endfacet
  facet normal -8.221645e-01 1.929279e-02 -5.689230e-01
    outer loop
      vertex   -1.927012e+02 -8.117188e+01 1.201751e+02
      vertex   -1.926115e+02 -8.096875e+01 1.200524e+02
      vertex   -1.925681e+02 -8.115625e+01 1.199833e+02
    endloop
  endfacet
  facet normal -8.693057e-01 -1.929279e-02 -4.938982e-01
    outer loop
      vertex   -1.925681e+02 -8.115625e+01 1.199833e+02
      vertex   -1.926115e+02 -8.096875e+01 1.200524e+02
      vertex   -1.924964e+02 -8.095313e+01 1.198493e+02
    endloop
  endfacet
  facet normal -8.936217e-01 1.929279e-02 -4.484061e-01
    outer loop
      vertex   -1.925681e+02 -8.115625e+01 1.199833e+02
      vertex   -1.924964e+02 -8.095313e+01 1.198493e+02
      vertex   -1.924631e+02 -8.114063e+01 1.197747e+02
    endloop
  endfacet
  facet normal -9.298123e-01 -1.929279e-02 -3.675281e-01
    outer loop
      vertex   -1.924631e+02 -8.114063e+01 1.197747e+02
      vertex   -1.924964e+02 -8.095313e+01 1.198493e+02
      vertex   -1.924109e+02 -8.093750e+01 1.196320e+02
    endloop
  endfacet
  facet normal -9.475302e-01 1.929279e-02 -3.190836e-01
    outer loop
      vertex   -1.924631e+02 -8.114063e+01 1.197747e+02
      vertex   -1.924109e+02 -8.093750e+01 1.196320e+02
      vertex   -1.923883e+02 -8.112500e+01 1.195536e+02
    endloop
  endfacet
  facet normal -9.720594e-01 -1.929279e-02 -2.339407e-01
    outer loop
      vertex   -1.923883e+02 -8.112500e+01 1.195536e+02
      vertex   -1.924109e+02 -8.093750e+01 1.196320e+02
      vertex   -1.923566e+02 -8.092188e+01 1.194050e+02
    endloop
  endfacet
  facet normal -9.828313e-01 1.929279e-02 -1.834950e-01
    outer loop
      vertex   -1.923883e+02 -8.112500e+01 1.195536e+02
      vertex   -1.923566e+02 -8.092188e+01 1.194050e+02
      vertex   -1.923451e+02 -8.110938e+01 1.193241e+02
    endloop
  endfacet
  facet normal -9.952176e-01 -1.929279e-02 -9.575910e-02
    outer loop
      vertex   -1.923451e+02 -8.110938e+01 1.193241e+02
      vertex   -1.923566e+02 -8.092188e+01 1.194050e+02
      vertex   -1.923345e+02 -8.090625e+01 1.191726e+02
    endloop
  endfacet
  facet normal -9.988318e-01 1.929279e-02 -4.430295e-02
    outer loop
      vertex   -1.923451e+02 -8.110938e+01 1.193241e+02
      vertex   -1.923345e+02 -8.090625e+01 1.191726e+02
      vertex   -1.923345e+02 -8.109375e+01 1.190909e+02
    endloop
  endfacet
  facet normal -9.988318e-01 -1.929279e-02 4.430295e-02
    outer loop
      vertex   -1.923345e+02 -8.109375e+01 1.190909e+02
      vertex   -1.923345e+02 -8.090625e+01 1.191726e+02
      vertex   -1.923451e+02 -8.089063e+01 1.189394e+02
    endloop
  endfacet
  facet normal -9.952176e-01 1.929279e-02 9.575910e-02
    outer loop
      vertex   -1.923345e+02 -8.109375e+01 1.190909e+02
      vertex   -1.923451e+02 -8.089063e+01 1.189394e+02
      vertex   -1.923566e+02 -8.107813e+01 1.188585e+02
    endloop
  endfacet
  facet normal -9.828313e-01 -1.929279e-02 1.834950e-01
    outer loop
      vertex   -1.923566e+02 -8.107813e+01 1.188585e+02
      vertex   -1.923451e+02 -8.089063e+01 1.189394e+02
      vertex   -1.923883e+02 -8.087500e+01 1.187099e+02
    endloop
  endfacet
  facet normal -9.720594e-01 1.929279e-02 2.339407e-01
    outer loop
      vertex   -1.923566e+02 -8.107813e+01 1.188585e+02
      vertex   -1.923883e+02 -8.087500e+01 1.187099e+02
      vertex   -1.924109e+02 -8.106250e+01 1.186315e+02
    endloop
  endfacet
  facet normal -9.475302e-01 -1.929279e-02 3.190836e-01
    outer loop
      vertex   -1.924109e+02 -8.106250e+01 1.186315e+02
      vertex   -1.923883e+02 -8.087500e+01 1.187099e+02
      vertex   -1.924631e+02 -8.085938e+01 1.184888e+02
    endloop
  endfacet
  facet normal -9.298123e-01 1.929279e-02 3.675281e-01
    outer loop
      vertex   -1.924109e+02 -8.106250e+01 1.186315e+02
      vertex   -1.924631e+02 -8.085938e+01 1.184888e+02
      vertex   -1.924964e+02 -8.104688e+01 1.184142e+02
    endloop
  endfacet
  facet normal -8.936217e-01 -1.929279e-02 4.484061e-01
    outer loop
      vertex   -1.924964e+02 -8.104688e+01 1.184142e+02
      vertex   -1.924631e+02 -8.085938e+01 1.184888e+02
      vertex   -1.925681e+02 -8.084375e+01 1.182802e+02
    endloop
  endfacet
  facet normal -8.693057e-01 1.929279e-02 4.938982e-01
    outer loop
      vertex   -1.924964e+02 -8.104688e+01 1.184142e+02
      vertex   -1.925681e+02 -8.084375e+01 1.182802e+02
      vertex   -1.926115e+02 -8.103125e+01 1.182111e+02
    endloop
  endfacet
  facet normal -8.221645e-01 -1.929279e-02 5.689230e-01
    outer loop
      vertex   -1.926115e+02 -8.103125e+01 1.182111e+02
      vertex   -1.925681e+02 -8.084375e+01 1.182802e+02
      vertex   -1.927012e+02 -8.082813e+01 1.180884e+02
    endloop
  endfacet
  facet normal -7.917279e-01 1.929279e-02 6.105692e-01
    outer loop
      vertex   -1.926115e+02 -8.103125e+01 1.182111e+02
      vertex   -1.927012e+02 -8.082813e+01 1.180884e+02
      vertex   -1.927538e+02 -8.101563e+01 1.180260e+02
    endloop
  endfacet
  facet normal -7.345618e-01 -1.929279e-02 6.782674e-01
    outer loop
      vertex   -1.927538e+02 -8.101563e+01 1.180260e+02
      vertex   -1.927012e+02 -8.082813e+01 1.180884e+02
      vertex   -1.928598e+02 -8.081250e+01 1.179171e+02
    endloop
  endfacet
  facet normal -6.986023e-01 1.929279e-02 7.152500e-01
    outer loop
      vertex   -1.927538e+02 -8.101563e+01 1.180260e+02
      vertex   -1.928598e+02 -8.081250e+01 1.179171e+02
      vertex   -1.929206e+02 -8.100000e+01 1.178627e+02
    endloop
  endfacet
  facet normal -6.325340e-01 -1.929279e-02 7.742923e-01
    outer loop
      vertex   -1.929206e+02 -8.100000e+01 1.178627e+02
      vertex   -1.928598e+02 -8.081250e+01 1.179171e+02
      vertex   -1.930408e+02 -8.079688e+01 1.177696e+02
    endloop
  endfacet
  facet normal -5.917578e-01 1.929279e-02 8.058849e-01
    outer loop
      vertex   -1.929206e+02 -8.100000e+01 1.178627e+02
      vertex   -1.930408e+02 -8.079688e+01 1.177696e+02
      vertex   -1.931086e+02 -8.098438e+01 1.177243e+02
    endloop
  endfacet
  facet normal -5.180847e-01 -1.929279e-02 8.551117e-01
    outer loop
      vertex   -1.931086e+02 -8.098438e+01 1.177243e+02
      vertex   -1.930408e+02 -8.079688e+01 1.177696e+02
      vertex   -1.932406e+02 -8.078125e+01 1.176489e+02
    endloop
  endfacet
  facet normal -4.732925e-01 1.929279e-02 8.806941e-01
    outer loop
      vertex   -1.931086e+02 -8.098438e+01 1.177243e+02
      vertex   -1.932406e+02 -8.078125e+01 1.176489e+02
      vertex   -1.933141e+02 -8.096875e+01 1.176135e+02
    endloop
  endfacet
  facet normal -3.934613e-01 -1.929279e-02 9.191387e-01
    outer loop
      vertex   -1.933141e+02 -8.096875e+01 1.176135e+02
      vertex   -1.932406e+02 -8.078125e+01 1.176489e+02
      vertex   -1.934553e+02 -8.076563e+01 1.175573e+02
    endloop
  endfacet
  facet normal -3.455327e-01 1.929279e-02 9.382084e-01
    outer loop
      vertex   -1.933141e+02 -8.096875e+01 1.176135e+02
      vertex   -1.934553e+02 -8.076563e+01 1.175573e+02
      vertex   -1.935331e+02 -8.095313e+01 1.175325e+02
    endloop
  endfacet
  facet normal -2.611113e-01 -1.929279e-02 9.651159e-01
    outer loop
      vertex   -1.935331e+02 -8.095313e+01 1.175325e+02
      vertex   -1.934553e+02 -8.076563e+01 1.175573e+02
      vertex   -1.936808e+02 -8.075000e+01 1.174966e+02
    endloop
  endfacet
  facet normal -2.109875e-01 1.929279e-02 9.772983e-01
    outer loop
      vertex   -1.935331e+02 -8.095313e+01 1.175325e+02
      vertex   -1.936808e+02 -8.075000e+01 1.174966e+02
      vertex   -1.937613e+02 -8.093750e+01 1.174829e+02
    endloop
  endfacet
  facet normal -1.236336e-01 -1.929279e-02 9.921404e-01
    outer loop
      vertex   -1.937613e+02 -8.093750e+01 1.174829e+02
      vertex   -1.936808e+02 -8.075000e+01 1.174966e+02
      vertex   -1.939125e+02 -8.073438e+01 1.174681e+02
    endloop
  endfacet
  facet normal -7.229901e-02 1.929279e-02 9.971964e-01
    outer loop
      vertex   -1.937613e+02 -8.093750e+01 1.174829e+02
      vertex   -1.939125e+02 -8.073438e+01 1.174681e+02
      vertex   -1.939941e+02 -8.092188e+01 1.174658e+02
    endloop
  endfacet
  facet normal 1.627203e-02 -1.929279e-02 9.996815e-01
    outer loop
      vertex   -1.939941e+02 -8.092188e+01 1.174658e+02
      vertex   -1.939125e+02 -8.073438e+01 1.174681e+02
      vertex   -1.941459e+02 -8.071875e+01 1.174722e+02
    endloop
  endfacet
  facet normal 6.780930e-02 1.929279e-02 9.975117e-01
    outer loop
      vertex   -1.939941e+02 -8.092188e+01 1.174658e+02
      vertex   -1.941459e+02 -8.071875e+01 1.174722e+02
      vertex   -1.942270e+02 -8.090625e+01 1.174813e+02
    endloop
  endfacet
  facet normal 1.558581e-01 -1.929279e-02 9.875910e-01
    outer loop
      vertex   -1.942270e+02 -8.090625e+01 1.174813e+02
      vertex   -1.941459e+02 -8.071875e+01 1.174722e+02
      vertex   -1.943765e+02 -8.070313e+01 1.175088e+02
    endloop
  endfacet
  facet normal 2.065860e-01 1.929279e-02 9.782382e-01
    outer loop
      vertex   -1.942270e+02 -8.090625e+01 1.174813e+02
      vertex   -1.943765e+02 -8.070313e+01 1.175088e+02
      vertex   -1.944555e+02 -8.089063e+01 1.175292e+02
    endloop
  endfacet
  facet normal 2.923834e-01 -1.929279e-02 9.561066e-01
    outer loop
      vertex   -1.944555e+02 -8.089063e+01 1.175292e+02
      vertex   -1.943765e+02 -8.070313e+01 1.175088e+02
      vertex   -1.945996e+02 -8.068750e+01 1.175774e+02
    endloop
  endfacet
  facet normal 3.413058e-01 1.929279e-02 9.397543e-01
    outer loop
      vertex   -1.944555e+02 -8.089063e+01 1.175292e+02
      vertex   -1.945996e+02 -8.068750e+01 1.175774e+02
      vertex   -1.946751e+02 -8.087500e+01 1.176087e+02
    endloop
  endfacet
  facet normal 4.231670e-01 -1.929279e-02 9.058463e-01
    outer loop
      vertex   -1.946751e+02 -8.087500e+01 1.176087e+02
      vertex   -1.945996e+02 -8.068750e+01 1.175774e+02
      vertex   -1.948110e+02 -8.067188e+01 1.176765e+02
    endloop
  endfacet
  facet normal 4.693231e-01 1.929279e-02 8.828157e-01
    outer loop
      vertex   -1.946751e+02 -8.087500e+01 1.176087e+02
      vertex   -1.948110e+02 -8.067188e+01 1.176765e+02
      vertex   -1.948814e+02 -8.085938e+01 1.177180e+02
    endloop
  endfacet
  facet normal 5.456405e-01 -1.929279e-02 8.377972e-01
    outer loop
      vertex   -1.948814e+02 -8.085938e+01 1.177180e+02
      vertex   -1.948110e+02 -8.067188e+01 1.176765e+02
      vertex   -1.950065e+02 -8.065625e+01 1.178042e+02
    endloop
  endfacet
  facet normal 5.881240e-01 1.929279e-02 8.085406e-01
    outer loop
      vertex   -1.948814e+02 -8.085938e+01 1.177180e+02
      vertex   -1.950065e+02 -8.065625e+01 1.178042e+02
      vertex   -1.950703e+02 -8.084375e+01 1.178551e+02
    endloop
  endfacet
  facet normal 6.573989e-01 -1.929279e-02 7.532957e-01
    outer loop
      vertex   -1.950703e+02 -8.084375e+01 1.178551e+02
      vertex   -1.950065e+02 -8.065625e+01 1.178042e+02
      vertex   -1.951822e+02 -8.064063e+01 1.179579e+02
    endloop
  endfacet
  facet normal 6.953755e-01 1.929279e-02 7.183876e-01
    outer loop
      vertex   -1.950703e+02 -8.084375e+01 1.178551e+02
      vertex   -1.951822e+02 -8.064063e+01 1.179579e+02
      vertex   -1.952383e+02 -8.082813e+01 1.180172e+02
    endloop
  endfacet
  facet normal 7.562475e-01 -1.929279e-02 6.540012e-01
    outer loop
      vertex   -1.952383e+02 -8.082813e+01 1.180172e+02
      vertex   -1.951822e+02 -8.064063e+01 1.179579e+02
      vertex   -1.953347e+02 -8.062500e+01 1.181347e+02
    endloop
  endfacet
  facet normal 7.889713e-01 1.929279e-02 6.141271e-01
    outer loop
      vertex   -1.952383e+02 -8.082813e+01 1.180172e+02
      vertex   -1.953347e+02 -8.062500e+01 1.181347e+02
      vertex   -1.953819e+02 -8.081250e+01 1.182013e+02
    endloop
  endfacet
  facet normal 8.402450e-01 -1.929279e-02 5.418636e-01
    outer loop
      vertex   -1.953819e+02 -8.081250e+01 1.182013e+02
      vertex   -1.953347e+02 -8.062500e+01 1.181347e+02
      vertex   -1.954610e+02 -8.060938e+01 1.183310e+02
    endloop
  endfacet
  facet normal 8.670735e-01 1.929279e-02 4.978065e-01
    outer loop
      vertex   -1.953819e+02 -8.081250e+01 1.182013e+02
      vertex   -1.954610e+02 -8.060938e+01 1.183310e+02
      vertex   -1.954984e+02 -8.079688e+01 1.184036e+02
    endloop
  endfacet
  facet normal 9.077420e-01 -1.929279e-02 4.190849e-01
    outer loop
      vertex   -1.954984e+02 -8.079688e+01 1.184036e+02
      vertex   -1.954610e+02 -8.060938e+01 1.183310e+02
      vertex   -1.955586e+02 -8.059375e+01 1.185431e+02
    endloop
  endfacet
  facet normal 9.281484e-01 1.929279e-02 3.717101e-01
    outer loop
      vertex   -1.954984e+02 -8.079688e+01 1.184036e+02
      vertex   -1.955586e+02 -8.059375e+01 1.185431e+02
      vertex   -1.955855e+02 -8.078125e+01 1.186202e+02
    endloop
  endfacet
  facet normal 9.574131e-01 -1.929279e-02 2.880764e-01
    outer loop
      vertex   -1.955855e+02 -8.078125e+01 1.186202e+02
      vertex   -1.955586e+02 -8.059375e+01 1.185431e+02
      vertex   -1.956255e+02 -8.057813e+01 1.187668e+02
    endloop
  endfacet
  facet normal 9.709965e-01 1.929279e-02 2.383141e-01
    outer loop
      vertex   -1.955855e+02 -8.078125e+01 1.186202e+02
      vertex   -1.956255e+02 -8.057813e+01 1.187668e+02
      vertex   -1.956415e+02 -8.076563e+01 1.188469e+02
    endloop
  endfacet
  facet normal 9.882826e-01 -1.929279e-02 1.514107e-01
    outer loop
      vertex   -1.956415e+02 -8.076563e+01 1.188469e+02
      vertex   -1.956255e+02 -8.057813e+01 1.187668e+02
      vertex   -1.956606e+02 -8.056250e+01 1.189976e+02
    endloop
  endfacet
  facet normal 9.947764e-01 1.929279e-02 1.002382e-01
    outer loop
      vertex   -1.956415e+02 -8.076563e+01 1.188469e+02
      vertex   -1.956606e+02 -8.056250e+01 1.189976e+02
      vertex   -1.956652e+02 -8.075000e+01 1.190791e+02
    endloop
  endfacet
  facet normal 9.997446e-01 -1.929279e-02 1.177170e-02
    outer loop
      vertex   -1.956652e+02 -8.075000e+01 1.190791e+02
      vertex   -1.956606e+02 -8.056250e+01 1.189976e+02
      vertex   -1.956630e+02 -8.054688e+01 1.192311e+02
    endloop
  endfacet
  facet normal 9.990211e-01 1.929279e-02 -3.980616e-02
    outer loop
      vertex   -1.956652e+02 -8.075000e+01 1.190791e+02
      vertex   -1.956630e+02 -8.054688e+01 1.192311e+02
      vertex   -1.956562e+02 -8.073438e+01 1.193124e+02
    endloop
  endfacet
  facet normal 9.915738e-01 -1.929279e-02 -1.280985e-01
    outer loop
      vertex   -1.956562e+02 -8.073438e+01 1.193124e+02
      vertex   -1.956630e+02 -8.054688e+01 1.192311e+02
      vertex   -1.956328e+02 -8.053125e+01 1.194626e+02
    endloop
  endfacet
  facet normal 9.836474e-01 1.929279e-02 -1.790688e-01
    outer loop
      vertex   -1.956562e+02 -8.073438e+01 1.193124e+02
      vertex   -1.956328e+02 -8.053125e+01 1.194626e+02
      vertex   -1.956147e+02 -8.071875e+01 1.195422e+02
    endloop
  endfacet
  facet normal 9.639307e-01 -1.929279e-02 -2.654532e-01
    outer loop
      vertex   -1.956147e+02 -8.071875e+01 1.195422e+02
      vertex   -1.956328e+02 -8.053125e+01 1.194626e+02
      vertex   -1.955706e+02 -8.051563e+01 1.196876e+02
    endloop
  endfacet
  facet normal 9.489570e-01 1.929279e-02 -3.148150e-01
    outer loop
      vertex   -1.956147e+02 -8.071875e+01 1.195422e+02
      vertex   -1.955706e+02 -8.051563e+01 1.196876e+02
      vertex   -1.955414e+02 -8.070313e+01 1.197638e+02
    endloop
  endfacet
  facet normal 9.173582e-01 -1.929279e-02 -3.975949e-01
    outer loop
      vertex   -1.955414e+02 -8.070313e+01 1.197638e+02
      vertex   -1.955706e+02 -8.051563e+01 1.196876e+02
      vertex   -1.954774e+02 -8.050000e+01 1.199017e+02
    endloop
  endfacet
  facet normal 8.956312e-01 1.929279e-02 -4.443788e-01
    outer loop
      vertex   -1.955414e+02 -8.070313e+01 1.197638e+02
      vertex   -1.954774e+02 -8.050000e+01 1.199017e+02
      vertex   -1.954379e+02 -8.068750e+01 1.199731e+02
    endloop
  endfacet
  facet normal 8.311443e-01 -3.640119e-02 -5.548640e-01
    outer loop
      vertex   -1.954379e+02 -8.068750e+01 1.199731e+02
      vertex   -1.954774e+02 -8.050000e+01 1.199017e+02
      vertex   -1.952776e+02 -8.050000e+01 1.202011e+02
    endloop
  endfacet
  facet normal 8.262394e-01 -2.247210e-02 -5.628708e-01
    outer loop
      vertex   -1.954379e+02 -8.068750e+01 1.199731e+02
      vertex   -1.952776e+02 -8.050000e+01 1.202011e+02
      vertex   -1.953062e+02 -8.067188e+01 1.201659e+02
    endloop
  endfacet
  facet normal 7.378461e-01 1.517560e-02 -6.747984e-01
    outer loop
      vertex   -1.953062e+02 -8.067188e+01 1.201659e+02
      vertex   -1.952776e+02 -8.050000e+01 1.202011e+02
      vertex   -1.951488e+02 -8.065625e+01 1.203383e+02
    endloop
  endfacet
  facet normal 6.916674e-01 -6.216976e-02 -7.195354e-01
    outer loop
      vertex   -1.951488e+02 -8.065625e+01 1.203383e+02
      vertex   -1.952776e+02 -8.050000e+01 1.202011e+02
      vertex   -1.950180e+02 -8.050000e+01 1.204505e+02
    endloop
  endfacet
  facet normal 6.358455e-01 2.188181e-02 -7.715061e-01
    outer loop
      vertex   -1.951488e+02 -8.065625e+01 1.203383e+02
      vertex   -1.950180e+02 -8.050000e+01 1.204505e+02
      vertex   -1.949689e+02 -8.064063e+01 1.204871e+02
    endloop
  endfacet
  facet normal 5.248919e-01 -3.738103e-02 -8.503476e-01
    outer loop
      vertex   -1.949689e+02 -8.064063e+01 1.204871e+02
      vertex   -1.950180e+02 -8.050000e+01 1.204505e+02
      vertex   -1.947699e+02 -8.062500e+01 1.206092e+02
    endloop
  endfacet
  facet normal 5.213999e-01 -4.646871e-02 -8.520462e-01
    outer loop
      vertex   -1.947699e+02 -8.062500e+01 1.206092e+02
      vertex   -1.950180e+02 -8.050000e+01 1.204505e+02
      vertex   -1.947110e+02 -8.050000e+01 1.206384e+02
    endloop
  endfacet
  facet normal 3.970172e-01 2.745913e-02 -9.174003e-01
    outer loop
      vertex   -1.947699e+02 -8.062500e+01 1.206092e+02
      vertex   -1.947110e+02 -8.050000e+01 1.206384e+02
      vertex   -1.945558e+02 -8.060938e+01 1.207023e+02
    endloop
  endfacet
  facet normal 3.252711e-01 -8.838417e-02 -9.414812e-01
    outer loop
      vertex   -1.945558e+02 -8.060938e+01 1.207023e+02
      vertex   -1.947110e+02 -8.050000e+01 1.206384e+02
      vertex   -1.943707e+02 -8.050000e+01 1.207560e+02
    endloop
  endfacet
  facet normal 2.650889e-01 2.446956e-02 -9.639134e-01
    outer loop
      vertex   -1.945558e+02 -8.060938e+01 1.207023e+02
      vertex   -1.943707e+02 -8.050000e+01 1.207560e+02
      vertex   -1.943308e+02 -8.059375e+01 1.207646e+02
    endloop
  endfacet
  facet normal 1.316340e-01 -3.480315e-02 -9.906873e-01
    outer loop
      vertex   -1.943308e+02 -8.059375e+01 1.207646e+02
      vertex   -1.943707e+02 -8.050000e+01 1.207560e+02
      vertex   -1.940993e+02 -8.057813e+01 1.207948e+02
    endloop
  endfacet
  facet normal 1.154131e-01 -9.041452e-02 -9.891941e-01
    outer loop
      vertex   -1.940993e+02 -8.057813e+01 1.207948e+02
      vertex   -1.943707e+02 -8.050000e+01 1.207560e+02
      vertex   -1.940132e+02 -8.050000e+01 1.207977e+02
    endloop
  endfacet
  facet normal -1.398959e-02 5.262253e-02 -9.985165e-01
    outer loop
      vertex   -1.940993e+02 -8.057813e+01 1.207948e+02
      vertex   -1.940132e+02 -8.050000e+01 1.207977e+02
      vertex   -1.938659e+02 -8.056250e+01 1.207923e+02
    endloop
  endfacet
  facet normal -9.906379e-02 -1.491449e-01 -9.838405e-01
    outer loop
      vertex   -1.938659e+02 -8.056250e+01 1.207923e+02
      vertex   -1.940132e+02 -8.050000e+01 1.207977e+02
      vertex   -1.936550e+02 -8.050000e+01 1.207616e+02
    endloop
  endfacet
  facet normal -1.518973e-01 2.705580e-02 -9.880259e-01
    outer loop
      vertex   -1.938659e+02 -8.056250e+01 1.207923e+02
      vertex   -1.936550e+02 -8.050000e+01 1.207616e+02
      vertex   -1.936350e+02 -8.054688e+01 1.207573e+02
    endloop
  endfacet
  facet normal -2.846776e-01 -3.222283e-02 -9.580816e-01
    outer loop
      vertex   -1.936350e+02 -8.054688e+01 1.207573e+02
      vertex   -1.936550e+02 -8.050000e+01 1.207616e+02
      vertex   -1.934114e+02 -8.053125e+01 1.206903e+02
    endloop
  endfacet
  facet normal -3.015630e-01 -2.515103e-01 -9.196751e-01
    outer loop
      vertex   -1.934114e+02 -8.053125e+01 1.206903e+02
      vertex   -1.936550e+02 -8.050000e+01 1.207616e+02
      vertex   -1.933129e+02 -8.050000e+01 1.206495e+02
    endloop
  endfacet
  facet normal -4.222563e-01 1.661075e-01 -8.911273e-01
    outer loop
      vertex   -1.934114e+02 -8.053125e+01 1.206903e+02
      vertex   -1.933129e+02 -8.050000e+01 1.206495e+02
      vertex   -1.931993e+02 -8.051563e+01 1.205927e+02
    endloop
  endfacet
  facet normal -4.417982e-01 -4.948938e-01 -7.482610e-01
    outer loop
      vertex   -1.931993e+02 -8.051563e+01 1.205927e+02
      vertex   -1.933129e+02 -8.050000e+01 1.206495e+02
      vertex   -1.930029e+02 -8.050000e+01 1.204664e+02
    endloop
  endfacet
  facet normal 0.000000e+00 8.829476e-01 -4.694716e-01
    outer loop
      vertex   -2.000000e+02 -8.050000e+01 1.241995e+02
      vertex   -2.000000e+02 -7.521229e+01 1.341442e+02
      vertex   -1.880000e+02 -8.050000e+01 1.241995e+02
    endloop
  endfacet
  facet normal -1.877590e-17 8.829476e-01 -4.694716e-01
    outer loop
      vertex   -1.880000e+02 -8.050000e+01 1.241995e+02
      vertex   -2.000000e+02 -7.521229e+01 1.341442e+02
      vertex   -1.880000e+02 -7.521229e+01 1.341442e+02
    endloop
  endfacet
  facet normal -0.000000e+00 8.829476e-01 4.694716e-01
    outer loop
      vertex   -2.000000e+02 -7.521229e+01 1.041193e+02
      vertex   -2.000000e+02 -8.050000e+01 1.140640e+02
      vertex   -1.880000e+02 -7.521229e+01 1.041193e+02
    endloop
  endfacet
  facet normal 1.527164e-17 8.829476e-01 4.694716e-01
    outer loop
      vertex   -1.880000e+02 -7.521229e+01 1.041193e+02
      vertex   -2.000000e+02 -8.050000e+01 1.140640e+02
      vertex   -1.880000e+02 -8.050000e+01 1.140640e+02
    endloop
  endfacet
  facet normal 0.000000e+00 4.222956e-02 -9.991079e-01
    outer loop
      vertex   -1.880000e+02 -8.450000e+01 8.388175e+01
      vertex   -2.000000e+02 -8.450000e+01 8.388175e+01
      vertex   -1.880000e+02 -8.346630e+01 8.392544e+01
    endloop
  endfacet
  facet normal 0.000000e+00 4.222956e-02 -9.991079e-01
    outer loop
      vertex   -1.880000e+02 -8.346630e+01 8.392544e+01
      vertex   -2.000000e+02 -8.450000e+01 8.388175e+01
      vertex   -2.000000e+02 -8.346630e+01 8.392544e+01
    endloop
  endfacet
  facet normal 0.000000e+00 1.263875e-01 -9.919810e-01
    outer loop
      vertex   -1.880000e+02 -8.346630e+01 8.392544e+01
      vertex   -2.000000e+02 -8.346630e+01 8.392544e+01
      vertex   -1.880000e+02 -8.243997e+01 8.405621e+01
    endloop
  endfacet
  facet normal 0.000000e+00 1.263875e-01 -9.919810e-01
    outer loop
      vertex   -1.880000e+02 -8.243997e+01 8.405621e+01
      vertex   -2.000000e+02 -8.346630e+01 8.392544e+01
      vertex   -2.000000e+02 -8.243997e+01 8.405621e+01
    endloop
  endfacet
  facet normal 0.000000e+00 2.096438e-01 -9.777778e-01
    outer loop
      vertex   -1.880000e+02 -8.243997e+01 8.405621e+01
      vertex   -2.000000e+02 -8.243997e+01 8.405621e+01
      vertex   -1.880000e+02 -8.142834e+01 8.427311e+01
    endloop
  endfacet
  facet normal 0.000000e+00 2.096438e-01 -9.777778e-01
    outer loop
      vertex   -1.880000e+02 -8.142834e+01 8.427311e+01
      vertex   -2.000000e+02 -8.243997e+01 8.405621e+01
      vertex   -2.000000e+02 -8.142834e+01 8.427311e+01
    endloop
  endfacet
  facet normal 0.000000e+00 2.914046e-01 -9.565999e-01
    outer loop
      vertex   -1.880000e+02 -8.142834e+01 8.427311e+01
      vertex   -2.000000e+02 -8.142834e+01 8.427311e+01
      vertex   -1.880000e+02 -8.043862e+01 8.457460e+01
    endloop
  endfacet
  facet normal 0.000000e+00 2.914046e-01 -9.565999e-01
    outer loop
      vertex   -1.880000e+02 -8.043862e+01 8.457460e+01
      vertex   -2.000000e+02 -8.142834e+01 8.427311e+01
      vertex   -2.000000e+02 -8.043862e+01 8.457460e+01
    endloop
  endfacet
  facet normal 0.000000e+00 3.710868e-01 -9.285982e-01
    outer loop
      vertex   -1.880000e+02 -8.043862e+01 8.457460e+01
      vertex   -2.000000e+02 -8.043862e+01 8.457460e+01
      vertex   -1.880000e+02 -7.947787e+01 8.495854e+01
    endloop
  endfacet
  facet normal 0.000000e+00 3.710868e-01 -9.285982e-01
    outer loop
      vertex   -1.880000e+02 -7.947787e+01 8.495854e+01
      vertex   -2.000000e+02 -8.043862e+01 8.457460e+01
      vertex   -2.000000e+02 -7.947787e+01 8.495854e+01
    endloop
  endfacet
  facet normal 0.000000e+00 4.481219e-01 -8.939725e-01
    outer loop
      vertex   -1.880000e+02 -7.947787e+01 8.495854e+01
      vertex   -2.000000e+02 -7.947787e+01 8.495854e+01
      vertex   -1.880000e+02 -7.855294e+01 8.542218e+01
    endloop
  endfacet
  facet normal 0.000000e+00 4.481219e-01 -8.939725e-01
    outer loop
      vertex   -1.880000e+02 -7.855294e+01 8.542218e+01
      vertex   -2.000000e+02 -7.947787e+01 8.495854e+01
      vertex   -2.000000e+02 -7.855294e+01 8.542218e+01
    endloop
  endfacet
  facet normal 0.000000e+00 5.219604e-01 -8.529697e-01
    outer loop
      vertex   -1.880000e+02 -7.855294e+01 8.542218e+01
      vertex   -2.000000e+02 -7.855294e+01 8.542218e+01
      vertex   -1.880000e+02 -7.767044e+01 8.596221e+01
    endloop
  endfacet
  facet normal 0.000000e+00 5.219604e-01 -8.529697e-01
    outer loop
      vertex   -1.880000e+02 -7.767044e+01 8.596221e+01
      vertex   -2.000000e+02 -7.855294e+01 8.542218e+01
      vertex   -2.000000e+02 -7.767044e+01 8.596221e+01
    endloop
  endfacet
  facet normal 0.000000e+00 5.920755e-01 -8.058825e-01
    outer loop
      vertex   -1.880000e+02 -7.767044e+01 8.596221e+01
      vertex   -2.000000e+02 -7.767044e+01 8.596221e+01
      vertex   -1.880000e+02 -7.683665e+01 8.657478e+01
    endloop
  endfacet
  facet normal 0.000000e+00 5.920755e-01 -8.058825e-01
    outer loop
      vertex   -1.880000e+02 -7.683665e+01 8.657478e+01
      vertex   -2.000000e+02 -7.767044e+01 8.596221e+01
      vertex   -2.000000e+02 -7.683665e+01 8.657478e+01
    endloop
  endfacet
  facet normal 0.000000e+00 6.579672e-01 -7.530466e-01
    outer loop
      vertex   -1.880000e+02 -7.683665e+01 8.657478e+01
      vertex   -2.000000e+02 -7.683665e+01 8.657478e+01
      vertex   -1.880000e+02 -7.605753e+01 8.725553e+01
    endloop
  endfacet
  facet normal 0.000000e+00 6.579672e-01 -7.530466e-01
    outer loop
      vertex   -1.880000e+02 -7.605753e+01 8.725553e+01
      vertex   -2.000000e+02 -7.683665e+01 8.657478e+01
      vertex   -2.000000e+02 -7.605753e+01 8.725553e+01
    endloop
  endfacet
  facet normal 0.000000e+00 7.191654e-01 -6.948390e-01
    outer loop
      vertex   -1.880000e+02 -7.605753e+01 8.725553e+01
      vertex   -2.000000e+02 -7.605753e+01 8.725553e+01
      vertex   -1.880000e+02 -7.533863e+01 8.799960e+01
    endloop
  endfacet
  facet normal 0.000000e+00 7.191654e-01 -6.948390e-01
    outer loop
      vertex   -1.880000e+02 -7.533863e+01 8.799960e+01
      vertex   -2.000000e+02 -7.605753e+01 8.725553e+01
      vertex   -2.000000e+02 -7.533863e+01 8.799960e+01
    endloop
  endfacet
  facet normal 0.000000e+00 7.752335e-01 -6.316748e-01
    outer loop
      vertex   -1.880000e+02 -7.533863e+01 8.799960e+01
      vertex   -2.000000e+02 -7.533863e+01 8.799960e+01
      vertex   -1.880000e+02 -7.468509e+01 8.880167e+01
    endloop
  endfacet
  facet normal 0.000000e+00 7.752335e-01 -6.316748e-01
    outer loop
      vertex   -1.880000e+02 -7.468509e+01 8.880167e+01
      vertex   -2.000000e+02 -7.533863e+01 8.799960e+01
      vertex   -2.000000e+02 -7.468509e+01 8.880167e+01
    endloop
  endfacet
  facet normal 0.000000e+00 8.257716e-01 -5.640047e-01
    outer loop
      vertex   -1.880000e+02 -7.468509e+01 8.880167e+01
      vertex   -2.000000e+02 -7.468509e+01 8.880167e+01
      vertex   -1.880000e+02 -7.410156e+01 8.965604e+01
    endloop
  endfacet
  facet normal 0.000000e+00 8.257716e-01 -5.640047e-01
    outer loop
      vertex   -1.880000e+02 -7.410156e+01 8.965604e+01
      vertex   -2.000000e+02 -7.468509e+01 8.880167e+01
      vertex   -2.000000e+02 -7.410156e+01 8.965604e+01
    endloop
  endfacet
  facet normal 0.000000e+00 8.704192e-01 -4.923113e-01
    outer loop
      vertex   -1.880000e+02 -7.410156e+01 8.965604e+01
      vertex   -2.000000e+02 -7.410156e+01 8.965604e+01
      vertex   -1.880000e+02 -7.359220e+01 9.055659e+01
    endloop
  endfacet
  facet normal 0.000000e+00 8.704192e-01 -4.923113e-01
    outer loop
      vertex   -1.880000e+02 -7.359220e+01 9.055659e+01
      vertex   -2.000000e+02 -7.410156e+01 8.965604e+01
      vertex   -2.000000e+02 -7.359220e+01 9.055659e+01
    endloop
  endfacet
  facet normal 0.000000e+00 9.088578e-01 -4.171062e-01
    outer loop
      vertex   -1.880000e+02 -7.359220e+01 9.055659e+01
      vertex   -2.000000e+02 -7.359220e+01 9.055659e+01
      vertex   -1.880000e+02 -7.316065e+01 9.149692e+01
    endloop
  endfacet
  facet normal 0.000000e+00 9.088578e-01 -4.171062e-01
    outer loop
      vertex   -1.880000e+02 -7.316065e+01 9.149692e+01
      vertex   -2.000000e+02 -7.359220e+01 9.055659e+01
      vertex   -2.000000e+02 -7.316065e+01 9.149692e+01
    endloop
  endfacet
  facet normal 0.000000e+00 9.408132e-01 -3.389256e-01
    outer loop
      vertex   -1.880000e+02 -7.316065e+01 9.149692e+01
      vertex   -2.000000e+02 -7.316065e+01 9.149692e+01
      vertex   -1.880000e+02 -7.280999e+01 9.247031e+01
    endloop
  endfacet
  facet normal 0.000000e+00 9.408132e-01 -3.389256e-01
    outer loop
      vertex   -1.880000e+02 -7.280999e+01 9.247031e+01
      vertex   -2.000000e+02 -7.316065e+01 9.149692e+01
      vertex   -2.000000e+02 -7.280999e+01 9.247031e+01
    endloop
  endfacet
  facet normal 0.000000e+00 9.660574e-01 -2.583274e-01
    outer loop
      vertex   -1.880000e+02 -7.280999e+01 9.247031e+01
      vertex   -2.000000e+02 -7.280999e+01 9.247031e+01
      vertex   -1.880000e+02 -7.254272e+01 9.346982e+01
    endloop
  endfacet
  facet normal 0.000000e+00 9.660574e-01 -2.583274e-01
    outer loop
      vertex   -1.880000e+02 -7.254272e+01 9.346982e+01
      vertex   -2.000000e+02 -7.280999e+01 9.247031e+01
      vertex   -2.000000e+02 -7.254272e+01 9.346982e+01
    endloop
  endfacet
  facet normal 0.000000e+00 9.844105e-01 -1.758864e-01
    outer loop
      vertex   -1.880000e+02 -7.254272e+01 9.346982e+01
      vertex   -2.000000e+02 -7.254272e+01 9.346982e+01
      vertex   -1.880000e+02 -7.236074e+01 9.448831e+01
    endloop
  endfacet
  facet normal 0.000000e+00 9.844105e-01 -1.758864e-01
    outer loop
      vertex   -1.880000e+02 -7.236074e+01 9.448831e+01
      vertex   -2.000000e+02 -7.254272e+01 9.346982e+01
      vertex   -2.000000e+02 -7.236074e+01 9.448831e+01
    endloop
  endfacet
  facet normal 0.000000e+00 9.957414e-01 -9.219084e-02
    outer loop
      vertex   -1.880000e+02 -7.236074e+01 9.448831e+01
      vertex   -2.000000e+02 -7.236074e+01 9.448831e+01
      vertex   -1.880000e+02 -7.226536e+01 9.551853e+01
    endloop
  endfacet
  facet normal 0.000000e+00 9.957414e-01 -9.219084e-02
    outer loop
      vertex   -1.880000e+02 -7.226536e+01 9.551853e+01
      vertex   -2.000000e+02 -7.236074e+01 9.448831e+01
      vertex   -2.000000e+02 -7.226536e+01 9.551853e+01
    endloop
  endfacet
  facet normal 0.000000e+00 9.999693e-01 -7.837599e-03
    outer loop
      vertex   -1.880000e+02 -7.226536e+01 9.551853e+01
      vertex   -2.000000e+02 -7.226536e+01 9.551853e+01
      vertex   -1.880000e+02 -7.225725e+01 9.655312e+01
    endloop
  endfacet
  facet normal 0.000000e+00 9.999693e-01 -7.837599e-03
    outer loop
      vertex   -1.880000e+02 -7.225725e+01 9.655312e+01
      vertex   -2.000000e+02 -7.226536e+01 9.551853e+01
      vertex   -2.000000e+02 -7.225725e+01 9.655312e+01
    endloop
  endfacet
  facet normal 0.000000e+00 9.970641e-01 7.657155e-02
    outer loop
      vertex   -1.880000e+02 -7.225725e+01 9.655312e+01
      vertex   -2.000000e+02 -7.225725e+01 9.655312e+01
      vertex   -1.880000e+02 -7.233647e+01 9.758471e+01
    endloop
  endfacet
  facet normal 0.000000e+00 9.970641e-01 7.657155e-02
    outer loop
      vertex   -1.880000e+02 -7.233647e+01 9.758471e+01
      vertex   -2.000000e+02 -7.225725e+01 9.655312e+01
      vertex   -2.000000e+02 -7.233647e+01 9.758471e+01
    endloop
  endfacet
  facet normal 0.000000e+00 9.870465e-01 1.604345e-01
    outer loop
      vertex   -1.880000e+02 -7.233647e+01 9.758471e+01
      vertex   -2.000000e+02 -7.233647e+01 9.758471e+01
      vertex   -1.880000e+02 -7.250246e+01 9.860593e+01
    endloop
  endfacet
  facet normal 0.000000e+00 9.870465e-01 1.604345e-01
    outer loop
      vertex   -1.880000e+02 -7.250246e+01 9.860593e+01
      vertex   -2.000000e+02 -7.233647e+01 9.758471e+01
      vertex   -2.000000e+02 -7.250246e+01 9.860593e+01
    endloop
  endfacet
  facet normal 0.000000e+00 9.699880e-01 2.431530e-01
    outer loop
      vertex   -1.880000e+02 -7.250246e+01 9.860593e+01
      vertex   -2.000000e+02 -7.250246e+01 9.860593e+01
      vertex   -1.880000e+02 -7.275403e+01 9.960950e+01
    endloop
  endfacet
  facet normal 0.000000e+00 9.699880e-01 2.431530e-01
    outer loop
      vertex   -1.880000e+02 -7.275403e+01 9.960950e+01
      vertex   -2.000000e+02 -7.250246e+01 9.860593e+01
      vertex   -2.000000e+02 -7.275403e+01 9.960950e+01
    endloop
  endfacet
  facet normal 0.000000e+00 9.460102e-01 3.241370e-01
    outer loop
      vertex   -1.880000e+02 -7.275403e+01 9.960950e+01
      vertex   -2.000000e+02 -7.275403e+01 9.960950e+01
      vertex   -1.880000e+02 -7.308939e+01 1.005883e+02
    endloop
  endfacet
  facet normal 0.000000e+00 9.460102e-01 3.241370e-01
    outer loop
      vertex   -1.880000e+02 -7.308939e+01 1.005883e+02
      vertex   -2.000000e+02 -7.275403e+01 9.960950e+01
      vertex   -2.000000e+02 -7.308939e+01 1.005883e+02
    endloop
  endfacet
  facet normal 0.000000e+00 9.152841e-01 4.028088e-01
    outer loop
      vertex   -1.880000e+02 -7.308939e+01 1.005883e+02
      vertex   -2.000000e+02 -7.308939e+01 1.005883e+02
      vertex   -1.880000e+02 -7.350615e+01 1.015352e+02
    endloop
  endfacet
  facet normal 0.000000e+00 9.152841e-01 4.028088e-01
    outer loop
      vertex   -1.880000e+02 -7.350615e+01 1.015352e+02
      vertex   -2.000000e+02 -7.308939e+01 1.005883e+02
      vertex   -2.000000e+02 -7.350615e+01 1.015352e+02
    endloop
  endfacet
  facet normal 0.000000e+00 8.780291e-01 4.786073e-01
    outer loop
      vertex   -1.880000e+02 -7.350615e+01 1.015352e+02
      vertex   -2.000000e+02 -7.350615e+01 1.015352e+02
      vertex   -1.880000e+02 -7.400133e+01 1.024437e+02
    endloop
  endfacet
  facet normal 0.000000e+00 8.780291e-01 4.786073e-01
    outer loop
      vertex   -1.880000e+02 -7.400133e+01 1.024437e+02
      vertex   -2.000000e+02 -7.350615e+01 1.015352e+02
      vertex   -2.000000e+02 -7.400133e+01 1.024437e+02
    endloop
  endfacet
  facet normal 0.000000e+00 8.345108e-01 5.509917e-01
    outer loop
      vertex   -1.880000e+02 -7.400133e+01 1.024437e+02
      vertex   -2.000000e+02 -7.400133e+01 1.024437e+02
      vertex   -1.880000e+02 -7.457140e+01 1.033071e+02
    endloop
  endfacet
  facet normal 0.000000e+00 8.345108e-01 5.509917e-01
    outer loop
      vertex   -1.880000e+02 -7.457140e+01 1.033071e+02
      vertex   -2.000000e+02 -7.400133e+01 1.024437e+02
      vertex   -2.000000e+02 -7.457140e+01 1.033071e+02
    endloop
  endfacet
  facet normal 0.000000e+00 7.850396e-01 6.194456e-01
    outer loop
      vertex   -1.880000e+02 -7.457140e+01 1.033071e+02
      vertex   -2.000000e+02 -7.457140e+01 1.033071e+02
      vertex   -1.880000e+02 -7.521229e+01 1.041193e+02
    endloop
  endfacet
  facet normal 0.000000e+00 7.850396e-01 6.194456e-01
    outer loop
      vertex   -1.880000e+02 -7.521229e+01 1.041193e+02
      vertex   -2.000000e+02 -7.457140e+01 1.033071e+02
      vertex   -2.000000e+02 -7.521229e+01 1.041193e+02
    endloop
  endfacet
  facet normal 0.000000e+00 -1.000000e+00 0.000000e+00
    outer loop
      vertex   -2.000000e+02 -8.450000e+01 8.788175e+01
      vertex   -2.000000e+02 -8.450000e+01 8.388175e+01
      vertex   -1.880000e+02 -8.450000e+01 8.788175e+01
    endloop
  endfacet
  facet normal 0.000000e+00 -1.000000e+00 -0.000000e+00
    outer loop
      vertex   -1.880000e+02 -8.450000e+01 8.788175e+01
      vertex   -2.000000e+02 -8.450000e+01 8.388175e+01
      vertex   -1.880000e+02 -8.450000e+01 8.388175e+01
    endloop
  endfacet
  facet normal -0.000000e+00 -5.233596e-02 -9.986295e-01
    outer loop
      vertex   -1.880000e+02 -8.450000e+01 1.043817e+02
      vertex   -2.000000e+02 -8.450000e+01 1.043817e+02
      vertex   -1.880000e+02 -8.363764e+01 1.043366e+02
    endloop
  endfacet
  facet normal -0.000000e+00 -5.233596e-02 -9.986295e-01
    outer loop
      vertex   -1.880000e+02 -8.363764e+01 1.043366e+02
      vertex   -2.000000e+02 -8.450000e+01 1.043817e+02
      vertex   -2.000000e+02 -8.363764e+01 1.043366e+02
    endloop
  endfacet
  facet normal -0.000000e+00 -1.564345e-01 -9.876883e-01
    outer loop
      vertex   -1.880000e+02 -8.363764e+01 1.043366e+02
      vertex   -2.000000e+02 -8.363764e+01 1.043366e+02
      vertex   -1.880000e+02 -8.278473e+01 1.042015e+02
    endloop
  endfacet
  facet normal -0.000000e+00 -1.564345e-01 -9.876883e-01
    outer loop
      vertex   -1.880000e+02 -8.278473e+01 1.042015e+02
      vertex   -2.000000e+02 -8.363764e+01 1.043366e+02
      vertex   -2.000000e+02 -8.278473e+01 1.042015e+02
    endloop
  endfacet
  facet normal -0.000000e+00 -2.588190e-01 -9.659258e-01
    outer loop
      vertex   -1.880000e+02 -8.278473e+01 1.042015e+02
      vertex   -2.000000e+02 -8.278473e+01 1.042015e+02
      vertex   -1.880000e+02 -8.195061e+01 1.039780e+02
    endloop
  endfacet
  facet normal -0.000000e+00 -2.588190e-01 -9.659258e-01
    outer loop
      vertex   -1.880000e+02 -8.195061e+01 1.039780e+02
      vertex   -2.000000e+02 -8.278473e+01 1.042015e+02
      vertex   -2.000000e+02 -8.195061e+01 1.039780e+02
    endloop
  endfacet
  facet normal -0.000000e+00 -3.583679e-01 -9.335804e-01
    outer loop
      vertex   -1.880000e+02 -8.195061e+01 1.039780e+02
      vertex   -2.000000e+02 -8.195061e+01 1.039780e+02
      vertex   -1.880000e+02 -8.114442e+01 1.036685e+02
    endloop
  endfacet
  facet normal 1.105581e-15 -3.583679e-01 -9.335804e-01
    outer loop
      vertex   -1.880000e+02 -8.114442e+01 1.036685e+02
      vertex   -2.000000e+02 -8.195061e+01 1.039780e+02
      vertex   -2.000000e+02 -8.114442e+01 1.036685e+02
    endloop
  endfacet
  facet normal 1.055164e-15 -4.539905e-01 -8.910065e-01
    outer loop
      vertex   -1.880000e+02 -8.114442e+01 1.036685e+02
      vertex   -2.000000e+02 -8.114442e+01 1.036685e+02
      vertex   -1.880000e+02 -8.037500e+01 1.032765e+02
    endloop
  endfacet
  facet normal -0.000000e+00 -4.539905e-01 -8.910065e-01
    outer loop
      vertex   -1.880000e+02 -8.037500e+01 1.032765e+02
      vertex   -2.000000e+02 -8.114442e+01 1.036685e+02
      vertex   -2.000000e+02 -8.037500e+01 1.032765e+02
    endloop
  endfacet
  facet normal -0.000000e+00 -5.446390e-01 -8.386706e-01
    outer loop
      vertex   -1.880000e+02 -8.037500e+01 1.032765e+02
      vertex   -2.000000e+02 -8.037500e+01 1.032765e+02
      vertex   -1.880000e+02 -7.965077e+01 1.028061e+02
    endloop
  endfacet
  facet normal -0.000000e+00 -5.446390e-01 -8.386706e-01
    outer loop
      vertex   -1.880000e+02 -7.965077e+01 1.028061e+02
      vertex   -2.000000e+02 -8.037500e+01 1.032765e+02
      vertex   -2.000000e+02 -7.965077e+01 1.028061e+02
    endloop
  endfacet
  facet normal -0.000000e+00 -6.293204e-01 -7.771460e-01
    outer loop
      vertex   -1.880000e+02 -7.965077e+01 1.028061e+02
      vertex   -2.000000e+02 -7.965077e+01 1.028061e+02
      vertex   -1.880000e+02 -7.897967e+01 1.022627e+02
    endloop
  endfacet
  facet normal -0.000000e+00 -6.293204e-01 -7.771460e-01
    outer loop
      vertex   -1.880000e+02 -7.897967e+01 1.022627e+02
      vertex   -2.000000e+02 -7.965077e+01 1.028061e+02
      vertex   -2.000000e+02 -7.897967e+01 1.022627e+02
    endloop
  endfacet
  facet normal -0.000000e+00 -7.071068e-01 -7.071068e-01
    outer loop
      vertex   -1.880000e+02 -7.897967e+01 1.022627e+02
      vertex   -2.000000e+02 -7.897967e+01 1.022627e+02
      vertex   -1.880000e+02 -7.836906e+01 1.016521e+02
    endloop
  endfacet
  facet normal -0.000000e+00 -7.071068e-01 -7.071068e-01
    outer loop
      vertex   -1.880000e+02 -7.836906e+01 1.016521e+02
      vertex   -2.000000e+02 -7.897967e+01 1.022627e+02
      vertex   -2.000000e+02 -7.836906e+01 1.016521e+02
    endloop
  endfacet
  facet normal -0.000000e+00 -7.771460e-01 -6.293204e-01
    outer loop
      vertex   -1.880000e+02 -7.836906e+01 1.016521e+02
      vertex   -2.000000e+02 -7.836906e+01 1.016521e+02
      vertex   -1.880000e+02 -7.782561e+01 1.009810e+02
    endloop
  endfacet
  facet normal -0.000000e+00 -7.771460e-01 -6.293204e-01
    outer loop
      vertex   -1.880000e+02 -7.782561e+01 1.009810e+02
      vertex   -2.000000e+02 -7.836906e+01 1.016521e+02
      vertex   -2.000000e+02 -7.782561e+01 1.009810e+02
    endloop
  endfacet
  facet normal -0.000000e+00 -8.386706e-01 -5.446390e-01
    outer loop
      vertex   -1.880000e+02 -7.782561e+01 1.009810e+02
      vertex   -2.000000e+02 -7.782561e+01 1.009810e+02
      vertex   -1.880000e+02 -7.735529e+01 1.002567e+02
    endloop
  endfacet
  facet normal -9.931855e-16 -8.386706e-01 -5.446390e-01
    outer loop
      vertex   -1.880000e+02 -7.735529e+01 1.002567e+02
      vertex   -2.000000e+02 -7.782561e+01 1.009810e+02
      vertex   -2.000000e+02 -7.735529e+01 1.002567e+02
    endloop
  endfacet
  facet normal -1.055164e-15 -8.910065e-01 -4.539905e-01
    outer loop
      vertex   -1.880000e+02 -7.735529e+01 1.002567e+02
      vertex   -2.000000e+02 -7.735529e+01 1.002567e+02
      vertex   -1.880000e+02 -7.696325e+01 9.948733e+01
    endloop
  endfacet
  facet normal -0.000000e+00 -8.910065e-01 -4.539905e-01
    outer loop
      vertex   -1.880000e+02 -7.696325e+01 9.948733e+01
      vertex   -2.000000e+02 -7.735529e+01 1.002567e+02
      vertex   -2.000000e+02 -7.696325e+01 9.948733e+01
    endloop
  endfacet
  facet normal -0.000000e+00 -9.335804e-01 -3.583679e-01
    outer loop
      vertex   -1.880000e+02 -7.696325e+01 9.948733e+01
      vertex   -2.000000e+02 -7.696325e+01 9.948733e+01
      vertex   -1.880000e+02 -7.665378e+01 9.868114e+01
    endloop
  endfacet
  facet normal -0.000000e+00 -9.335804e-01 -3.583679e-01
    outer loop
      vertex   -1.880000e+02 -7.665378e+01 9.868114e+01
      vertex   -2.000000e+02 -7.696325e+01 9.948733e+01
      vertex   -2.000000e+02 -7.665378e+01 9.868114e+01
    endloop
  endfacet
  facet normal -0.000000e+00 -9.659258e-01 -2.588190e-01
    outer loop
      vertex   -1.880000e+02 -7.665378e+01 9.868114e+01
      vertex   -2.000000e+02 -7.665378e+01 9.868114e+01
      vertex   -1.880000e+02 -7.643028e+01 9.784702e+01
    endloop
  endfacet
  facet normal -0.000000e+00 -9.659258e-01 -2.588190e-01
    outer loop
      vertex   -1.880000e+02 -7.643028e+01 9.784702e+01
      vertex   -2.000000e+02 -7.665378e+01 9.868114e+01
      vertex   -2.000000e+02 -7.643028e+01 9.784702e+01
    endloop
  endfacet
  facet normal -0.000000e+00 -9.876883e-01 -1.564345e-01
    outer loop
      vertex   -1.880000e+02 -7.643028e+01 9.784702e+01
      vertex   -2.000000e+02 -7.643028e+01 9.784702e+01
      vertex   -1.880000e+02 -7.629519e+01 9.699411e+01
    endloop
  endfacet
  facet normal -0.000000e+00 -9.876883e-01 -1.564345e-01
    outer loop
      vertex   -1.880000e+02 -7.629519e+01 9.699411e+01
      vertex   -2.000000e+02 -7.643028e+01 9.784702e+01
      vertex   -2.000000e+02 -7.629519e+01 9.699411e+01
    endloop
  endfacet
  facet normal -0.000000e+00 -9.986295e-01 -5.233596e-02
    outer loop
      vertex   -1.880000e+02 -7.629519e+01 9.699411e+01
      vertex   -2.000000e+02 -7.629519e+01 9.699411e+01
      vertex   -1.880000e+02 -7.625000e+01 9.613175e+01
    endloop
  endfacet
  facet normal -0.000000e+00 -9.986295e-01 -5.233596e-02
    outer loop
      vertex   -1.880000e+02 -7.625000e+01 9.613175e+01
      vertex   -2.000000e+02 -7.629519e+01 9.699411e+01
      vertex   -2.000000e+02 -7.625000e+01 9.613175e+01
    endloop
  endfacet
  facet normal 0.000000e+00 -9.986295e-01 5.233596e-02
    outer loop
      vertex   -1.880000e+02 -7.625000e+01 9.613175e+01
      vertex   -2.000000e+02 -7.625000e+01 9.613175e+01
      vertex   -1.880000e+02 -7.629519e+01 9.526939e+01
    endloop
  endfacet
  facet normal 0.000000e+00 -9.986295e-01 5.233596e-02
    outer loop
      vertex   -1.880000e+02 -7.629519e+01 9.526939e+01
      vertex   -2.000000e+02 -7.625000e+01 9.613175e+01
      vertex   -2.000000e+02 -7.629519e+01 9.526939e+01
    endloop
  endfacet
  facet normal 0.000000e+00 -9.876883e-01 1.564345e-01
    outer loop
      vertex   -1.880000e+02 -7.629519e+01 9.526939e+01
      vertex   -2.000000e+02 -7.629519e+01 9.526939e+01
      vertex   -1.880000e+02 -7.643028e+01 9.441648e+01
    endloop
  endfacet
  facet normal 0.000000e+00 -9.876883e-01 1.564345e-01
    outer loop
      vertex   -1.880000e+02 -7.643028e+01 9.441648e+01
      vertex   -2.000000e+02 -7.629519e+01 9.526939e+01
      vertex   -2.000000e+02 -7.643028e+01 9.441648e+01
    endloop
  endfacet
  facet normal 0.000000e+00 -9.659258e-01 2.588190e-01
    outer loop
      vertex   -1.880000e+02 -7.643028e+01 9.441648e+01
      vertex   -2.000000e+02 -7.643028e+01 9.441648e+01
      vertex   -1.880000e+02 -7.665378e+01 9.358236e+01
    endloop
  endfacet
  facet normal 0.000000e+00 -9.659258e-01 2.588190e-01
    outer loop
      vertex   -1.880000e+02 -7.665378e+01 9.358236e+01
      vertex   -2.000000e+02 -7.643028e+01 9.441648e+01
      vertex   -2.000000e+02 -7.665378e+01 9.358236e+01
    endloop
  endfacet
  facet normal 0.000000e+00 -9.335804e-01 3.583679e-01
    outer loop
      vertex   -1.880000e+02 -7.665378e+01 9.358236e+01
      vertex   -2.000000e+02 -7.665378e+01 9.358236e+01
      vertex   -1.880000e+02 -7.696325e+01 9.277617e+01
    endloop
  endfacet
  facet normal 0.000000e+00 -9.335804e-01 3.583679e-01
    outer loop
      vertex   -1.880000e+02 -7.696325e+01 9.277617e+01
      vertex   -2.000000e+02 -7.665378e+01 9.358236e+01
      vertex   -2.000000e+02 -7.696325e+01 9.277617e+01
    endloop
  endfacet
  facet normal 0.000000e+00 -8.910065e-01 4.539905e-01
    outer loop
      vertex   -1.880000e+02 -7.696325e+01 9.277617e+01
      vertex   -2.000000e+02 -7.696325e+01 9.277617e+01
      vertex   -1.880000e+02 -7.735529e+01 9.200675e+01
    endloop
  endfacet
  facet normal 1.055164e-15 -8.910065e-01 4.539905e-01
    outer loop
      vertex   -1.880000e+02 -7.735529e+01 9.200675e+01
      vertex   -2.000000e+02 -7.696325e+01 9.277617e+01
      vertex   -2.000000e+02 -7.735529e+01 9.200675e+01
    endloop
  endfacet
  facet normal 9.931855e-16 -8.386706e-01 5.446390e-01
    outer loop
      vertex   -1.880000e+02 -7.735529e+01 9.200675e+01
      vertex   -2.000000e+02 -7.735529e+01 9.200675e+01
      vertex   -1.880000e+02 -7.782561e+01 9.128252e+01
    endloop
  endfacet
  facet normal 0.000000e+00 -8.386706e-01 5.446390e-01
    outer loop
      vertex   -1.880000e+02 -7.782561e+01 9.128252e+01
      vertex   -2.000000e+02 -7.735529e+01 9.200675e+01
      vertex   -2.000000e+02 -7.782561e+01 9.128252e+01
    endloop
  endfacet
  facet normal 0.000000e+00 -7.771460e-01 6.293204e-01
    outer loop
      vertex   -1.880000e+02 -7.782561e+01 9.128252e+01
      vertex   -2.000000e+02 -7.782561e+01 9.128252e+01
      vertex   -1.880000e+02 -7.836906e+01 9.061142e+01
    endloop
  endfacet
  facet normal 0.000000e+00 -7.771460e-01 6.293204e-01
    outer loop
      vertex   -1.880000e+02 -7.836906e+01 9.061142e+01
      vertex   -2.000000e+02 -7.782561e+01 9.128252e+01
      vertex   -2.000000e+02 -7.836906e+01 9.061142e+01
    endloop
  endfacet
  facet normal 0.000000e+00 -7.071068e-01 7.071068e-01
    outer loop
      vertex   -1.880000e+02 -7.836906e+01 9.061142e+01
      vertex   -2.000000e+02 -7.836906e+01 9.061142e+01
      vertex   -1.880000e+02 -7.897967e+01 9.000081e+01
    endloop
  endfacet
  facet normal 0.000000e+00 -7.071068e-01 7.071068e-01
    outer loop
      vertex   -1.880000e+02 -7.897967e+01 9.000081e+01
      vertex   -2.000000e+02 -7.836906e+01 9.061142e+01
      vertex   -2.000000e+02 -7.897967e+01 9.000081e+01
    endloop
  endfacet
  facet normal 0.000000e+00 -6.293204e-01 7.771460e-01
    outer loop
      vertex   -1.880000e+02 -7.897967e+01 9.000081e+01
      vertex   -2.000000e+02 -7.897967e+01 9.000081e+01
      vertex   -1.880000e+02 -7.965077e+01 8.945736e+01
    endloop
  endfacet
  facet normal 0.000000e+00 -6.293204e-01 7.771460e-01
    outer loop
      vertex   -1.880000e+02 -7.965077e+01 8.945736e+01
      vertex   -2.000000e+02 -7.897967e+01 9.000081e+01
      vertex   -2.000000e+02 -7.965077e+01 8.945736e+01
    endloop
  endfacet
  facet normal 0.000000e+00 -5.446390e-01 8.386706e-01
    outer loop
      vertex   -1.880000e+02 -7.965077e+01 8.945736e+01
      vertex   -2.000000e+02 -7.965077e+01 8.945736e+01
      vertex   -1.880000e+02 -8.037500e+01 8.898704e+01
    endloop
  endfacet
  facet normal 0.000000e+00 -5.446390e-01 8.386706e-01
    outer loop
      vertex   -1.880000e+02 -8.037500e+01 8.898704e+01
      vertex   -2.000000e+02 -7.965077e+01 8.945736e+01
      vertex   -2.000000e+02 -8.037500e+01 8.898704e+01
    endloop
  endfacet
  facet normal 0.000000e+00 -4.539905e-01 8.910065e-01
    outer loop
      vertex   -1.880000e+02 -8.037500e+01 8.898704e+01
      vertex   -2.000000e+02 -8.037500e+01 8.898704e+01
      vertex   -1.880000e+02 -8.114442e+01 8.859500e+01
    endloop
  endfacet
  facet normal -1.055164e-15 -4.539905e-01 8.910065e-01
    outer loop
      vertex   -1.880000e+02 -8.114442e+01 8.859500e+01
      vertex   -2.000000e+02 -8.037500e+01 8.898704e+01
      vertex   -2.000000e+02 -8.114442e+01 8.859500e+01
    endloop
  endfacet
  facet normal -1.105581e-15 -3.583679e-01 9.335804e-01
    outer loop
      vertex   -1.880000e+02 -8.114442e+01 8.859500e+01
      vertex   -2.000000e+02 -8.114442e+01 8.859500e+01
      vertex   -1.880000e+02 -8.195061e+01 8.828553e+01
    endloop
  endfacet
  facet normal 0.000000e+00 -3.583679e-01 9.335804e-01
    outer loop
      vertex   -1.880000e+02 -8.195061e+01 8.828553e+01
      vertex   -2.000000e+02 -8.114442e+01 8.859500e+01
      vertex   -2.000000e+02 -8.195061e+01 8.828553e+01
    endloop
  endfacet
  facet normal 0.000000e+00 -2.588190e-01 9.659258e-01
    outer loop
      vertex   -1.880000e+02 -8.195061e+01 8.828553e+01
      vertex   -2.000000e+02 -8.195061e+01 8.828553e+01
      vertex   -1.880000e+02 -8.278473e+01 8.806203e+01
    endloop
  endfacet
  facet normal 0.000000e+00 -2.588190e-01 9.659258e-01
    outer loop
      vertex   -1.880000e+02 -8.278473e+01 8.806203e+01
      vertex   -2.000000e+02 -8.195061e+01 8.828553e+01
      vertex   -2.000000e+02 -8.278473e+01 8.806203e+01
    endloop
  endfacet
  facet normal 0.000000e+00 -1.564345e-01 9.876883e-01
    outer loop
      vertex   -1.880000e+02 -8.278473e+01 8.806203e+01
      vertex   -2.000000e+02 -8.278473e+01 8.806203e+01
      vertex   -1.880000e+02 -8.363764e+01 8.792694e+01
    endloop
  endfacet
  facet normal 0.000000e+00 -1.564345e-01 9.876883e-01
    outer loop
      vertex   -1.880000e+02 -8.363764e+01 8.792694e+01
      vertex   -2.000000e+02 -8.278473e+01 8.806203e+01
      vertex   -2.000000e+02 -8.363764e+01 8.792694e+01
    endloop
  endfacet
  facet normal 0.000000e+00 -5.233596e-02 9.986295e-01
    outer loop
      vertex   -1.880000e+02 -8.363764e+01 8.792694e+01
      vertex   -2.000000e+02 -8.363764e+01 8.792694e+01
      vertex   -1.880000e+02 -8.450000e+01 8.788175e+01
    endloop
  endfacet
  facet normal 0.000000e+00 -5.233596e-02 9.986295e-01
    outer loop
      vertex   -1.880000e+02 -8.450000e+01 8.788175e+01
      vertex   -2.000000e+02 -8.363764e+01 8.792694e+01
      vertex   -2.000000e+02 -8.450000e+01 8.788175e+01
    endloop
  endfacet
  facet normal 0.000000e+00 -1.000000e+00 0.000000e+00
    outer loop
      vertex   -2.000000e+02 -8.450000e+01 1.083817e+02
      vertex   -2.000000e+02 -8.450000e+01 1.043817e+02
      vertex   -1.880000e+02 -8.450000e+01 1.083817e+02
    endloop
  endfacet
  facet normal 0.000000e+00 -1.000000e+00 -0.000000e+00
    outer loop
      vertex   -1.880000e+02 -8.450000e+01 1.083817e+02
      vertex   -2.000000e+02 -8.450000e+01 1.043817e+02
      vertex   -1.880000e+02 -8.450000e+01 1.043817e+02
    endloop
  endfacet
  facet normal -0.000000e+00 -8.829476e-01 -4.694716e-01
    outer loop
      vertex   -1.880000e+02 -8.218259e+01 1.097733e+02
      vertex   -1.880000e+02 -8.438295e+01 1.139116e+02
      vertex   -2.000000e+02 -8.218259e+01 1.097733e+02
    endloop
  endfacet
  facet normal -1.529831e-17 -8.829476e-01 -4.694716e-01
    outer loop
      vertex   -2.000000e+02 -8.218259e+01 1.097733e+02
      vertex   -1.880000e+02 -8.438295e+01 1.139116e+02
      vertex   -2.000000e+02 -8.438295e+01 1.139116e+02
    endloop
  endfacet
  facet normal 0.000000e+00 9.027157e-02 -9.959172e-01
    outer loop
      vertex   -2.000000e+02 -8.317380e+01 1.299537e+02
      vertex   -1.880000e+02 -8.317380e+01 1.299537e+02
      vertex   -2.000000e+02 -8.361490e+01 1.299138e+02
    endloop
  endfacet
  facet normal 0.000000e+00 9.027157e-02 -9.959172e-01
    outer loop
      vertex   -2.000000e+02 -8.361490e+01 1.299138e+02
      vertex   -1.880000e+02 -8.317380e+01 1.299537e+02
      vertex   -1.880000e+02 -8.361490e+01 1.299138e+02
    endloop
  endfacet
  facet normal 0.000000e+00 5.421019e-02 -9.985295e-01
    outer loop
      vertex   -2.000000e+02 -8.361490e+01 1.299138e+02
      vertex   -1.880000e+02 -8.361490e+01 1.299138e+02
      vertex   -1.880000e+02 -8.405716e+01 1.298898e+02
    endloop
  endfacet
  facet normal 0.000000e+00 1.807794e-02 -9.998366e-01
    outer loop
      vertex   -1.880000e+02 -8.450000e+01 1.298817e+02
      vertex   -2.000000e+02 -8.450000e+01 1.298817e+02
      vertex   -1.880000e+02 -8.405716e+01 1.298898e+02
    endloop
  endfacet
  facet normal 0.000000e+00 1.807794e-02 -9.998366e-01
    outer loop
      vertex   -1.880000e+02 -8.405716e+01 1.298898e+02
      vertex   -2.000000e+02 -8.450000e+01 1.298817e+02
      vertex   -2.000000e+02 -8.405716e+01 1.298898e+02
    endloop
  endfacet
  facet normal 0.000000e+00 5.421019e-02 -9.985295e-01
    outer loop
      vertex   -1.880000e+02 -8.405716e+01 1.298898e+02
      vertex   -2.000000e+02 -8.405716e+01 1.298898e+02
      vertex   -2.000000e+02 -8.361490e+01 1.299138e+02
    endloop
  endfacet
  facet normal 0.000000e+00 -1.000000e+00 0.000000e+00
    outer loop
      vertex   -2.000000e+02 -8.450000e+01 1.338817e+02
      vertex   -2.000000e+02 -8.450000e+01 1.298817e+02
      vertex   -1.880000e+02 -8.450000e+01 1.338817e+02
    endloop
  endfacet
  facet normal 0.000000e+00 -1.000000e+00 -0.000000e+00
    outer loop
      vertex   -1.880000e+02 -8.450000e+01 1.338817e+02
      vertex   -2.000000e+02 -8.450000e+01 1.298817e+02
      vertex   -1.880000e+02 -8.450000e+01 1.298817e+02
    endloop
  endfacet
  facet normal -0.000000e+00 -5.233596e-02 -9.986295e-01
    outer loop
      vertex   -1.880000e+02 -8.450000e+01 1.503817e+02
      vertex   -2.000000e+02 -8.450000e+01 1.503817e+02
      vertex   -1.880000e+02 -8.363764e+01 1.503366e+02
    endloop
  endfacet
  facet normal -0.000000e+00 -5.233596e-02 -9.986295e-01
    outer loop
      vertex   -1.880000e+02 -8.363764e+01 1.503366e+02
      vertex   -2.000000e+02 -8.450000e+01 1.503817e+02
      vertex   -2.000000e+02 -8.363764e+01 1.503366e+02
    endloop
  endfacet
  facet normal -0.000000e+00 -1.564345e-01 -9.876883e-01
    outer loop
      vertex   -1.880000e+02 -8.363764e+01 1.503366e+02
      vertex   -2.000000e+02 -8.363764e+01 1.503366e+02
      vertex   -1.880000e+02 -8.278473e+01 1.502015e+02
    endloop
  endfacet
  facet normal -0.000000e+00 -1.564345e-01 -9.876883e-01
    outer loop
      vertex   -1.880000e+02 -8.278473e+01 1.502015e+02
      vertex   -2.000000e+02 -8.363764e+01 1.503366e+02
      vertex   -2.000000e+02 -8.278473e+01 1.502015e+02
    endloop
  endfacet
  facet normal -0.000000e+00 -2.588190e-01 -9.659258e-01
    outer loop
      vertex   -1.880000e+02 -8.278473e+01 1.502015e+02
      vertex   -2.000000e+02 -8.278473e+01 1.502015e+02
      vertex   -1.880000e+02 -8.195061e+01 1.499780e+02
    endloop
  endfacet
  facet normal -0.000000e+00 -2.588190e-01 -9.659258e-01
    outer loop
      vertex   -1.880000e+02 -8.195061e+01 1.499780e+02
      vertex   -2.000000e+02 -8.278473e+01 1.502015e+02
      vertex   -2.000000e+02 -8.195061e+01 1.499780e+02
    endloop
  endfacet
  facet normal -0.000000e+00 -3.583679e-01 -9.335804e-01
    outer loop
      vertex   -1.880000e+02 -8.195061e+01 1.499780e+02
      vertex   -2.000000e+02 -8.195061e+01 1.499780e+02
      vertex   -1.880000e+02 -8.114442e+01 1.496685e+02
    endloop
  endfacet
  facet normal 2.211163e-15 -3.583679e-01 -9.335804e-01
    outer loop
      vertex   -1.880000e+02 -8.114442e+01 1.496685e+02
      vertex   -2.000000e+02 -8.195061e+01 1.499780e+02
      vertex   -2.000000e+02 -8.114442e+01 1.496685e+02
    endloop
  endfacet
  facet normal 2.110327e-15 -4.539905e-01 -8.910065e-01
    outer loop
      vertex   -1.880000e+02 -8.114442e+01 1.496685e+02
      vertex   -2.000000e+02 -8.114442e+01 1.496685e+02
      vertex   -1.880000e+02 -8.037500e+01 1.492765e+02
    endloop
  endfacet
  facet normal -0.000000e+00 -4.539905e-01 -8.910065e-01
    outer loop
      vertex   -1.880000e+02 -8.037500e+01 1.492765e+02
      vertex   -2.000000e+02 -8.114442e+01 1.496685e+02
      vertex   -2.000000e+02 -8.037500e+01 1.492765e+02
    endloop
  endfacet
  facet normal -0.000000e+00 -5.446390e-01 -8.386706e-01
    outer loop
      vertex   -1.880000e+02 -8.037500e+01 1.492765e+02
      vertex   -2.000000e+02 -8.037500e+01 1.492765e+02
      vertex   -1.880000e+02 -7.965077e+01 1.488061e+02
    endloop
  endfacet
  facet normal -0.000000e+00 -5.446390e-01 -8.386706e-01
    outer loop
      vertex   -1.880000e+02 -7.965077e+01 1.488061e+02
      vertex   -2.000000e+02 -8.037500e+01 1.492765e+02
      vertex   -2.000000e+02 -7.965077e+01 1.488061e+02
    endloop
  endfacet
  facet normal -0.000000e+00 -6.293204e-01 -7.771460e-01
    outer loop
      vertex   -1.880000e+02 -7.965077e+01 1.488061e+02
      vertex   -2.000000e+02 -7.965077e+01 1.488061e+02
      vertex   -1.880000e+02 -7.897967e+01 1.482627e+02
    endloop
  endfacet
  facet normal -0.000000e+00 -6.293204e-01 -7.771460e-01
    outer loop
      vertex   -1.880000e+02 -7.897967e+01 1.482627e+02
      vertex   -2.000000e+02 -7.965077e+01 1.488061e+02
      vertex   -2.000000e+02 -7.897967e+01 1.482627e+02
    endloop
  endfacet
  facet normal -0.000000e+00 -7.071068e-01 -7.071068e-01
    outer loop
      vertex   -1.880000e+02 -7.897967e+01 1.482627e+02
      vertex   -2.000000e+02 -7.897967e+01 1.482627e+02
      vertex   -1.880000e+02 -7.836906e+01 1.476521e+02
    endloop
  endfacet
  facet normal -0.000000e+00 -7.071068e-01 -7.071068e-01
    outer loop
      vertex   -1.880000e+02 -7.836906e+01 1.476521e+02
      vertex   -2.000000e+02 -7.897967e+01 1.482627e+02
      vertex   -2.000000e+02 -7.836906e+01 1.476521e+02
    endloop
  endfacet
  facet normal -0.000000e+00 -7.771460e-01 -6.293204e-01
    outer loop
      vertex   -1.880000e+02 -7.836906e+01 1.476521e+02
      vertex   -2.000000e+02 -7.836906e+01 1.476521e+02
      vertex   -1.880000e+02 -7.782561e+01 1.469810e+02
    endloop
  endfacet
  facet normal -0.000000e+00 -7.771460e-01 -6.293204e-01
    outer loop
      vertex   -1.880000e+02 -7.782561e+01 1.469810e+02
      vertex   -2.000000e+02 -7.836906e+01 1.476521e+02
      vertex   -2.000000e+02 -7.782561e+01 1.469810e+02
    endloop
  endfacet
  facet normal -0.000000e+00 -8.386706e-01 -5.446390e-01
    outer loop
      vertex   -1.880000e+02 -7.782561e+01 1.469810e+02
      vertex   -2.000000e+02 -7.782561e+01 1.469810e+02
      vertex   -1.880000e+02 -7.735529e+01 1.462567e+02
    endloop
  endfacet
  facet normal -9.931855e-16 -8.386706e-01 -5.446390e-01
    outer loop
      vertex   -1.880000e+02 -7.735529e+01 1.462567e+02
      vertex   -2.000000e+02 -7.782561e+01 1.469810e+02
      vertex   -2.000000e+02 -7.735529e+01 1.462567e+02
    endloop
  endfacet
  facet normal -1.055164e-15 -8.910065e-01 -4.539905e-01
    outer loop
      vertex   -1.880000e+02 -7.735529e+01 1.462567e+02
      vertex   -2.000000e+02 -7.735529e+01 1.462567e+02
      vertex   -1.880000e+02 -7.696325e+01 1.454873e+02
    endloop
  endfacet
  facet normal -0.000000e+00 -8.910065e-01 -4.539905e-01
    outer loop
      vertex   -1.880000e+02 -7.696325e+01 1.454873e+02
      vertex   -2.000000e+02 -7.735529e+01 1.462567e+02
      vertex   -2.000000e+02 -7.696325e+01 1.454873e+02
    endloop
  endfacet
  facet normal -0.000000e+00 -9.335804e-01 -3.583679e-01
    outer loop
      vertex   -1.880000e+02 -7.696325e+01 1.454873e+02
      vertex   -2.000000e+02 -7.696325e+01 1.454873e+02
      vertex   -1.880000e+02 -7.665378e+01 1.446811e+02
    endloop
  endfacet
  facet normal -0.000000e+00 -9.335804e-01 -3.583679e-01
    outer loop
      vertex   -1.880000e+02 -7.665378e+01 1.446811e+02
      vertex   -2.000000e+02 -7.696325e+01 1.454873e+02
      vertex   -2.000000e+02 -7.665378e+01 1.446811e+02
    endloop
  endfacet
  facet normal -0.000000e+00 -9.659258e-01 -2.588190e-01
    outer loop
      vertex   -1.880000e+02 -7.665378e+01 1.446811e+02
      vertex   -2.000000e+02 -7.665378e+01 1.446811e+02
      vertex   -1.880000e+02 -7.643028e+01 1.438470e+02
    endloop
  endfacet
  facet normal -0.000000e+00 -9.659258e-01 -2.588190e-01
    outer loop
      vertex   -1.880000e+02 -7.643028e+01 1.438470e+02
      vertex   -2.000000e+02 -7.665378e+01 1.446811e+02
      vertex   -2.000000e+02 -7.643028e+01 1.438470e+02
    endloop
  endfacet
  facet normal -0.000000e+00 -9.876883e-01 -1.564345e-01
    outer loop
      vertex   -1.880000e+02 -7.643028e+01 1.438470e+02
      vertex   -2.000000e+02 -7.643028e+01 1.438470e+02
      vertex   -1.880000e+02 -7.629519e+01 1.429941e+02
    endloop
  endfacet
  facet normal -0.000000e+00 -9.876883e-01 -1.564345e-01
    outer loop
      vertex   -1.880000e+02 -7.629519e+01 1.429941e+02
      vertex   -2.000000e+02 -7.643028e+01 1.438470e+02
      vertex   -2.000000e+02 -7.629519e+01 1.429941e+02
    endloop
  endfacet
  facet normal -0.000000e+00 -9.986295e-01 -5.233596e-02
    outer loop
      vertex   -1.880000e+02 -7.629519e+01 1.429941e+02
      vertex   -2.000000e+02 -7.629519e+01 1.429941e+02
      vertex   -1.880000e+02 -7.625000e+01 1.421317e+02
    endloop
  endfacet
  facet normal -0.000000e+00 -9.986295e-01 -5.233596e-02
    outer loop
      vertex   -1.880000e+02 -7.625000e+01 1.421317e+02
      vertex   -2.000000e+02 -7.629519e+01 1.429941e+02
      vertex   -2.000000e+02 -7.625000e+01 1.421317e+02
    endloop
  endfacet
  facet normal 0.000000e+00 -9.986295e-01 5.233596e-02
    outer loop
      vertex   -1.880000e+02 -7.625000e+01 1.421317e+02
      vertex   -2.000000e+02 -7.625000e+01 1.421317e+02
      vertex   -1.880000e+02 -7.629519e+01 1.412694e+02
    endloop
  endfacet
  facet normal 0.000000e+00 -9.986295e-01 5.233596e-02
    outer loop
      vertex   -1.880000e+02 -7.629519e+01 1.412694e+02
      vertex   -2.000000e+02 -7.625000e+01 1.421317e+02
      vertex   -2.000000e+02 -7.629519e+01 1.412694e+02
    endloop
  endfacet
  facet normal 0.000000e+00 -9.876883e-01 1.564345e-01
    outer loop
      vertex   -1.880000e+02 -7.629519e+01 1.412694e+02
      vertex   -2.000000e+02 -7.629519e+01 1.412694e+02
      vertex   -1.880000e+02 -7.643028e+01 1.404165e+02
    endloop
  endfacet
  facet normal 0.000000e+00 -9.876883e-01 1.564345e-01
    outer loop
      vertex   -1.880000e+02 -7.643028e+01 1.404165e+02
      vertex   -2.000000e+02 -7.629519e+01 1.412694e+02
      vertex   -2.000000e+02 -7.643028e+01 1.404165e+02
    endloop
  endfacet
  facet normal 0.000000e+00 -9.659258e-01 2.588190e-01
    outer loop
      vertex   -1.880000e+02 -7.643028e+01 1.404165e+02
      vertex   -2.000000e+02 -7.643028e+01 1.404165e+02
      vertex   -1.880000e+02 -7.665378e+01 1.395824e+02
    endloop
  endfacet
  facet normal 0.000000e+00 -9.659258e-01 2.588190e-01
    outer loop
      vertex   -1.880000e+02 -7.665378e+01 1.395824e+02
      vertex   -2.000000e+02 -7.643028e+01 1.404165e+02
      vertex   -2.000000e+02 -7.665378e+01 1.395824e+02
    endloop
  endfacet
  facet normal 0.000000e+00 -9.335804e-01 3.583679e-01
    outer loop
      vertex   -1.880000e+02 -7.665378e+01 1.395824e+02
      vertex   -2.000000e+02 -7.665378e+01 1.395824e+02
      vertex   -1.880000e+02 -7.696325e+01 1.387762e+02
    endloop
  endfacet
  facet normal 0.000000e+00 -9.335804e-01 3.583679e-01
    outer loop
      vertex   -1.880000e+02 -7.696325e+01 1.387762e+02
      vertex   -2.000000e+02 -7.665378e+01 1.395824e+02
      vertex   -2.000000e+02 -7.696325e+01 1.387762e+02
    endloop
  endfacet
  facet normal 0.000000e+00 -8.910065e-01 4.539905e-01
    outer loop
      vertex   -1.880000e+02 -7.696325e+01 1.387762e+02
      vertex   -2.000000e+02 -7.696325e+01 1.387762e+02
      vertex   -1.880000e+02 -7.735529e+01 1.380067e+02
    endloop
  endfacet
  facet normal 1.055164e-15 -8.910065e-01 4.539905e-01
    outer loop
      vertex   -1.880000e+02 -7.735529e+01 1.380067e+02
      vertex   -2.000000e+02 -7.696325e+01 1.387762e+02
      vertex   -2.000000e+02 -7.735529e+01 1.380067e+02
    endloop
  endfacet
  facet normal 9.931855e-16 -8.386706e-01 5.446390e-01
    outer loop
      vertex   -1.880000e+02 -7.735529e+01 1.380067e+02
      vertex   -2.000000e+02 -7.735529e+01 1.380067e+02
      vertex   -1.880000e+02 -7.782561e+01 1.372825e+02
    endloop
  endfacet
  facet normal 0.000000e+00 -8.386706e-01 5.446390e-01
    outer loop
      vertex   -1.880000e+02 -7.782561e+01 1.372825e+02
      vertex   -2.000000e+02 -7.735529e+01 1.380067e+02
      vertex   -2.000000e+02 -7.782561e+01 1.372825e+02
    endloop
  endfacet
  facet normal 0.000000e+00 -7.771460e-01 6.293204e-01
    outer loop
      vertex   -1.880000e+02 -7.782561e+01 1.372825e+02
      vertex   -2.000000e+02 -7.782561e+01 1.372825e+02
      vertex   -1.880000e+02 -7.836906e+01 1.366114e+02
    endloop
  endfacet
  facet normal 0.000000e+00 -7.771460e-01 6.293204e-01
    outer loop
      vertex   -1.880000e+02 -7.836906e+01 1.366114e+02
      vertex   -2.000000e+02 -7.782561e+01 1.372825e+02
      vertex   -2.000000e+02 -7.836906e+01 1.366114e+02
    endloop
  endfacet
  facet normal 0.000000e+00 -7.071068e-01 7.071068e-01
    outer loop
      vertex   -1.880000e+02 -7.836906e+01 1.366114e+02
      vertex   -2.000000e+02 -7.836906e+01 1.366114e+02
      vertex   -1.880000e+02 -7.897967e+01 1.360008e+02
    endloop
  endfacet
  facet normal 0.000000e+00 -7.071068e-01 7.071068e-01
    outer loop
      vertex   -1.880000e+02 -7.897967e+01 1.360008e+02
      vertex   -2.000000e+02 -7.836906e+01 1.366114e+02
      vertex   -2.000000e+02 -7.897967e+01 1.360008e+02
    endloop
  endfacet
  facet normal 0.000000e+00 -6.293204e-01 7.771460e-01
    outer loop
      vertex   -1.880000e+02 -7.897967e+01 1.360008e+02
      vertex   -2.000000e+02 -7.897967e+01 1.360008e+02
      vertex   -1.880000e+02 -7.965077e+01 1.354574e+02
    endloop
  endfacet
  facet normal 0.000000e+00 -6.293204e-01 7.771460e-01
    outer loop
      vertex   -1.880000e+02 -7.965077e+01 1.354574e+02
      vertex   -2.000000e+02 -7.897967e+01 1.360008e+02
      vertex   -2.000000e+02 -7.965077e+01 1.354574e+02
    endloop
  endfacet
  facet normal 0.000000e+00 -5.446390e-01 8.386706e-01
    outer loop
      vertex   -1.880000e+02 -7.965077e+01 1.354574e+02
      vertex   -2.000000e+02 -7.965077e+01 1.354574e+02
      vertex   -1.880000e+02 -8.037500e+01 1.349870e+02
    endloop
  endfacet
  facet normal 0.000000e+00 -5.446390e-01 8.386706e-01
    outer loop
      vertex   -1.880000e+02 -8.037500e+01 1.349870e+02
      vertex   -2.000000e+02 -7.965077e+01 1.354574e+02
      vertex   -2.000000e+02 -8.037500e+01 1.349870e+02
    endloop
  endfacet
  facet normal 0.000000e+00 -4.539905e-01 8.910065e-01
    outer loop
      vertex   -1.880000e+02 -8.037500e+01 1.349870e+02
      vertex   -2.000000e+02 -8.037500e+01 1.349870e+02
      vertex   -1.880000e+02 -8.114442e+01 1.345950e+02
    endloop
  endfacet
  facet normal -2.110327e-15 -4.539905e-01 8.910065e-01
    outer loop
      vertex   -1.880000e+02 -8.114442e+01 1.345950e+02
      vertex   -2.000000e+02 -8.037500e+01 1.349870e+02
      vertex   -2.000000e+02 -8.114442e+01 1.345950e+02
    endloop
  endfacet
  facet normal -2.211163e-15 -3.583679e-01 9.335804e-01
    outer loop
      vertex   -1.880000e+02 -8.114442e+01 1.345950e+02
      vertex   -2.000000e+02 -8.114442e+01 1.345950e+02
      vertex   -1.880000e+02 -8.195061e+01 1.342855e+02
    endloop
  endfacet
  facet normal 0.000000e+00 -3.583679e-01 9.335804e-01
    outer loop
      vertex   -1.880000e+02 -8.195061e+01 1.342855e+02
      vertex   -2.000000e+02 -8.114442e+01 1.345950e+02
      vertex   -2.000000e+02 -8.195061e+01 1.342855e+02
    endloop
  endfacet
  facet normal 0.000000e+00 -2.588190e-01 9.659258e-01
    outer loop
      vertex   -1.880000e+02 -8.195061e+01 1.342855e+02
      vertex   -2.000000e+02 -8.195061e+01 1.342855e+02
      vertex   -1.880000e+02 -8.278473e+01 1.340620e+02
    endloop
  endfacet
  facet normal 0.000000e+00 -2.588190e-01 9.659258e-01
    outer loop
      vertex   -1.880000e+02 -8.278473e+01 1.340620e+02
      vertex   -2.000000e+02 -8.195061e+01 1.342855e+02
      vertex   -2.000000e+02 -8.278473e+01 1.340620e+02
    endloop
  endfacet
  facet normal 0.000000e+00 -1.564345e-01 9.876883e-01
    outer loop
      vertex   -1.880000e+02 -8.278473e+01 1.340620e+02
      vertex   -2.000000e+02 -8.278473e+01 1.340620e+02
      vertex   -1.880000e+02 -8.363764e+01 1.339269e+02
    endloop
  endfacet
  facet normal 0.000000e+00 -1.564345e-01 9.876883e-01
    outer loop
      vertex   -1.880000e+02 -8.363764e+01 1.339269e+02
      vertex   -2.000000e+02 -8.278473e+01 1.340620e+02
      vertex   -2.000000e+02 -8.363764e+01 1.339269e+02
    endloop
  endfacet
  facet normal 0.000000e+00 -5.233596e-02 9.986295e-01
    outer loop
      vertex   -1.880000e+02 -8.363764e+01 1.339269e+02
      vertex   -2.000000e+02 -8.363764e+01 1.339269e+02
      vertex   -1.880000e+02 -8.450000e+01 1.338817e+02
    endloop
  endfacet
  facet normal 0.000000e+00 -5.233596e-02 9.986295e-01
    outer loop
      vertex   -1.880000e+02 -8.450000e+01 1.338817e+02
      vertex   -2.000000e+02 -8.363764e+01 1.339269e+02
      vertex   -2.000000e+02 -8.450000e+01 1.338817e+02
    endloop
  endfacet
  facet normal 0.000000e+00 -1.000000e+00 0.000000e+00
    outer loop
      vertex   -2.000000e+02 -8.450000e+01 1.543817e+02
      vertex   -2.000000e+02 -8.450000e+01 1.503817e+02
      vertex   -1.880000e+02 -8.450000e+01 1.543817e+02
    endloop
  endfacet
  facet normal 0.000000e+00 -1.000000e+00 -0.000000e+00
    outer loop
      vertex   -1.880000e+02 -8.450000e+01 1.543817e+02
      vertex   -2.000000e+02 -8.450000e+01 1.503817e+02
      vertex   -1.880000e+02 -8.450000e+01 1.503817e+02
    endloop
  endfacet
  facet normal 0.000000e+00 7.850396e-01 -6.194456e-01
    outer loop
      vertex   -1.880000e+02 -7.521229e+01 1.341442e+02
      vertex   -2.000000e+02 -7.521229e+01 1.341442e+02
      vertex   -1.880000e+02 -7.457140e+01 1.349564e+02
    endloop
  endfacet
  facet normal 0.000000e+00 7.850396e-01 -6.194456e-01
    outer loop
      vertex   -1.880000e+02 -7.457140e+01 1.349564e+02
      vertex   -2.000000e+02 -7.521229e+01 1.341442e+02
      vertex   -2.000000e+02 -7.457140e+01 1.349564e+02
    endloop
  endfacet
  facet normal 0.000000e+00 8.345108e-01 -5.509917e-01
    outer loop
      vertex   -1.880000e+02 -7.457140e+01 1.349564e+02
      vertex   -2.000000e+02 -7.457140e+01 1.349564e+02
      vertex   -1.880000e+02 -7.400133e+01 1.358198e+02
    endloop
  endfacet
  facet normal 0.000000e+00 8.345108e-01 -5.509917e-01
    outer loop
      vertex   -1.880000e+02 -7.400133e+01 1.358198e+02
      vertex   -2.000000e+02 -7.457140e+01 1.349564e+02
      vertex   -2.000000e+02 -7.400133e+01 1.358198e+02
    endloop
  endfacet
  facet normal 0.000000e+00 8.780291e-01 -4.786073e-01
    outer loop
      vertex   -1.880000e+02 -7.400133e+01 1.358198e+02
      vertex   -2.000000e+02 -7.400133e+01 1.358198e+02
      vertex   -1.880000e+02 -7.350615e+01 1.367283e+02
    endloop
  endfacet
  facet normal 0.000000e+00 8.780291e-01 -4.786073e-01
    outer loop
      vertex   -1.880000e+02 -7.350615e+01 1.367283e+02
      vertex   -2.000000e+02 -7.400133e+01 1.358198e+02
      vertex   -2.000000e+02 -7.350615e+01 1.367283e+02
    endloop
  endfacet
  facet normal 0.000000e+00 9.152841e-01 -4.028088e-01
    outer loop
      vertex   -1.880000e+02 -7.350615e+01 1.367283e+02
      vertex   -2.000000e+02 -7.350615e+01 1.367283e+02
      vertex   -1.880000e+02 -7.308939e+01 1.376752e+02
    endloop
  endfacet
  facet normal 0.000000e+00 9.152841e-01 -4.028088e-01
    outer loop
      vertex   -1.880000e+02 -7.308939e+01 1.376752e+02
      vertex   -2.000000e+02 -7.350615e+01 1.367283e+02
      vertex   -2.000000e+02 -7.308939e+01 1.376752e+02
    endloop
  endfacet
  facet normal 0.000000e+00 9.460102e-01 -3.241370e-01
    outer loop
      vertex   -1.880000e+02 -7.308939e+01 1.376752e+02
      vertex   -2.000000e+02 -7.308939e+01 1.376752e+02
      vertex   -1.880000e+02 -7.275403e+01 1.386540e+02
    endloop
  endfacet
  facet normal 0.000000e+00 9.460102e-01 -3.241370e-01
    outer loop
      vertex   -1.880000e+02 -7.275403e+01 1.386540e+02
      vertex   -2.000000e+02 -7.308939e+01 1.376752e+02
      vertex   -2.000000e+02 -7.275403e+01 1.386540e+02
    endloop
  endfacet
  facet normal 0.000000e+00 9.699880e-01 -2.431530e-01
    outer loop
      vertex   -1.880000e+02 -7.275403e+01 1.386540e+02
      vertex   -2.000000e+02 -7.275403e+01 1.386540e+02
      vertex   -1.880000e+02 -7.250246e+01 1.396576e+02
    endloop
  endfacet
  facet normal 0.000000e+00 9.699880e-01 -2.431530e-01
    outer loop
      vertex   -1.880000e+02 -7.250246e+01 1.396576e+02
      vertex   -2.000000e+02 -7.275403e+01 1.386540e+02
      vertex   -2.000000e+02 -7.250246e+01 1.396576e+02
    endloop
  endfacet
  facet normal 0.000000e+00 9.870465e-01 -1.604345e-01
    outer loop
      vertex   -1.880000e+02 -7.250246e+01 1.396576e+02
      vertex   -2.000000e+02 -7.250246e+01 1.396576e+02
      vertex   -1.880000e+02 -7.233647e+01 1.406788e+02
    endloop
  endfacet
  facet normal 0.000000e+00 9.870465e-01 -1.604345e-01
    outer loop
      vertex   -1.880000e+02 -7.233647e+01 1.406788e+02
      vertex   -2.000000e+02 -7.250246e+01 1.396576e+02
      vertex   -2.000000e+02 -7.233647e+01 1.406788e+02
    endloop
  endfacet
  facet normal 0.000000e+00 9.970641e-01 -7.657155e-02
    outer loop
      vertex   -1.880000e+02 -7.233647e+01 1.406788e+02
      vertex   -2.000000e+02 -7.233647e+01 1.406788e+02
      vertex   -1.880000e+02 -7.225725e+01 1.417104e+02
    endloop
  endfacet
  facet normal 0.000000e+00 9.970641e-01 -7.657155e-02
    outer loop
      vertex   -1.880000e+02 -7.225725e+01 1.417104e+02
      vertex   -2.000000e+02 -7.233647e+01 1.406788e+02
      vertex   -2.000000e+02 -7.225725e+01 1.417104e+02
    endloop
  endfacet
  facet normal 0.000000e+00 9.999693e-01 7.837599e-03
    outer loop
      vertex   -1.880000e+02 -7.225725e+01 1.417104e+02
      vertex   -2.000000e+02 -7.225725e+01 1.417104e+02
      vertex   -1.880000e+02 -7.226536e+01 1.427450e+02
    endloop
  endfacet
  facet normal 0.000000e+00 9.999693e-01 7.837599e-03
    outer loop
      vertex   -1.880000e+02 -7.226536e+01 1.427450e+02
      vertex   -2.000000e+02 -7.225725e+01 1.417104e+02
      vertex   -2.000000e+02 -7.226536e+01 1.427450e+02
    endloop
  endfacet
  facet normal 0.000000e+00 9.957414e-01 9.219084e-02
    outer loop
      vertex   -1.880000e+02 -7.226536e+01 1.427450e+02
      vertex   -2.000000e+02 -7.226536e+01 1.427450e+02
      vertex   -1.880000e+02 -7.236074e+01 1.437752e+02
    endloop
  endfacet
  facet normal 0.000000e+00 9.957414e-01 9.219084e-02
    outer loop
      vertex   -1.880000e+02 -7.236074e+01 1.437752e+02
      vertex   -2.000000e+02 -7.226536e+01 1.427450e+02
      vertex   -2.000000e+02 -7.236074e+01 1.437752e+02
    endloop
  endfacet
  facet normal 0.000000e+00 9.844105e-01 1.758864e-01
    outer loop
      vertex   -1.880000e+02 -7.236074e+01 1.437752e+02
      vertex   -2.000000e+02 -7.236074e+01 1.437752e+02
      vertex   -1.880000e+02 -7.254272e+01 1.447937e+02
    endloop
  endfacet
  facet normal 0.000000e+00 9.844105e-01 1.758864e-01
    outer loop
      vertex   -1.880000e+02 -7.254272e+01 1.447937e+02
      vertex   -2.000000e+02 -7.236074e+01 1.437752e+02
      vertex   -2.000000e+02 -7.254272e+01 1.447937e+02
    endloop
  endfacet
  facet normal 0.000000e+00 9.660574e-01 2.583274e-01
    outer loop
      vertex   -1.880000e+02 -7.254272e+01 1.447937e+02
      vertex   -2.000000e+02 -7.254272e+01 1.447937e+02
      vertex   -1.880000e+02 -7.280999e+01 1.457932e+02
    endloop
  endfacet
  facet normal 0.000000e+00 9.660574e-01 2.583274e-01
    outer loop
      vertex   -1.880000e+02 -7.280999e+01 1.457932e+02
      vertex   -2.000000e+02 -7.254272e+01 1.447937e+02
      vertex   -2.000000e+02 -7.280999e+01 1.457932e+02
    endloop
  endfacet
  facet normal 0.000000e+00 9.408132e-01 3.389256e-01
    outer loop
      vertex   -1.880000e+02 -7.280999e+01 1.457932e+02
      vertex   -2.000000e+02 -7.280999e+01 1.457932e+02
      vertex   -1.880000e+02 -7.316065e+01 1.467666e+02
    endloop
  endfacet
  facet normal 0.000000e+00 9.408132e-01 3.389256e-01
    outer loop
      vertex   -1.880000e+02 -7.316065e+01 1.467666e+02
      vertex   -2.000000e+02 -7.280999e+01 1.457932e+02
      vertex   -2.000000e+02 -7.316065e+01 1.467666e+02
    endloop
  endfacet
  facet normal 0.000000e+00 9.088578e-01 4.171062e-01
    outer loop
      vertex   -1.880000e+02 -7.316065e+01 1.467666e+02
      vertex   -2.000000e+02 -7.316065e+01 1.467666e+02
      vertex   -1.880000e+02 -7.359220e+01 1.477069e+02
    endloop
  endfacet
  facet normal 0.000000e+00 9.088578e-01 4.171062e-01
    outer loop
      vertex   -1.880000e+02 -7.359220e+01 1.477069e+02
      vertex   -2.000000e+02 -7.316065e+01 1.467666e+02
      vertex   -2.000000e+02 -7.359220e+01 1.477069e+02
    endloop
  endfacet
  facet normal 0.000000e+00 8.704192e-01 4.923113e-01
    outer loop
      vertex   -1.880000e+02 -7.359220e+01 1.477069e+02
      vertex   -2.000000e+02 -7.359220e+01 1.477069e+02
      vertex   -1.880000e+02 -7.410156e+01 1.486075e+02
    endloop
  endfacet
  facet normal 0.000000e+00 8.704192e-01 4.923113e-01
    outer loop
      vertex   -1.880000e+02 -7.410156e+01 1.486075e+02
      vertex   -2.000000e+02 -7.359220e+01 1.477069e+02
      vertex   -2.000000e+02 -7.410156e+01 1.486075e+02
    endloop
  endfacet
  facet normal 0.000000e+00 8.257716e-01 5.640047e-01
    outer loop
      vertex   -1.880000e+02 -7.410156e+01 1.486075e+02
      vertex   -2.000000e+02 -7.410156e+01 1.486075e+02
      vertex   -1.880000e+02 -7.468509e+01 1.494618e+02
    endloop
  endfacet
  facet normal 0.000000e+00 8.257716e-01 5.640047e-01
    outer loop
      vertex   -1.880000e+02 -7.468509e+01 1.494618e+02
      vertex   -2.000000e+02 -7.410156e+01 1.486075e+02
      vertex   -2.000000e+02 -7.468509e+01 1.494618e+02
    endloop
  endfacet
  facet normal 0.000000e+00 7.752335e-01 6.316748e-01
    outer loop
      vertex   -1.880000e+02 -7.468509e+01 1.494618e+02
      vertex   -2.000000e+02 -7.468509e+01 1.494618e+02
      vertex   -1.880000e+02 -7.533863e+01 1.502639e+02
    endloop
  endfacet
  facet normal 0.000000e+00 7.752335e-01 6.316748e-01
    outer loop
      vertex   -1.880000e+02 -7.533863e+01 1.502639e+02
      vertex   -2.000000e+02 -7.468509e+01 1.494618e+02
      vertex   -2.000000e+02 -7.533863e+01 1.502639e+02
    endloop
  endfacet
  facet normal 0.000000e+00 7.191654e-01 6.948390e-01
    outer loop
      vertex   -1.880000e+02 -7.533863e+01 1.502639e+02
      vertex   -2.000000e+02 -7.533863e+01 1.502639e+02
      vertex   -1.880000e+02 -7.605753e+01 1.510080e+02
    endloop
  endfacet
  facet normal 0.000000e+00 7.191654e-01 6.948390e-01
    outer loop
      vertex   -1.880000e+02 -7.605753e+01 1.510080e+02
      vertex   -2.000000e+02 -7.533863e+01 1.502639e+02
      vertex   -2.000000e+02 -7.605753e+01 1.510080e+02
    endloop
  endfacet
  facet normal 0.000000e+00 6.579672e-01 7.530466e-01
    outer loop
      vertex   -1.880000e+02 -7.605753e+01 1.510080e+02
      vertex   -2.000000e+02 -7.605753e+01 1.510080e+02
      vertex   -1.880000e+02 -7.683665e+01 1.516887e+02
    endloop
  endfacet
  facet normal 0.000000e+00 6.579672e-01 7.530466e-01
    outer loop
      vertex   -1.880000e+02 -7.683665e+01 1.516887e+02
      vertex   -2.000000e+02 -7.605753e+01 1.510080e+02
      vertex   -2.000000e+02 -7.683665e+01 1.516887e+02
    endloop
  endfacet
  facet normal 0.000000e+00 5.920755e-01 8.058825e-01
    outer loop
      vertex   -1.880000e+02 -7.683665e+01 1.516887e+02
      vertex   -2.000000e+02 -7.683665e+01 1.516887e+02
      vertex   -1.880000e+02 -7.767044e+01 1.523013e+02
    endloop
  endfacet
  facet normal 0.000000e+00 5.920755e-01 8.058825e-01
    outer loop
      vertex   -1.880000e+02 -7.767044e+01 1.523013e+02
      vertex   -2.000000e+02 -7.683665e+01 1.516887e+02
      vertex   -2.000000e+02 -7.767044e+01 1.523013e+02
    endloop
  endfacet
  facet normal 0.000000e+00 5.219604e-01 8.529697e-01
    outer loop
      vertex   -1.880000e+02 -7.767044e+01 1.523013e+02
      vertex   -2.000000e+02 -7.767044e+01 1.523013e+02
      vertex   -1.880000e+02 -7.855294e+01 1.528413e+02
    endloop
  endfacet
  facet normal 0.000000e+00 5.219604e-01 8.529697e-01
    outer loop
      vertex   -1.880000e+02 -7.855294e+01 1.528413e+02
      vertex   -2.000000e+02 -7.767044e+01 1.523013e+02
      vertex   -2.000000e+02 -7.855294e+01 1.528413e+02
    endloop
  endfacet
  facet normal 0.000000e+00 4.481219e-01 8.939725e-01
    outer loop
      vertex   -1.880000e+02 -7.855294e+01 1.528413e+02
      vertex   -2.000000e+02 -7.855294e+01 1.528413e+02
      vertex   -1.880000e+02 -7.947787e+01 1.533050e+02
    endloop
  endfacet
  facet normal 0.000000e+00 4.481219e-01 8.939725e-01
    outer loop
      vertex   -1.880000e+02 -7.947787e+01 1.533050e+02
      vertex   -2.000000e+02 -7.855294e+01 1.528413e+02
      vertex   -2.000000e+02 -7.947787e+01 1.533050e+02
    endloop
  endfacet
  facet normal 0.000000e+00 3.710868e-01 9.285982e-01
    outer loop
      vertex   -1.880000e+02 -7.947787e+01 1.533050e+02
      vertex   -2.000000e+02 -7.947787e+01 1.533050e+02
      vertex   -1.880000e+02 -8.043862e+01 1.536889e+02
    endloop
  endfacet
  facet normal 0.000000e+00 3.710868e-01 9.285982e-01
    outer loop
      vertex   -1.880000e+02 -8.043862e+01 1.536889e+02
      vertex   -2.000000e+02 -7.947787e+01 1.533050e+02
      vertex   -2.000000e+02 -8.043862e+01 1.536889e+02
    endloop
  endfacet
  facet normal 0.000000e+00 2.914046e-01 9.565999e-01
    outer loop
      vertex   -1.880000e+02 -8.043862e+01 1.536889e+02
      vertex   -2.000000e+02 -8.043862e+01 1.536889e+02
      vertex   -1.880000e+02 -8.142834e+01 1.539904e+02
    endloop
  endfacet
  facet normal 0.000000e+00 2.914046e-01 9.565999e-01
    outer loop
      vertex   -1.880000e+02 -8.142834e+01 1.539904e+02
      vertex   -2.000000e+02 -8.043862e+01 1.536889e+02
      vertex   -2.000000e+02 -8.142834e+01 1.539904e+02
    endloop
  endfacet
  facet normal 0.000000e+00 2.096438e-01 9.777778e-01
    outer loop
      vertex   -1.880000e+02 -8.142834e+01 1.539904e+02
      vertex   -2.000000e+02 -8.142834e+01 1.539904e+02
      vertex   -1.880000e+02 -8.243997e+01 1.542073e+02
    endloop
  endfacet
  facet normal 0.000000e+00 2.096438e-01 9.777778e-01
    outer loop
      vertex   -1.880000e+02 -8.243997e+01 1.542073e+02
      vertex   -2.000000e+02 -8.142834e+01 1.539904e+02
      vertex   -2.000000e+02 -8.243997e+01 1.542073e+02
    endloop
  endfacet
  facet normal 0.000000e+00 1.263875e-01 9.919810e-01
    outer loop
      vertex   -1.880000e+02 -8.243997e+01 1.542073e+02
      vertex   -2.000000e+02 -8.243997e+01 1.542073e+02
      vertex   -1.880000e+02 -8.346630e+01 1.543381e+02
    endloop
  endfacet
  facet normal 0.000000e+00 1.263875e-01 9.919810e-01
    outer loop
      vertex   -1.880000e+02 -8.346630e+01 1.543381e+02
      vertex   -2.000000e+02 -8.243997e+01 1.542073e+02
      vertex   -2.000000e+02 -8.346630e+01 1.543381e+02
    endloop
  endfacet
  facet normal 0.000000e+00 4.222956e-02 9.991079e-01
    outer loop
      vertex   -1.880000e+02 -8.346630e+01 1.543381e+02
      vertex   -2.000000e+02 -8.346630e+01 1.543381e+02
      vertex   -1.880000e+02 -8.450000e+01 1.543817e+02
    endloop
  endfacet
  facet normal 0.000000e+00 4.222956e-02 9.991079e-01
    outer loop
      vertex   -1.880000e+02 -8.450000e+01 1.543817e+02
      vertex   -2.000000e+02 -8.346630e+01 1.543381e+02
      vertex   -2.000000e+02 -8.450000e+01 1.543817e+02
    endloop
  endfacet
  facet normal -1.000000e+00 0.000000e+00 0.000000e+00
    outer loop
      vertex   -2.000000e+02 -8.444740e+01 1.140610e+02
      vertex   -2.000000e+02 -8.450000e+01 1.143811e+02
      vertex   -2.000000e+02 -8.438295e+01 1.139116e+02
    endloop
  endfacet
  facet normal -1.000000e+00 0.000000e+00 0.000000e+00
    outer loop
      vertex   -2.000000e+02 -8.438295e+01 1.139116e+02
      vertex   -2.000000e+02 -8.450000e+01 1.143811e+02
      vertex   -2.000000e+02 -8.438295e+01 1.243519e+02
    endloop
  endfacet
  facet normal -1.000000e+00 0.000000e+00 0.000000e+00
    outer loop
      vertex   -2.000000e+02 -8.438295e+01 1.139116e+02
      vertex   -2.000000e+02 -8.438295e+01 1.243519e+02
      vertex   -2.000000e+02 -8.218259e+01 1.284902e+02
    endloop
  endfacet
  facet normal -1.000000e+00 0.000000e+00 0.000000e+00
    outer loop
      vertex   -2.000000e+02 -8.444740e+01 1.140610e+02
      vertex   -2.000000e+02 -8.448676e+01 1.142189e+02
      vertex   -2.000000e+02 -8.450000e+01 1.143811e+02
    endloop
  endfacet
  facet normal -1.000000e+00 0.000000e+00 0.000000e+00
    outer loop
      vertex   -2.000000e+02 -8.450000e+01 1.143811e+02
      vertex   -2.000000e+02 -8.450000e+01 1.238824e+02
      vertex   -2.000000e+02 -8.438295e+01 1.243519e+02
    endloop
  endfacet
  facet normal -1.000000e+00 0.000000e+00 0.000000e+00
    outer loop
      vertex   -2.000000e+02 -8.438295e+01 1.243519e+02
      vertex   -2.000000e+02 -8.450000e+01 1.238824e+02
      vertex   -2.000000e+02 -8.444740e+01 1.242025e+02
    endloop
  endfacet
  facet normal -1.000000e+00 0.000000e+00 0.000000e+00
    outer loop
      vertex   -2.000000e+02 -8.444740e+01 1.242025e+02
      vertex   -2.000000e+02 -8.450000e+01 1.238824e+02
      vertex   -2.000000e+02 -8.448676e+01 1.240446e+02
    endloop
  endfacet
  facet normal -1.000000e+00 0.000000e+00 -0.000000e+00
    outer loop
      vertex   -2.000000e+02 -8.209609e+01 1.287143e+02
      vertex   -2.000000e+02 -8.050000e+01 1.241995e+02
      vertex   -2.000000e+02 -8.218259e+01 1.284902e+02
    endloop
  endfacet
  facet normal -1.000000e+00 0.000000e+00 0.000000e+00
    outer loop
      vertex   -2.000000e+02 -8.218259e+01 1.284902e+02
      vertex   -2.000000e+02 -8.050000e+01 1.241995e+02
      vertex   -2.000000e+02 -8.050000e+01 1.140640e+02
    endloop
  endfacet
  facet normal -1.000000e+00 0.000000e+00 -0.000000e+00
    outer loop
      vertex   -2.000000e+02 -8.218259e+01 1.284902e+02
      vertex   -2.000000e+02 -8.050000e+01 1.140640e+02
      vertex   -2.000000e+02 -8.218259e+01 1.097733e+02
    endloop
  endfacet
  facet normal -1.000000e+00 0.000000e+00 0.000000e+00
    outer loop
      vertex   -2.000000e+02 -8.218259e+01 1.097733e+02
      vertex   -2.000000e+02 -8.050000e+01 1.140640e+02
      vertex   -2.000000e+02 -8.209609e+01 1.095492e+02
    endloop
  endfacet
  facet normal -1.000000e+00 0.000000e+00 0.000000e+00
    outer loop
      vertex   -2.000000e+02 -8.209609e+01 1.095492e+02
      vertex   -2.000000e+02 -8.050000e+01 1.140640e+02
      vertex   -2.000000e+02 -8.206557e+01 1.093108e+02
    endloop
  endfacet
  facet normal -1.000000e+00 0.000000e+00 0.000000e+00
    outer loop
      vertex   -2.000000e+02 -8.206557e+01 1.093108e+02
      vertex   -2.000000e+02 -8.050000e+01 1.140640e+02
      vertex   -2.000000e+02 -8.114442e+01 1.036685e+02
    endloop
  endfacet
  facet normal -1.000000e+00 0.000000e+00 -0.000000e+00
    outer loop
      vertex   -2.000000e+02 -8.206557e+01 1.093108e+02
      vertex   -2.000000e+02 -8.114442e+01 1.036685e+02
      vertex   -2.000000e+02 -8.209279e+01 1.090720e+02
    endloop
  endfacet
  facet normal -1.000000e+00 0.000000e+00 0.000000e+00
    outer loop
      vertex   -2.000000e+02 -8.209279e+01 1.090720e+02
      vertex   -2.000000e+02 -8.114442e+01 1.036685e+02
      vertex   -2.000000e+02 -8.195061e+01 1.039780e+02
    endloop
  endfacet
  facet normal -1.000000e+00 0.000000e+00 -0.000000e+00
    outer loop
      vertex   -2.000000e+02 -8.209279e+01 1.090720e+02
      vertex   -2.000000e+02 -8.195061e+01 1.039780e+02
      vertex   -2.000000e+02 -8.217618e+01 1.088467e+02
    endloop
  endfacet
  facet normal -1.000000e+00 0.000000e+00 -0.000000e+00
    outer loop
      vertex   -2.000000e+02 -8.217618e+01 1.088467e+02
      vertex   -2.000000e+02 -8.195061e+01 1.039780e+02
      vertex   -2.000000e+02 -8.231093e+01 1.086477e+02
    endloop
  endfacet
  facet normal -1.000000e+00 0.000000e+00 -0.000000e+00
    outer loop
      vertex   -2.000000e+02 -8.231093e+01 1.086477e+02
      vertex   -2.000000e+02 -8.195061e+01 1.039780e+02
      vertex   -2.000000e+02 -8.248925e+01 1.084866e+02
    endloop
  endfacet
  facet normal -1.000000e+00 0.000000e+00 -0.000000e+00
    outer loop
      vertex   -2.000000e+02 -8.248925e+01 1.084866e+02
      vertex   -2.000000e+02 -8.195061e+01 1.039780e+02
      vertex   -2.000000e+02 -8.278473e+01 1.042015e+02
    endloop
  endfacet
  facet normal -1.000000e+00 0.000000e+00 0.000000e+00
    outer loop
      vertex   -2.000000e+02 -8.248925e+01 1.084866e+02
      vertex   -2.000000e+02 -8.278473e+01 1.042015e+02
      vertex   -2.000000e+02 -8.270086e+01 1.083727e+02
    endloop
  endfacet
  facet normal -1.000000e+00 0.000000e+00 0.000000e+00
    outer loop
      vertex   -2.000000e+02 -8.270086e+01 1.083727e+02
      vertex   -2.000000e+02 -8.278473e+01 1.042015e+02
      vertex   -2.000000e+02 -8.293352e+01 1.083126e+02
    endloop
  endfacet
  facet normal -1.000000e+00 0.000000e+00 -0.000000e+00
    outer loop
      vertex   -2.000000e+02 -8.293352e+01 1.083126e+02
      vertex   -2.000000e+02 -8.278473e+01 1.042015e+02
      vertex   -2.000000e+02 -8.317380e+01 1.083098e+02
    endloop
  endfacet
  facet normal -1.000000e+00 0.000000e+00 -0.000000e+00
    outer loop
      vertex   -2.000000e+02 -8.317380e+01 1.083098e+02
      vertex   -2.000000e+02 -8.278473e+01 1.042015e+02
      vertex   -2.000000e+02 -8.363764e+01 1.043366e+02
    endloop
  endfacet
  facet normal -1.000000e+00 -0.000000e+00 0.000000e+00
    outer loop
      vertex   -2.000000e+02 -8.317380e+01 1.083098e+02
      vertex   -2.000000e+02 -8.363764e+01 1.043366e+02
      vertex   -2.000000e+02 -8.361490e+01 1.083497e+02
    endloop
  endfacet
  facet normal -1.000000e+00 -0.000000e+00 0.000000e+00
    outer loop
      vertex   -2.000000e+02 -8.361490e+01 1.083497e+02
      vertex   -2.000000e+02 -8.363764e+01 1.043366e+02
      vertex   -2.000000e+02 -8.405716e+01 1.083737e+02
    endloop
  endfacet
  facet normal -1.000000e+00 0.000000e+00 -0.000000e+00
    outer loop
      vertex   -2.000000e+02 -8.405716e+01 1.083737e+02
      vertex   -2.000000e+02 -8.363764e+01 1.043366e+02
      vertex   -2.000000e+02 -8.450000e+01 1.043817e+02
    endloop
  endfacet
  facet normal -1.000000e+00 -0.000000e+00 0.000000e+00
    outer loop
      vertex   -2.000000e+02 -8.405716e+01 1.083737e+02
      vertex   -2.000000e+02 -8.450000e+01 1.043817e+02
      vertex   -2.000000e+02 -8.450000e+01 1.083817e+02
    endloop
  endfacet
  facet normal -1.000000e+00 0.000000e+00 0.000000e+00
    outer loop
      vertex   -2.000000e+02 -8.209609e+01 1.287143e+02
      vertex   -2.000000e+02 -8.206557e+01 1.289527e+02
      vertex   -2.000000e+02 -8.050000e+01 1.241995e+02
    endloop
  endfacet
  facet normal -1.000000e+00 0.000000e+00 0.000000e+00
    outer loop
      vertex   -2.000000e+02 -8.050000e+01 1.241995e+02
      vertex   -2.000000e+02 -8.206557e+01 1.289527e+02
      vertex   -2.000000e+02 -8.114442e+01 1.345950e+02
    endloop
  endfacet
  facet normal -1.000000e+00 0.000000e+00 0.000000e+00
    outer loop
      vertex   -2.000000e+02 -8.050000e+01 1.241995e+02
      vertex   -2.000000e+02 -8.114442e+01 1.345950e+02
      vertex   -2.000000e+02 -8.037500e+01 1.349870e+02
    endloop
  endfacet
  facet normal -1.000000e+00 0.000000e+00 0.000000e+00
    outer loop
      vertex   -2.000000e+02 -8.206557e+01 1.289527e+02
      vertex   -2.000000e+02 -8.209279e+01 1.291915e+02
      vertex   -2.000000e+02 -8.114442e+01 1.345950e+02
    endloop
  endfacet
  facet normal -1.000000e+00 0.000000e+00 0.000000e+00
    outer loop
      vertex   -2.000000e+02 -8.114442e+01 1.345950e+02
      vertex   -2.000000e+02 -8.209279e+01 1.291915e+02
      vertex   -2.000000e+02 -8.195061e+01 1.342855e+02
    endloop
  endfacet
  facet normal -1.000000e+00 0.000000e+00 0.000000e+00
    outer loop
      vertex   -2.000000e+02 -8.195061e+01 1.342855e+02
      vertex   -2.000000e+02 -8.209279e+01 1.291915e+02
      vertex   -2.000000e+02 -8.217618e+01 1.294168e+02
    endloop
  endfacet
  facet normal -1.000000e+00 0.000000e+00 0.000000e+00
    outer loop
      vertex   -2.000000e+02 -8.195061e+01 1.342855e+02
      vertex   -2.000000e+02 -8.217618e+01 1.294168e+02
      vertex   -2.000000e+02 -8.231093e+01 1.296158e+02
    endloop
  endfacet
  facet normal -1.000000e+00 0.000000e+00 0.000000e+00
    outer loop
      vertex   -2.000000e+02 -8.231093e+01 1.296158e+02
      vertex   -2.000000e+02 -8.248925e+01 1.297769e+02
      vertex   -2.000000e+02 -8.195061e+01 1.342855e+02
    endloop
  endfacet
  facet normal -1.000000e+00 0.000000e+00 0.000000e+00
    outer loop
      vertex   -2.000000e+02 -8.195061e+01 1.342855e+02
      vertex   -2.000000e+02 -8.248925e+01 1.297769e+02
      vertex   -2.000000e+02 -8.278473e+01 1.340620e+02
    endloop
  endfacet
  facet normal -1.000000e+00 0.000000e+00 0.000000e+00
    outer loop
      vertex   -2.000000e+02 -8.278473e+01 1.340620e+02
      vertex   -2.000000e+02 -8.248925e+01 1.297769e+02
      vertex   -2.000000e+02 -8.270086e+01 1.298908e+02
    endloop
  endfacet
  facet normal -1.000000e+00 0.000000e+00 -0.000000e+00
    outer loop
      vertex   -2.000000e+02 -8.278473e+01 1.340620e+02
      vertex   -2.000000e+02 -8.270086e+01 1.298908e+02
      vertex   -2.000000e+02 -8.293352e+01 1.299509e+02
    endloop
  endfacet
  facet normal -1.000000e+00 0.000000e+00 0.000000e+00
    outer loop
      vertex   -2.000000e+02 -8.293352e+01 1.299509e+02
      vertex   -2.000000e+02 -8.317380e+01 1.299537e+02
      vertex   -2.000000e+02 -8.278473e+01 1.340620e+02
    endloop
  endfacet
  facet normal -1.000000e+00 0.000000e+00 0.000000e+00
    outer loop
      vertex   -2.000000e+02 -8.278473e+01 1.340620e+02
      vertex   -2.000000e+02 -8.317380e+01 1.299537e+02
      vertex   -2.000000e+02 -8.363764e+01 1.339269e+02
    endloop
  endfacet
  facet normal -1.000000e+00 0.000000e+00 0.000000e+00
    outer loop
      vertex   -2.000000e+02 -8.363764e+01 1.339269e+02
      vertex   -2.000000e+02 -8.317380e+01 1.299537e+02
      vertex   -2.000000e+02 -8.361490e+01 1.299138e+02
    endloop
  endfacet
  facet normal -1.000000e+00 0.000000e+00 -0.000000e+00
    outer loop
      vertex   -2.000000e+02 -8.363764e+01 1.339269e+02
      vertex   -2.000000e+02 -8.361490e+01 1.299138e+02
      vertex   -2.000000e+02 -8.405716e+01 1.298898e+02
    endloop
  endfacet
  facet normal -1.000000e+00 0.000000e+00 0.000000e+00
    outer loop
      vertex   -2.000000e+02 -8.450000e+01 1.298817e+02
      vertex   -2.000000e+02 -8.450000e+01 1.338817e+02
      vertex   -2.000000e+02 -8.405716e+01 1.298898e+02
    endloop
  endfacet
  facet normal -1.000000e+00 0.000000e+00 0.000000e+00
    outer loop
      vertex   -2.000000e+02 -8.405716e+01 1.298898e+02
      vertex   -2.000000e+02 -8.450000e+01 1.338817e+02
      vertex   -2.000000e+02 -8.363764e+01 1.339269e+02
    endloop
  endfacet
  facet normal -1.000000e+00 0.000000e+00 -0.000000e+00
    outer loop
      vertex   -2.000000e+02 -8.037500e+01 1.349870e+02
      vertex   -2.000000e+02 -7.965077e+01 1.354574e+02
      vertex   -2.000000e+02 -8.050000e+01 1.241995e+02
    endloop
  endfacet
  facet normal -1.000000e+00 0.000000e+00 0.000000e+00
    outer loop
      vertex   -2.000000e+02 -8.050000e+01 1.241995e+02
      vertex   -2.000000e+02 -7.965077e+01 1.354574e+02
      vertex   -2.000000e+02 -7.897967e+01 1.360008e+02
    endloop
  endfacet
  facet normal -1.000000e+00 0.000000e+00 0.000000e+00
    outer loop
      vertex   -2.000000e+02 -8.050000e+01 1.241995e+02
      vertex   -2.000000e+02 -7.897967e+01 1.360008e+02
      vertex   -2.000000e+02 -7.836906e+01 1.366114e+02
    endloop
  endfacet
  facet normal -1.000000e+00 0.000000e+00 -0.000000e+00
    outer loop
      vertex   -2.000000e+02 -7.836906e+01 1.366114e+02
      vertex   -2.000000e+02 -7.782561e+01 1.372825e+02
      vertex   -2.000000e+02 -8.050000e+01 1.241995e+02
    endloop
  endfacet
  facet normal -1.000000e+00 0.000000e+00 0.000000e+00
    outer loop
      vertex   -2.000000e+02 -8.050000e+01 1.241995e+02
      vertex   -2.000000e+02 -7.782561e+01 1.372825e+02
      vertex   -2.000000e+02 -7.521229e+01 1.341442e+02
    endloop
  endfacet
  facet normal -1.000000e+00 0.000000e+00 0.000000e+00
    outer loop
      vertex   -2.000000e+02 -7.521229e+01 1.341442e+02
      vertex   -2.000000e+02 -7.782561e+01 1.372825e+02
      vertex   -2.000000e+02 -7.735529e+01 1.380067e+02
    endloop
  endfacet
  facet normal -1.000000e+00 0.000000e+00 0.000000e+00
    outer loop
      vertex   -2.000000e+02 -7.521229e+01 1.341442e+02
      vertex   -2.000000e+02 -7.735529e+01 1.380067e+02
      vertex   -2.000000e+02 -7.696325e+01 1.387762e+02
    endloop
  endfacet
  facet normal -1.000000e+00 0.000000e+00 0.000000e+00
    outer loop
      vertex   -2.000000e+02 -7.696325e+01 1.387762e+02
      vertex   -2.000000e+02 -7.665378e+01 1.395824e+02
      vertex   -2.000000e+02 -7.521229e+01 1.341442e+02
    endloop
  endfacet
  facet normal -1.000000e+00 0.000000e+00 0.000000e+00
    outer loop
      vertex   -2.000000e+02 -7.521229e+01 1.341442e+02
      vertex   -2.000000e+02 -7.665378e+01 1.395824e+02
      vertex   -2.000000e+02 -7.643028e+01 1.404165e+02
    endloop
  endfacet
  facet normal -1.000000e+00 0.000000e+00 0.000000e+00
    outer loop
      vertex   -2.000000e+02 -7.521229e+01 1.341442e+02
      vertex   -2.000000e+02 -7.643028e+01 1.404165e+02
      vertex   -2.000000e+02 -7.629519e+01 1.412694e+02
    endloop
  endfacet
  facet normal -1.000000e+00 0.000000e+00 0.000000e+00
    outer loop
      vertex   -2.000000e+02 -7.629519e+01 1.412694e+02
      vertex   -2.000000e+02 -7.625000e+01 1.421317e+02
      vertex   -2.000000e+02 -7.521229e+01 1.341442e+02
    endloop
  endfacet
  facet normal -1.000000e+00 0.000000e+00 0.000000e+00
    outer loop
      vertex   -2.000000e+02 -7.521229e+01 1.341442e+02
      vertex   -2.000000e+02 -7.625000e+01 1.421317e+02
      vertex   -2.000000e+02 -7.457140e+01 1.349564e+02
    endloop
  endfacet
  facet normal -1.000000e+00 0.000000e+00 0.000000e+00
    outer loop
      vertex   -2.000000e+02 -7.457140e+01 1.349564e+02
      vertex   -2.000000e+02 -7.625000e+01 1.421317e+02
      vertex   -2.000000e+02 -7.468509e+01 1.494618e+02
    endloop
  endfacet
  facet normal -1.000000e+00 0.000000e+00 0.000000e+00
    outer loop
      vertex   -2.000000e+02 -7.457140e+01 1.349564e+02
      vertex   -2.000000e+02 -7.468509e+01 1.494618e+02
      vertex   -2.000000e+02 -7.410156e+01 1.486075e+02
    endloop
  endfacet
  facet normal -1.000000e+00 -0.000000e+00 0.000000e+00
    outer loop
      vertex   -2.000000e+02 -7.468509e+01 1.494618e+02
      vertex   -2.000000e+02 -7.625000e+01 1.421317e+02
      vertex   -2.000000e+02 -7.533863e+01 1.502639e+02
    endloop
  endfacet
  facet normal -1.000000e+00 0.000000e+00 0.000000e+00
    outer loop
      vertex   -2.000000e+02 -7.533863e+01 1.502639e+02
      vertex   -2.000000e+02 -7.625000e+01 1.421317e+02
      vertex   -2.000000e+02 -7.629519e+01 1.429941e+02
    endloop
  endfacet
  facet normal -1.000000e+00 0.000000e+00 0.000000e+00
    outer loop
      vertex   -2.000000e+02 -7.533863e+01 1.502639e+02
      vertex   -2.000000e+02 -7.629519e+01 1.429941e+02
      vertex   -2.000000e+02 -7.643028e+01 1.438470e+02
    endloop
  endfacet
  facet normal -1.000000e+00 -0.000000e+00 0.000000e+00
    outer loop
      vertex   -2.000000e+02 -7.533863e+01 1.502639e+02
      vertex   -2.000000e+02 -7.643028e+01 1.438470e+02
      vertex   -2.000000e+02 -7.605753e+01 1.510080e+02
    endloop
  endfacet
  facet normal -1.000000e+00 0.000000e+00 0.000000e+00
    outer loop
      vertex   -2.000000e+02 -7.605753e+01 1.510080e+02
      vertex   -2.000000e+02 -7.643028e+01 1.438470e+02
      vertex   -2.000000e+02 -7.665378e+01 1.446811e+02
    endloop
  endfacet
  facet normal -1.000000e+00 -0.000000e+00 0.000000e+00
    outer loop
      vertex   -2.000000e+02 -7.605753e+01 1.510080e+02
      vertex   -2.000000e+02 -7.665378e+01 1.446811e+02
      vertex   -2.000000e+02 -7.683665e+01 1.516887e+02
    endloop
  endfacet
  facet normal -1.000000e+00 0.000000e+00 -0.000000e+00
    outer loop
      vertex   -2.000000e+02 -7.683665e+01 1.516887e+02
      vertex   -2.000000e+02 -7.665378e+01 1.446811e+02
      vertex   -2.000000e+02 -7.696325e+01 1.454873e+02
    endloop
  endfacet
  facet normal -1.000000e+00 0.000000e+00 0.000000e+00
    outer loop
      vertex   -2.000000e+02 -7.683665e+01 1.516887e+02
      vertex   -2.000000e+02 -7.696325e+01 1.454873e+02
      vertex   -2.000000e+02 -7.735529e+01 1.462567e+02
    endloop
  endfacet
  facet normal -1.000000e+00 -0.000000e+00 0.000000e+00
    outer loop
      vertex   -2.000000e+02 -7.683665e+01 1.516887e+02
      vertex   -2.000000e+02 -7.735529e+01 1.462567e+02
      vertex   -2.000000e+02 -7.767044e+01 1.523013e+02
    endloop
  endfacet
  facet normal -1.000000e+00 0.000000e+00 -0.000000e+00
    outer loop
      vertex   -2.000000e+02 -7.767044e+01 1.523013e+02
      vertex   -2.000000e+02 -7.735529e+01 1.462567e+02
      vertex   -2.000000e+02 -7.782561e+01 1.469810e+02
    endloop
  endfacet
  facet normal -1.000000e+00 0.000000e+00 0.000000e+00
    outer loop
      vertex   -2.000000e+02 -7.767044e+01 1.523013e+02
      vertex   -2.000000e+02 -7.782561e+01 1.469810e+02
      vertex   -2.000000e+02 -7.836906e+01 1.476521e+02
    endloop
  endfacet
  facet normal -1.000000e+00 -0.000000e+00 0.000000e+00
    outer loop
      vertex   -2.000000e+02 -7.767044e+01 1.523013e+02
      vertex   -2.000000e+02 -7.836906e+01 1.476521e+02
      vertex   -2.000000e+02 -7.855294e+01 1.528413e+02
    endloop
  endfacet
  facet normal -1.000000e+00 0.000000e+00 -0.000000e+00
    outer loop
      vertex   -2.000000e+02 -7.855294e+01 1.528413e+02
      vertex   -2.000000e+02 -7.836906e+01 1.476521e+02
      vertex   -2.000000e+02 -7.897967e+01 1.482627e+02
    endloop
  endfacet
  facet normal -1.000000e+00 -0.000000e+00 0.000000e+00
    outer loop
      vertex   -2.000000e+02 -7.855294e+01 1.528413e+02
      vertex   -2.000000e+02 -7.897967e+01 1.482627e+02
      vertex   -2.000000e+02 -7.947787e+01 1.533050e+02
    endloop
  endfacet
  facet normal -1.000000e+00 0.000000e+00 -0.000000e+00
    outer loop
      vertex   -2.000000e+02 -7.947787e+01 1.533050e+02
      vertex   -2.000000e+02 -7.897967e+01 1.482627e+02
      vertex   -2.000000e+02 -7.965077e+01 1.488061e+02
    endloop
  endfacet
  facet normal -1.000000e+00 0.000000e+00 0.000000e+00
    outer loop
      vertex   -2.000000e+02 -7.947787e+01 1.533050e+02
      vertex   -2.000000e+02 -7.965077e+01 1.488061e+02
      vertex   -2.000000e+02 -8.037500e+01 1.492765e+02
    endloop
  endfacet
  facet normal -1.000000e+00 -0.000000e+00 0.000000e+00
    outer loop
      vertex   -2.000000e+02 -7.947787e+01 1.533050e+02
      vertex   -2.000000e+02 -8.037500e+01 1.492765e+02
      vertex   -2.000000e+02 -8.043862e+01 1.536889e+02
    endloop
  endfacet
  facet normal -1.000000e+00 0.000000e+00 -0.000000e+00
    outer loop
      vertex   -2.000000e+02 -8.043862e+01 1.536889e+02
      vertex   -2.000000e+02 -8.037500e+01 1.492765e+02
      vertex   -2.000000e+02 -8.114442e+01 1.496685e+02
    endloop
  endfacet
  facet normal -1.000000e+00 -0.000000e+00 0.000000e+00
    outer loop
      vertex   -2.000000e+02 -8.043862e+01 1.536889e+02
      vertex   -2.000000e+02 -8.114442e+01 1.496685e+02
      vertex   -2.000000e+02 -8.142834e+01 1.539904e+02
    endloop
  endfacet
  facet normal -1.000000e+00 0.000000e+00 -0.000000e+00
    outer loop
      vertex   -2.000000e+02 -8.142834e+01 1.539904e+02
      vertex   -2.000000e+02 -8.114442e+01 1.496685e+02
      vertex   -2.000000e+02 -8.195061e+01 1.499780e+02
    endloop
  endfacet
  facet normal -1.000000e+00 -0.000000e+00 0.000000e+00
    outer loop
      vertex   -2.000000e+02 -8.142834e+01 1.539904e+02
      vertex   -2.000000e+02 -8.195061e+01 1.499780e+02
      vertex   -2.000000e+02 -8.243997e+01 1.542073e+02
    endloop
  endfacet
  facet normal -1.000000e+00 0.000000e+00 -0.000000e+00
    outer loop
      vertex   -2.000000e+02 -8.243997e+01 1.542073e+02
      vertex   -2.000000e+02 -8.195061e+01 1.499780e+02
      vertex   -2.000000e+02 -8.278473e+01 1.502015e+02
    endloop
  endfacet
  facet normal -1.000000e+00 -0.000000e+00 0.000000e+00
    outer loop
      vertex   -2.000000e+02 -8.243997e+01 1.542073e+02
      vertex   -2.000000e+02 -8.278473e+01 1.502015e+02
      vertex   -2.000000e+02 -8.346630e+01 1.543381e+02
    endloop
  endfacet
  facet normal -1.000000e+00 0.000000e+00 -0.000000e+00
    outer loop
      vertex   -2.000000e+02 -8.346630e+01 1.543381e+02
      vertex   -2.000000e+02 -8.278473e+01 1.502015e+02
      vertex   -2.000000e+02 -8.363764e+01 1.503366e+02
    endloop
  endfacet
  facet normal -1.000000e+00 -0.000000e+00 0.000000e+00
    outer loop
      vertex   -2.000000e+02 -8.346630e+01 1.543381e+02
      vertex   -2.000000e+02 -8.363764e+01 1.503366e+02
      vertex   -2.000000e+02 -8.450000e+01 1.543817e+02
    endloop
  endfacet
  facet normal -1.000000e+00 0.000000e+00 0.000000e+00
    outer loop
      vertex   -2.000000e+02 -8.450000e+01 1.543817e+02
      vertex   -2.000000e+02 -8.363764e+01 1.503366e+02
      vertex   -2.000000e+02 -8.450000e+01 1.503817e+02
    endloop
  endfacet
  facet normal -1.000000e+00 0.000000e+00 0.000000e+00
    outer loop
      vertex   -2.000000e+02 -7.457140e+01 1.349564e+02
      vertex   -2.000000e+02 -7.410156e+01 1.486075e+02
      vertex   -2.000000e+02 -7.400133e+01 1.358198e+02
    endloop
  endfacet
  facet normal -1.000000e+00 0.000000e+00 0.000000e+00
    outer loop
      vertex   -2.000000e+02 -7.400133e+01 1.358198e+02
      vertex   -2.000000e+02 -7.410156e+01 1.486075e+02
      vertex   -2.000000e+02 -7.359220e+01 1.477069e+02
    endloop
  endfacet
  facet normal -1.000000e+00 0.000000e+00 0.000000e+00
    outer loop
      vertex   -2.000000e+02 -7.400133e+01 1.358198e+02
      vertex   -2.000000e+02 -7.359220e+01 1.477069e+02
      vertex   -2.000000e+02 -7.350615e+01 1.367283e+02
    endloop
  endfacet
  facet normal -1.000000e+00 0.000000e+00 0.000000e+00
    outer loop
      vertex   -2.000000e+02 -7.350615e+01 1.367283e+02
      vertex   -2.000000e+02 -7.359220e+01 1.477069e+02
      vertex   -2.000000e+02 -7.316065e+01 1.467666e+02
    endloop
  endfacet
  facet normal -1.000000e+00 0.000000e+00 0.000000e+00
    outer loop
      vertex   -2.000000e+02 -7.350615e+01 1.367283e+02
      vertex   -2.000000e+02 -7.316065e+01 1.467666e+02
      vertex   -2.000000e+02 -7.308939e+01 1.376752e+02
    endloop
  endfacet
  facet normal -1.000000e+00 0.000000e+00 0.000000e+00
    outer loop
      vertex   -2.000000e+02 -7.308939e+01 1.376752e+02
      vertex   -2.000000e+02 -7.316065e+01 1.467666e+02
      vertex   -2.000000e+02 -7.280999e+01 1.457932e+02
    endloop
  endfacet
  facet normal -1.000000e+00 0.000000e+00 0.000000e+00
    outer loop
      vertex   -2.000000e+02 -7.308939e+01 1.376752e+02
      vertex   -2.000000e+02 -7.280999e+01 1.457932e+02
      vertex   -2.000000e+02 -7.275403e+01 1.386540e+02
    endloop
  endfacet
  facet normal -1.000000e+00 0.000000e+00 0.000000e+00
    outer loop
      vertex   -2.000000e+02 -7.275403e+01 1.386540e+02
      vertex   -2.000000e+02 -7.280999e+01 1.457932e+02
      vertex   -2.000000e+02 -7.254272e+01 1.447937e+02
    endloop
  endfacet
  facet normal -1.000000e+00 0.000000e+00 0.000000e+00
    outer loop
      vertex   -2.000000e+02 -7.275403e+01 1.386540e+02
      vertex   -2.000000e+02 -7.254272e+01 1.447937e+02
      vertex   -2.000000e+02 -7.250246e+01 1.396576e+02
    endloop
  endfacet
  facet normal -1.000000e+00 0.000000e+00 0.000000e+00
    outer loop
      vertex   -2.000000e+02 -7.250246e+01 1.396576e+02
      vertex   -2.000000e+02 -7.254272e+01 1.447937e+02
      vertex   -2.000000e+02 -7.236074e+01 1.437752e+02
    endloop
  endfacet
  facet normal -1.000000e+00 0.000000e+00 0.000000e+00
    outer loop
      vertex   -2.000000e+02 -7.250246e+01 1.396576e+02
      vertex   -2.000000e+02 -7.236074e+01 1.437752e+02
      vertex   -2.000000e+02 -7.233647e+01 1.406788e+02
    endloop
  endfacet
  facet normal -1.000000e+00 0.000000e+00 0.000000e+00
    outer loop
      vertex   -2.000000e+02 -7.233647e+01 1.406788e+02
      vertex   -2.000000e+02 -7.236074e+01 1.437752e+02
      vertex   -2.000000e+02 -7.226536e+01 1.427450e+02
    endloop
  endfacet
  facet normal -1.000000e+00 0.000000e+00 0.000000e+00
    outer loop
      vertex   -2.000000e+02 -7.233647e+01 1.406788e+02
      vertex   -2.000000e+02 -7.226536e+01 1.427450e+02
      vertex   -2.000000e+02 -7.225725e+01 1.417104e+02
    endloop
  endfacet
  facet normal -1.000000e+00 -0.000000e+00 0.000000e+00
    outer loop
      vertex   -2.000000e+02 -7.521229e+01 1.041193e+02
      vertex   -2.000000e+02 -7.782561e+01 1.009810e+02
      vertex   -2.000000e+02 -8.050000e+01 1.140640e+02
    endloop
  endfacet
  facet normal -1.000000e+00 0.000000e+00 0.000000e+00
    outer loop
      vertex   -2.000000e+02 -8.050000e+01 1.140640e+02
      vertex   -2.000000e+02 -7.782561e+01 1.009810e+02
      vertex   -2.000000e+02 -7.836906e+01 1.016521e+02
    endloop
  endfacet
  facet normal -1.000000e+00 0.000000e+00 0.000000e+00
    outer loop
      vertex   -2.000000e+02 -8.050000e+01 1.140640e+02
      vertex   -2.000000e+02 -7.836906e+01 1.016521e+02
      vertex   -2.000000e+02 -7.897967e+01 1.022627e+02
    endloop
  endfacet
  facet normal -1.000000e+00 -0.000000e+00 0.000000e+00
    outer loop
      vertex   -2.000000e+02 -7.457140e+01 1.033071e+02
      vertex   -2.000000e+02 -7.625000e+01 9.613175e+01
      vertex   -2.000000e+02 -7.521229e+01 1.041193e+02
    endloop
  endfacet
  facet normal -1.000000e+00 0.000000e+00 0.000000e+00
    outer loop
      vertex   -2.000000e+02 -7.521229e+01 1.041193e+02
      vertex   -2.000000e+02 -7.625000e+01 9.613175e+01
      vertex   -2.000000e+02 -7.629519e+01 9.699411e+01
    endloop
  endfacet
  facet normal -1.000000e+00 0.000000e+00 0.000000e+00
    outer loop
      vertex   -2.000000e+02 -7.521229e+01 1.041193e+02
      vertex   -2.000000e+02 -7.629519e+01 9.699411e+01
      vertex   -2.000000e+02 -7.643028e+01 9.784702e+01
    endloop
  endfacet
  facet normal -1.000000e+00 -0.000000e+00 0.000000e+00
    outer loop
      vertex   -2.000000e+02 -7.400133e+01 1.024437e+02
      vertex   -2.000000e+02 -7.410156e+01 8.965604e+01
      vertex   -2.000000e+02 -7.457140e+01 1.033071e+02
    endloop
  endfacet
  facet normal -1.000000e+00 0.000000e+00 -0.000000e+00
    outer loop
      vertex   -2.000000e+02 -7.457140e+01 1.033071e+02
      vertex   -2.000000e+02 -7.410156e+01 8.965604e+01
      vertex   -2.000000e+02 -7.468509e+01 8.880167e+01
    endloop
  endfacet
  facet normal -1.000000e+00 0.000000e+00 0.000000e+00
    outer loop
      vertex   -2.000000e+02 -7.457140e+01 1.033071e+02
      vertex   -2.000000e+02 -7.468509e+01 8.880167e+01
      vertex   -2.000000e+02 -7.625000e+01 9.613175e+01
    endloop
  endfacet
  facet normal -1.000000e+00 0.000000e+00 0.000000e+00
    outer loop
      vertex   -2.000000e+02 -7.625000e+01 9.613175e+01
      vertex   -2.000000e+02 -7.468509e+01 8.880167e+01
      vertex   -2.000000e+02 -7.533863e+01 8.799960e+01
    endloop
  endfacet
  facet normal -1.000000e+00 0.000000e+00 -0.000000e+00
    outer loop
      vertex   -2.000000e+02 -7.625000e+01 9.613175e+01
      vertex   -2.000000e+02 -7.533863e+01 8.799960e+01
      vertex   -2.000000e+02 -7.629519e+01 9.526939e+01
    endloop
  endfacet
  facet normal -1.000000e+00 0.000000e+00 -0.000000e+00
    outer loop
      vertex   -2.000000e+02 -7.629519e+01 9.526939e+01
      vertex   -2.000000e+02 -7.533863e+01 8.799960e+01
      vertex   -2.000000e+02 -7.643028e+01 9.441648e+01
    endloop
  endfacet
  facet normal -1.000000e+00 0.000000e+00 0.000000e+00
    outer loop
      vertex   -2.000000e+02 -7.643028e+01 9.441648e+01
      vertex   -2.000000e+02 -7.533863e+01 8.799960e+01
      vertex   -2.000000e+02 -7.605753e+01 8.725553e+01
    endloop
  endfacet
  facet normal -1.000000e+00 0.000000e+00 -0.000000e+00
    outer loop
      vertex   -2.000000e+02 -7.643028e+01 9.441648e+01
      vertex   -2.000000e+02 -7.605753e+01 8.725553e+01
      vertex   -2.000000e+02 -7.665378e+01 9.358236e+01
    endloop
  endfacet
  facet normal -1.000000e+00 0.000000e+00 -0.000000e+00
    outer loop
      vertex   -2.000000e+02 -7.665378e+01 9.358236e+01
      vertex   -2.000000e+02 -7.605753e+01 8.725553e+01
      vertex   -2.000000e+02 -7.683665e+01 8.657478e+01
    endloop
  endfacet
  facet normal -1.000000e+00 0.000000e+00 0.000000e+00
    outer loop
      vertex   -2.000000e+02 -7.665378e+01 9.358236e+01
      vertex   -2.000000e+02 -7.683665e+01 8.657478e+01
      vertex   -2.000000e+02 -7.696325e+01 9.277617e+01
    endloop
  endfacet
  facet normal -1.000000e+00 0.000000e+00 -0.000000e+00
    outer loop
      vertex   -2.000000e+02 -7.696325e+01 9.277617e+01
      vertex   -2.000000e+02 -7.683665e+01 8.657478e+01
      vertex   -2.000000e+02 -7.735529e+01 9.200675e+01
    endloop
  endfacet
  facet normal -1.000000e+00 0.000000e+00 -0.000000e+00
    outer loop
      vertex   -2.000000e+02 -7.735529e+01 9.200675e+01
      vertex   -2.000000e+02 -7.683665e+01 8.657478e+01
      vertex   -2.000000e+02 -7.767044e+01 8.596221e+01
    endloop
  endfacet
  facet normal -1.000000e+00 0.000000e+00 0.000000e+00
    outer loop
      vertex   -2.000000e+02 -7.735529e+01 9.200675e+01
      vertex   -2.000000e+02 -7.767044e+01 8.596221e+01
      vertex   -2.000000e+02 -7.782561e+01 9.128252e+01
    endloop
  endfacet
  facet normal -1.000000e+00 0.000000e+00 -0.000000e+00
    outer loop
      vertex   -2.000000e+02 -7.782561e+01 9.128252e+01
      vertex   -2.000000e+02 -7.767044e+01 8.596221e+01
      vertex   -2.000000e+02 -7.836906e+01 9.061142e+01
    endloop
  endfacet
  facet normal -1.000000e+00 0.000000e+00 -0.000000e+00
    outer loop
      vertex   -2.000000e+02 -7.836906e+01 9.061142e+01
      vertex   -2.000000e+02 -7.767044e+01 8.596221e+01
      vertex   -2.000000e+02 -7.855294e+01 8.542218e+01
    endloop
  endfacet
  facet normal -1.000000e+00 0.000000e+00 0.000000e+00
    outer loop
      vertex   -2.000000e+02 -7.836906e+01 9.061142e+01
      vertex   -2.000000e+02 -7.855294e+01 8.542218e+01
      vertex   -2.000000e+02 -7.897967e+01 9.000081e+01
    endloop
  endfacet
  facet normal -1.000000e+00 0.000000e+00 -0.000000e+00
    outer loop
      vertex   -2.000000e+02 -7.897967e+01 9.000081e+01
      vertex   -2.000000e+02 -7.855294e+01 8.542218e+01
      vertex   -2.000000e+02 -7.947787e+01 8.495854e+01
    endloop
  endfacet
  facet normal -1.000000e+00 0.000000e+00 0.000000e+00
    outer loop
      vertex   -2.000000e+02 -7.897967e+01 9.000081e+01
      vertex   -2.000000e+02 -7.947787e+01 8.495854e+01
      vertex   -2.000000e+02 -7.965077e+01 8.945736e+01
    endloop
  endfacet
  facet normal -1.000000e+00 0.000000e+00 -0.000000e+00
    outer loop
      vertex   -2.000000e+02 -7.965077e+01 8.945736e+01
      vertex   -2.000000e+02 -7.947787e+01 8.495854e+01
      vertex   -2.000000e+02 -8.037500e+01 8.898704e+01
    endloop
  endfacet
  facet normal -1.000000e+00 0.000000e+00 -0.000000e+00
    outer loop
      vertex   -2.000000e+02 -8.037500e+01 8.898704e+01
      vertex   -2.000000e+02 -7.947787e+01 8.495854e+01
      vertex   -2.000000e+02 -8.043862e+01 8.457460e+01
    endloop
  endfacet
  facet normal -1.000000e+00 0.000000e+00 0.000000e+00
    outer loop
      vertex   -2.000000e+02 -8.037500e+01 8.898704e+01
      vertex   -2.000000e+02 -8.043862e+01 8.457460e+01
      vertex   -2.000000e+02 -8.114442e+01 8.859500e+01
    endloop
  endfacet
  facet normal -1.000000e+00 0.000000e+00 -0.000000e+00
    outer loop
      vertex   -2.000000e+02 -8.114442e+01 8.859500e+01
      vertex   -2.000000e+02 -8.043862e+01 8.457460e+01
      vertex   -2.000000e+02 -8.142834e+01 8.427311e+01
    endloop
  endfacet
  facet normal -1.000000e+00 0.000000e+00 0.000000e+00
    outer loop
      vertex   -2.000000e+02 -8.114442e+01 8.859500e+01
      vertex   -2.000000e+02 -8.142834e+01 8.427311e+01
      vertex   -2.000000e+02 -8.195061e+01 8.828553e+01
    endloop
  endfacet
  facet normal -1.000000e+00 0.000000e+00 -0.000000e+00
    outer loop
      vertex   -2.000000e+02 -8.195061e+01 8.828553e+01
      vertex   -2.000000e+02 -8.142834e+01 8.427311e+01
      vertex   -2.000000e+02 -8.243997e+01 8.405621e+01
    endloop
  endfacet
  facet normal -1.000000e+00 0.000000e+00 0.000000e+00
    outer loop
      vertex   -2.000000e+02 -8.195061e+01 8.828553e+01
      vertex   -2.000000e+02 -8.243997e+01 8.405621e+01
      vertex   -2.000000e+02 -8.278473e+01 8.806203e+01
    endloop
  endfacet
  facet normal -1.000000e+00 0.000000e+00 -0.000000e+00
    outer loop
      vertex   -2.000000e+02 -8.278473e+01 8.806203e+01
      vertex   -2.000000e+02 -8.243997e+01 8.405621e+01
      vertex   -2.000000e+02 -8.346630e+01 8.392544e+01
    endloop
  endfacet
  facet normal -1.000000e+00 0.000000e+00 0.000000e+00
    outer loop
      vertex   -2.000000e+02 -8.278473e+01 8.806203e+01
      vertex   -2.000000e+02 -8.346630e+01 8.392544e+01
      vertex   -2.000000e+02 -8.363764e+01 8.792694e+01
    endloop
  endfacet
  facet normal -1.000000e+00 0.000000e+00 -0.000000e+00
    outer loop
      vertex   -2.000000e+02 -8.363764e+01 8.792694e+01
      vertex   -2.000000e+02 -8.346630e+01 8.392544e+01
      vertex   -2.000000e+02 -8.450000e+01 8.388175e+01
    endloop
  endfacet
  facet normal -1.000000e+00 0.000000e+00 0.000000e+00
    outer loop
      vertex   -2.000000e+02 -8.363764e+01 8.792694e+01
      vertex   -2.000000e+02 -8.450000e+01 8.388175e+01
      vertex   -2.000000e+02 -8.450000e+01 8.788175e+01
    endloop
  endfacet
  facet normal -1.000000e+00 0.000000e+00 0.000000e+00
    outer loop
      vertex   -2.000000e+02 -7.410156e+01 8.965604e+01
      vertex   -2.000000e+02 -7.400133e+01 1.024437e+02
      vertex   -2.000000e+02 -7.359220e+01 9.055659e+01
    endloop
  endfacet
  facet normal -1.000000e+00 0.000000e+00 0.000000e+00
    outer loop
      vertex   -2.000000e+02 -7.359220e+01 9.055659e+01
      vertex   -2.000000e+02 -7.400133e+01 1.024437e+02
      vertex   -2.000000e+02 -7.350615e+01 1.015352e+02
    endloop
  endfacet
  facet normal -1.000000e+00 0.000000e+00 0.000000e+00
    outer loop
      vertex   -2.000000e+02 -7.359220e+01 9.055659e+01
      vertex   -2.000000e+02 -7.350615e+01 1.015352e+02
      vertex   -2.000000e+02 -7.316065e+01 9.149692e+01
    endloop
  endfacet
  facet normal -1.000000e+00 0.000000e+00 0.000000e+00
    outer loop
      vertex   -2.000000e+02 -7.316065e+01 9.149692e+01
      vertex   -2.000000e+02 -7.350615e+01 1.015352e+02
      vertex   -2.000000e+02 -7.308939e+01 1.005883e+02
    endloop
  endfacet
  facet normal -1.000000e+00 0.000000e+00 0.000000e+00
    outer loop
      vertex   -2.000000e+02 -7.316065e+01 9.149692e+01
      vertex   -2.000000e+02 -7.308939e+01 1.005883e+02
      vertex   -2.000000e+02 -7.280999e+01 9.247031e+01
    endloop
  endfacet
  facet normal -1.000000e+00 0.000000e+00 0.000000e+00
    outer loop
      vertex   -2.000000e+02 -7.280999e+01 9.247031e+01
      vertex   -2.000000e+02 -7.308939e+01 1.005883e+02
      vertex   -2.000000e+02 -7.275403e+01 9.960950e+01
    endloop
  endfacet
  facet normal -1.000000e+00 0.000000e+00 0.000000e+00
    outer loop
      vertex   -2.000000e+02 -7.280999e+01 9.247031e+01
      vertex   -2.000000e+02 -7.275403e+01 9.960950e+01
      vertex   -2.000000e+02 -7.254272e+01 9.346982e+01
    endloop
  endfacet
  facet normal -1.000000e+00 0.000000e+00 0.000000e+00
    outer loop
      vertex   -2.000000e+02 -7.254272e+01 9.346982e+01
      vertex   -2.000000e+02 -7.275403e+01 9.960950e+01
      vertex   -2.000000e+02 -7.250246e+01 9.860593e+01
    endloop
  endfacet
  facet normal -1.000000e+00 0.000000e+00 0.000000e+00
    outer loop
      vertex   -2.000000e+02 -7.254272e+01 9.346982e+01
      vertex   -2.000000e+02 -7.250246e+01 9.860593e+01
      vertex   -2.000000e+02 -7.236074e+01 9.448831e+01
    endloop
  endfacet
  facet normal -1.000000e+00 0.000000e+00 0.000000e+00
    outer loop
      vertex   -2.000000e+02 -7.236074e+01 9.448831e+01
      vertex   -2.000000e+02 -7.250246e+01 9.860593e+01
      vertex   -2.000000e+02 -7.233647e+01 9.758471e+01
    endloop
  endfacet
  facet normal -1.000000e+00 0.000000e+00 0.000000e+00
    outer loop
      vertex   -2.000000e+02 -7.236074e+01 9.448831e+01
      vertex   -2.000000e+02 -7.233647e+01 9.758471e+01
      vertex   -2.000000e+02 -7.226536e+01 9.551853e+01
    endloop
  endfacet
  facet normal -1.000000e+00 0.000000e+00 0.000000e+00
    outer loop
      vertex   -2.000000e+02 -7.226536e+01 9.551853e+01
      vertex   -2.000000e+02 -7.233647e+01 9.758471e+01
      vertex   -2.000000e+02 -7.225725e+01 9.655312e+01
    endloop
  endfacet
  facet normal -1.000000e+00 0.000000e+00 0.000000e+00
    outer loop
      vertex   -2.000000e+02 -7.643028e+01 9.784702e+01
      vertex   -2.000000e+02 -7.665378e+01 9.868114e+01
      vertex   -2.000000e+02 -7.521229e+01 1.041193e+02
    endloop
  endfacet
  facet normal -1.000000e+00 0.000000e+00 0.000000e+00
    outer loop
      vertex   -2.000000e+02 -7.521229e+01 1.041193e+02
      vertex   -2.000000e+02 -7.665378e+01 9.868114e+01
      vertex   -2.000000e+02 -7.696325e+01 9.948733e+01
    endloop
  endfacet
  facet normal -1.000000e+00 0.000000e+00 0.000000e+00
    outer loop
      vertex   -2.000000e+02 -7.521229e+01 1.041193e+02
      vertex   -2.000000e+02 -7.696325e+01 9.948733e+01
      vertex   -2.000000e+02 -7.735529e+01 1.002567e+02
    endloop
  endfacet
  facet normal -1.000000e+00 0.000000e+00 0.000000e+00
    outer loop
      vertex   -2.000000e+02 -7.735529e+01 1.002567e+02
      vertex   -2.000000e+02 -7.782561e+01 1.009810e+02
      vertex   -2.000000e+02 -7.521229e+01 1.041193e+02
    endloop
  endfacet
  facet normal -1.000000e+00 0.000000e+00 0.000000e+00
    outer loop
      vertex   -2.000000e+02 -7.897967e+01 1.022627e+02
      vertex   -2.000000e+02 -7.965077e+01 1.028061e+02
      vertex   -2.000000e+02 -8.050000e+01 1.140640e+02
    endloop
  endfacet
  facet normal -1.000000e+00 0.000000e+00 0.000000e+00
    outer loop
      vertex   -2.000000e+02 -8.050000e+01 1.140640e+02
      vertex   -2.000000e+02 -7.965077e+01 1.028061e+02
      vertex   -2.000000e+02 -8.037500e+01 1.032765e+02
    endloop
  endfacet
  facet normal -1.000000e+00 0.000000e+00 -0.000000e+00
    outer loop
      vertex   -2.000000e+02 -8.050000e+01 1.140640e+02
      vertex   -2.000000e+02 -8.037500e+01 1.032765e+02
      vertex   -2.000000e+02 -8.114442e+01 1.036685e+02
    endloop
  endfacet
  facet normal -1.000000e+00 0.000000e+00 0.000000e+00
    outer loop
      vertex   -2.000000e+02 -8.218259e+01 1.097733e+02
      vertex   -2.000000e+02 -8.438295e+01 1.139116e+02
      vertex   -2.000000e+02 -8.218259e+01 1.284902e+02
    endloop
  endfacet
endsolid
